3,0,240,663,-3,5,631,1,2,656,-2,3,636,-2,4,685,0,4,677,-2,1,666,-3,3,675,1,4
3,0,240,657,-3,5,629,1,2,652,-2,3,632,-2,4,681,0,4,676,-2,1,663,-3,3,671,1,4
3,0,240,652,-3,5,627,1,2,649,-2,3,628,-2,4,677,0,4,676,-2,1,659,-3,3,667,1,4
3,0,240,646,-3,5,625,1,2,646,-2,3,624,-2,4,673,0,4,675,-2,1,656,-3,3,663,1,4
3,0,240,641,-3,5,623,1,2,642,-2,3,621,-2,4,669,0,4,674,-2,1,652,-3,3,659,1,4
3,0,240,635,-3,5,621,1,2,639,-2,3,617,-2,4,665,0,4,673,-2,1,649,-3,3,655,1,4
3,0,240,629,-3,5,619,1,2,635,-2,3,613,-2,4,661,0,4,672,-2,1,645,-3,3,651,1,4
3,0,240,624,-3,5,617,1,2,632,-2,3,609,-2,4,657,0,4,671,-2,1,642,-3,3,647,1,4
3,0,240,618,-3,5,615,1,2,628,-2,3,606,-2,4,653,0,4,670,-2,1,638,-3,3,643,1,4
3,0,240,612,-3,5,613,1,2,625,-2,3,602,-2,4,649,0,4,670,-2,1,635,-3,3,639,1,4
3,0,240,607,-3,5,611,1,2,622,-2,3,598,-2,4,645,0,4,669,-2,1,631,-3,3,635,1,4
3,0,240,601,-3,5,609,1,2,618,-2,3,595,-2,4,641,0,4,668,-2,1,628,-3,3,631,1,4
3,0,240,596,-3,5,607,1,2,615,-2,3,591,-2,4,637,0,4,667,-2,1,624,-3,3,628,1,4
3,0,240,590,-3,5,606,1,2,611,-2,3,587,-2,4,633,0,4,666,-2,1,621,-3,3,624,1,4
3,0,240,584,-3,5,604,1,2,608,-2,3,584,-2,4,629,0,4,666,-2,1,618,-3,3,620,1,4
3,0,240,579,-3,5,602,1,2,605,-2,3,580,-2,4,625,0,4,665,-2,1,614,-3,3,616,1,4
3,0,240,573,-3,5,600,1,2,601,-2,3,576,-2,4,621,0,4,664,-2,1,611,-3,3,612,1,4
3,0,240,568,-3,5,598,1,2,598,-2,3,573,-2,4,617,0,4,663,-2,1,607,-3,3,608,1,4
3,0,240,562,-3,5,596,1,2,594,-2,3,569,-2,4,613,0,4,662,-2,1,604,-3,3,604,1,4
3,0,240,556,-3,5,594,1,2,591,-2,3,565,-2,4,609,0,4,662,-2,1,600,-3,3,600,1,4
0,-8,232,553,-3,5,592,1,2,590,-2,3,560,-2,4,605,0,4,660,-2,1,598,-3,3,597,1,4
0,-8,224,549,-3,5,591,1,2,588,-2,3,556,-2,4,600,0,4,658,-2,1,596,-3,3,594,1,4
4,-8,216,546,-3,5,590,1,2,587,-2,3,551,-2,4,596,0,4,657,-2,1,594,-3,3,591,1,4
0,-8,208,542,-3,5,589,1,2,586,-2,3,546,-2,4,592,0,4,655,-2,1,592,-3,3,588,1,4
0,-8,200,539,-3,5,588,1,2,584,-2,3,541,-2,4,588,0,4,654,-2,1,590,-3,3,586,1,4
4,-8,192,536,-3,5,587,1,2,583,-2,3,536,-2,4,584,0,4,652,-2,1,588,-3,3,584,1,4
0,-8,184,533,-3,5,587,1,2,582,-2,3,532,-2,4,580,0,4,651,-2,1,586,-3,3,581,1,4
0,-8,176,529,-3,5,586,1,2,581,-2,3,527,-2,4,577,0,4,650,-2,1,584,-3,3,579,1,4
4,-8,168,526,-3,5,586,1,2,580,-2,3,523,-2,4,573,0,4,648,-2,1,582,-3,3,577,1,4
0,-8,160,523,-3,5,586,1,2,580,-2,3,518,-2,4,570,0,4,647,-2,1,580,-3,3,576,1,4
0,-8,152,521,-3,5,586,1,2,579,-2,3,514,-2,4,566,0,4,646,-2,1,578,-3,3,574,1,4
0,-8,144,518,-3,5,586,1,2,578,-2,3,510,-2,4,563,0,4,645,-2,1,577,-3,3,573,1,4
0,-8,136,515,-3,5,586,1,2,578,-2,3,505,-2,4,560,0,4,644,-2,1,575,-3,3,571,1,4
4,-8,128,512,-3,5,586,1,2,577,-2,3,501,-2,4,557,0,4,643,-2,1,573,-3,3,570,1,4
0,-8,120,510,-3,5,587,1,2,577,-2,3,497,-2,4,554,0,4,642,-2,1,572,-3,3,569,1,4
0,-8,112,507,-3,5,588,1,2,576,-2,3,493,-2,4,552,0,4,641,-2,1,570,-3,3,568,1,4
4,-8,104,505,-3,5,589,1,2,576,-2,3,489,-2,4,549,0,4,640,-2,1,569,-3,3,568,1,4
0,-8,96,503,-3,5,589,1,2,576,-2,3,485,-2,4,547,0,4,640,-2,1,567,-3,3,567,1,4
0,-8,88,500,-3,5,591,1,2,576,-2,3,481,-2,4,544,0,4,639,-2,1,566,-3,3,567,1,4
4,-8,80,498,-3,5,592,1,2,576,-2,3,478,-2,4,542,0,4,638,-2,1,565,-3,3,567,1,4
0,-8,72,496,-3,5,593,1,2,576,-2,3,474,-2,4,540,0,4,638,-2,1,564,-3,3,567,1,4
0,-8,64,494,-3,5,595,1,2,576,-2,3,470,-2,4,539,0,4,637,-2,1,562,-3,3,568,1,4
2,0,64,489,-3,5,593,1,2,572,-2,3,466,-2,4,535,0,4,636,-2,1,559,-3,3,564,1,4
2,0,64,483,-3,5,592,1,2,569,-2,3,462,-2,4,531,0,4,635,-2,1,555,-3,3,561,1,4
3,0,64,477,-3,5,590,1,2,565,-2,3,458,-2,4,527,0,4,634,-2,1,551,-3,3,558,1,4
5,8,72,467,-3,5,586,1,2,558,-2,3,453,-2,4,521,0,4,632,-2,1,545,-3,3,551,1,4
1,8,80,458,-3,5,581,1,2,551,-2,3,449,-2,4,515,0,4,631,-2,1,538,-3,3,545,1,4
1,8,88,448,-3,5,577,1,2,543,-2,3,445,-2,4,509,0,4,629,-2,1,532,-3,3,538,1,4
1,8,96,439,-3,5,573,1,2,537,-2,3,441,-2,4,504,0,4,628,-2,1,526,-3,3,532,1,4
5,8,104,430,-3,5,568,1,2,530,-2,3,438,-2,4,498,0,4,627,-2,1,521,-3,3,525,1,4
1,8,112,420,-3,5,564,1,2,523,-2,3,434,-2,4,493,0,4,626,-2,1,515,-3,3,518,1,4
1,8,120,412,-3,5,560,1,2,516,-2,3,431,-2,4,487,0,4,625,-2,1,510,-3,3,512,1,4
5,8,128,403,-3,5,556,1,2,510,-2,3,428,-2,4,482,0,4,625,-2,1,505,-3,3,506,1,4
1,8,136,394,-3,5,552,1,2,504,-2,3,425,-2,4,477,0,4,624,-2,1,500,-3,3,499,1,4
1,8,144,386,-3,5,548,1,2,497,-2,3,423,-2,4,472,0,4,624,-2,1,495,-3,3,493,1,4
5,8,152,378,-3,5,544,1,2,491,-2,3,421,-2,4,624,-2,1,491,-3,3,487,1,4,637,-3,1
1,8,160,370,-3,5,540,1,2,486,-2,3,419,-2,4,624,-2,1,487,-3,3,480,1,4,635,-3,1
1,8,168,362,-3,5,536,1,2,480,-2,3,417,-2,4,625,-2,1,483,-3,3,474,1,4,634,-3,1
1,8,176,354,-3,5,532,1,2,474,-2,3,416,-2,4,625,-2,1,479,-3,3,468,1,4,632,-3,1
5,8,184,347,-3,5,528,1,2,469,-2,3,415,-2,4,626,-2,1,462,1,4,631,-3,1,703,-3,6
1,8,192,340,-3,5,525,1,2,464,-2,3,414,-2,4,626,-2,1,456,1,4,630,-3,1,699,-3,6
1,8,200,333,-3,5,521,1,2,459,-2,3,414,-2,4,627,-2,1,450,1,4,629,-3,1,696,-3,6
5,8,208,327,-3,5,518,1,2,454,-2,3,414,-2,4,628,-2,1,444,1,4,628,-3,1,694,-3,6
1,8,216,321,-3,5,515,1,2,449,-2,3,629,-2,1,438,1,4,628,-3,1,691,-3,6,675,1,1
1,8,224,315,-3,5,511,1,2,444,-2,3,631,-2,1,433,1,4,628,-3,1,689,-3,6,673,1,1
1,8,232,310,-3,5,508,1,2,440,-2,3,632,-2,1,427,1,4,628,-3,1,687,-3,6,670,1,1
5,8,240,305,-3,5,505,1,2,436,-2,3,634,-2,1,422,1,4,628,-3,1,685,-3,6,668,1,1
1,8,248,301,-3,5,502,1,2,432,-2,3,636,-2,1,416,1,4,628,-3,1,683,-3,6,666,1,1
1,8,256,296,-3,5,499,1,2,429,-2,3,638,-2,1,411,1,4,629,-3,1,682,-3,6,664,1,1
5,8,264,293,-3,5,496,1,2,425,-2,3,640,-2,1,405,1,4,629,-3,1,680,-3,6,662,1,1
1,8,272,290,-3,5,494,1,2,422,-2,3,642,-2,1,400,1,4,630,-3,1,679,-3,6,660,1,1
1,8,280,287,-3,5,491,1,2,419,-2,3,645,-2,1,395,1,4,631,-3,1,679,-3,6,658,1,1
5,8,288,285,-3,5,488,1,2,416,-2,3,647,-2,1,390,1,4,633,-3,1,678,-3,6,657,1,1
1,8,296,283,-3,5,486,1,2,414,-2,3,650,-2,1,385,1,4,634,-3,1,678,-3,6,655,1,1
1,8,304,282,-3,5,484,1,2,412,-2,3,653,-2,1,380,1,4,636,-3,1,678,-3,6,653,1,1
1,8,312,481,1,2,410,-2,3,656,-2,1,376,1,4,638,-3,1,678,-3,6,652,1,1,632,2,5
5,8,320,479,1,2,408,-2,3,659,-2,1,371,1,4,689,-3,5,650,1,1,628,2,5,648,1,4
1,8,328,477,1,2,407,-2,3,662,-2,1,367,1,4,684,-3,5,649,1,1,623,2,5,645,1,4
1,8,336,475,1,2,405,-2,3,666,-2,1,362,1,4,680,-3,5,648,1,1,618,2,5,641,1,4
5,8,344,473,1,2,404,-2,3,669,-2,1,358,1,4,677,-3,5,646,1,1,614,2,5,638,1,4
1,8,352,471,1,2,404,-2,3,673,-2,1,354,1,4,673,-3,5,645,1,1,609,2,5,635,1,4
1,8,360,470,1,2,403,-2,3,677,-2,1,350,1,4,670,-3,5,644,1,1,605,2,5,631,1,4
1,8,368,468,1,2,403,-2,3,681,-2,1,346,1,4,666,-3,5,643,1,1,600,2,5,628,1,4
5,8,376,467,1,2,404,-2,3,685,-2,1,343,1,4,664,-3,5,642,1,1,596,2,5,625,1,4
1,8,384,465,1,2,404,-2,3,689,-2,1,339,1,4,661,-3,5,641,1,1,592,2,5,622,1,4
1,8,392,464,1,2,405,-2,3,694,-2,1,336,1,4,658,-3,5,640,1,1,588,2,5,620,1,4
5,8,400,463,1,2,406,-2,3,698,-2,1,333,1,4,656,-3,5,640,1,1,584,2,5,617,1,4
1,8,408,462,1,2,407,-2,3,330,1,4,654,-3,5,639,1,1,580,2,5,614,1,4,731,0,1
1,8,416,461,1,2,408,-2,3,327,1,4,652,-3,5,638,1,1,576,2,5,612,1,4,734,0,1
2,0,416,459,1,2,323,1,4,648,-3,5,637,1,1,570,2,5,608,1,4,733,0,1,791,0,2
2,0,416,457,1,2,319,1,4,644,-3,5,636,1,1,565,2,5,603,1,4,732,0,1,789,0,2
2,0,416,455,1,2,314,1,4,640,-3,5,635,1,1,560,2,5,599,1,4,731,0,1,787,0,2
0,-8,408,452,1,2,309,1,4,634,-3,5,634,1,1,553,2,5,594,1,4,726,0,1,782,0,2
4,-8,400,448,1,2,304,1,4,627,-3,5,632,1,1,547,2,5,588,1,4,722,0,1,776,0,2
0,-8,392,445,1,2,299,1,4,621,-3,5,631,1,1,541,2,5,583,1,4,717,0,1,770,0,2
0,-8,384,443,1,2,294,1,4,615,-3,5,630,1,1,535,2,5,577,1,4,765,0,2,698,-1,7
0,-8,376,440,1,2,290,1,4,609,-3,5,629,1,1,529,2,5,572,1,4,759,0,2,689,-1,7
4,-8,368,437,1,2,286,1,4,603,-3,5,628,1,1,523,2,5,567,1,4,754,0,2,680,-1,7
0,-8,360,435,1,2,597,-3,5,627,1,1,518,2,5,562,1,4,749,0,2,671,-1,7,675,2,7
0,-8,352,433,1,2,591,-3,5,627,1,1,512,2,5,557,1,4,743,0,2,662,-1,7,666,2,7
4,-8,344,431,1,2,585,-3,5,626,1,1,507,2,5,552,1,4,738,0,2,656,2,7,708,1,7
0,-8,336,429,1,2,578,-3,5,626,1,1,502,2,5,548,1,4,733,0,2,647,2,7,699,1,7
0,-8,328,428,1,2,572,-3,5,626,1,1,497,2,5,543,1,4,728,0,2,638,2,7,689,1,7
0,-8,320,426,1,2,566,-3,5,626,1,1,493,2,5,539,1,4,723,0,2,628,2,7,680,1,7
4,-8,312,425,1,2,560,-3,5,626,1,1,488,2,5,535,1,4,717,0,2,619,2,7,671,1,7
0,-8,304,424,1,2,554,-3,5,626,1,1,484,2,5,531,1,4,712,0,2,744,1,1,704,-2,4
0,-8,296,424,1,2,549,-3,5,626,1,1,480,2,5,527,1,4,708,0,2,739,1,1,698,-2,4
0,-8,288,423,1,2,543,-3,5,627,1,1,477,2,5,524,1,4,703,0,2,735,1,1,693,-2,4
4,-8,280,423,1,2,537,-3,5,627,1,1,473,2,5,520,1,4,698,0,2,731,1,1,688,-2,4
0,-8,272,422,1,2,531,-3,5,628,1,1,470,2,5,517,1,4,693,0,2,727,1,1,683,-2,4
0,-8,264,423,1,2,525,-3,5,629,1,1,467,2,5,513,1,4,688,0,2,723,1,1,678,-2,4
4,-8,256,423,1,2,519,-3,5,630,1,1,464,2,5,510,1,4,684,0,2,719,1,1,673,-2,4
0,-8,248,423,1,2,514,-3,5,631,1,1,462,2,5,679,0,2,715,1,1,668,-2,4,666,-1,2
0,-8,240,508,-3,5,632,1,1,460,2,5,675,0,2,712,1,1,663,-2,4,664,-1,2,710,2,4
0,-8,232,502,-3,5,633,1,1,458,2,5,670,0,2,708,1,1,658,-2,4,661,-1,2,703,2,4
0,-8,224,497,-3,5,635,1,1,456,2,5,666,0,2,705,1,1,654,-2,4,659,-1,2,696,2,4
4,-8,216,491,-3,5,636,1,1,455,2,5,662,0,2,701,1,1,649,-2,4,657,-1,2,690,2,4
0,-8,208,485,-3,5,638,1,1,658,0,2,698,1,1,644,-2,4,654,-1,2,684,2,4,718,-3,6
0,-8,200,480,-3,5,640,1,1,654,0,2,695,1,1,639,-2,4,652,-1,2,678,2,4,711,-3,6
0,-8,192,474,-3,5,642,1,1,650,0,2,692,1,1,635,-2,4,650,-1,2,671,2,4,704,-3,6
4,-8,184,469,-3,5,644,1,1,646,0,2,689,1,1,630,-2,4,648,-1,2,665,2,4,696,-3,6
0,-8,176,463,-3,5,646,1,1,642,0,2,686,1,1,626,-2,4,646,-1,2,660,2,4,689,-3,6
0,-8,168,458,-3,5,649,1,1,638,0,2,683,1,1,621,-2,4,644,-1,2,654,2,4,682,-3,6
4,-8,160,453,-3,5,651,1,1,634,0,2,680,1,1,617,-2,4,642,-1,2,648,2,4,675,-3,6
0,-8,152,448,-3,5,654,1,1,631,0,2,678,1,1,612,-2,4,641,-1,2,643,2,4,668,-3,6
0,-8,144,442,-3,5,656,1,1,627,0,2,675,1,1,608,-2,4,639,-1,2,637,2,4,661,-3,6
0,-8,136,437,-3,5,659,1,1,624,0,2,673,1,1,604,-2,4,637,-1,2,632,2,4,654,-3,6
4,-8,128,432,-3,5,662,1,1,620,0,2,671,1,1,599,-2,4,636,-1,2,627,2,4,647,-3,6
0,-8,120,427,-3,5,665,1,1,617,0,2,669,1,1,595,-2,4,634,-1,2,622,2,4,640,-3,6
0,-8,112,422,-3,5,668,1,1,614,0,2,667,1,1,591,-2,4,633,-1,2,617,2,4,711,-3,1
0,-8,104,417,-3,5,671,1,1,611,0,2,665,1,1,587,-2,4,632,-1,2,613,2,4,712,-3,1
4,-8,96,412,-3,5,675,1,1,608,0,2,663,1,1,583,-2,4,631,-1,2,608,2,4,714,-3,1
0,-8,88,407,-3,5,678,1,1,605,0,2,661,1,1,579,-2,4,629,-1,2,604,2,4,715,-3,1
0,-8,80,403,-3,5,682,1,1,602,0,2,660,1,1,575,-2,4,628,-1,2,600,2,4,716,-3,1
0,-8,72,398,-3,5,685,1,1,600,0,2,658,1,1,571,-2,4,628,-1,2,596,2,4,718,-3,1
4,-8,64,393,-3,5,689,1,1,597,0,2,657,1,1,568,-2,4,627,-1,2,592,2,4,719,-3,1
0,-8,56,389,-3,5,693,1,1,595,0,2,656,1,1,564,-2,4,626,-1,2,589,2,4,721,-3,1
0,-8,48,384,-3,5,697,1,1,592,0,2,655,1,1,560,-2,4,625,-1,2,585,2,4,722,-3,1
0,-8,40,380,-3,5,701,1,1,590,0,2,654,1,1,557,-2,4,625,-1,2,582,2,4,724,-3,1
2,0,40,375,-3,5,701,1,1,588,0,2,653,1,1,553,-2,4,622,-1,2,578,2,4,721,-3,1
2,0,40,369,-3,5,700,1,1,586,0,2,652,1,1,549,-2,4,620,-1,2,574,2,4,719,-3,1
3,0,40,364,-3,5,700,1,1,584,0,2,651,1,1,544,-2,4,618,-1,2,570,2,4,717,-3,1
5,8,48,358,-3,5,695,1,1,582,0,2,650,1,1,540,-2,4,614,-1,2,566,2,4,666,-1,5
1,8,56,352,-3,5,691,1,1,581,0,2,649,1,1,535,-2,4,611,-1,2,561,2,4,659,-1,5
1,8,64,347,-3,5,686,1,1,579,0,2,648,1,1,531,-2,4,607,-1,2,557,2,4,652,-1,5
1,8,72,342,-3,5,682,1,1,578,0,2,647,1,1,527,-2,4,604,-1,2,553,2,4,645,-1,5
5,8,80,337,-3,5,677,1,1,577,0,2,646,1,1,523,-2,4,601,-1,2,548,2,4,637,-1,5
1,8,88,333,-3,5,673,1,1,575,0,2,646,1,1,519,-2,4,598,-1,2,544,2,4,630,-1,5
1,8,96,329,-3,5,668,1,1,574,0,2,645,1,1,516,-2,4,595,-1,2,540,2,4,623,-1,5
5,8,104,326,-3,5,664,1,1,573,0,2,644,1,1,513,-2,4,592,-1,2,536,2,4,617,-1,5
1,8,112,323,-3,5,660,1,1,572,0,2,644,1,1,509,-2,4,589,-1,2,532,2,4,610,-1,5
1,8,120,320,-3,5,655,1,1,572,0,2,643,1,1,507,-2,4,587,-1,2,528,2,4,603,-1,5
1,8,128,651,1,1,571,0,2,643,1,1,504,-2,4,584,-1,2,524,2,4,596,-1,5,693,-2,2
5,8,136,647,1,1,571,0,2,643,1,1,501,-2,4,582,-1,2,520,2,4,590,-1,5,689,-2,2
1,8,144,643,1,1,570,0,2,643,1,1,499,-2,4,580,-1,2,517,2,4,584,-1,5,685,-2,2
1,8,152,639,1,1,570,0,2,642,1,1,497,-2,4,578,-1,2,513,2,4,681,-2,2,732,-1,5
1,8,160,635,1,1,570,0,2,642,1,1,495,-2,4,576,-1,2,509,2,4,677,-2,2,724,-1,5
5,8,168,631,1,1,570,0,2,642,1,1,494,-2,4,574,-1,2,506,2,4,717,-1,5,683,-3,1
1,8,176,627,1,1,570,0,2,642,1,1,492,-2,4,573,-1,2,502,2,4,709,-1,5,684,-3,1
1,8,184,623,1,1,570,0,2,643,1,1,491,-2,4,571,-1,2,701,-1,5,684,-3,1,684,-2,2
1,8,192,619,1,1,571,0,2,643,1,1,490,-2,4,570,-1,2,694,-1,5,685,-3,1,681,-2,2
5,8,200,615,1,1,571,0,2,643,1,1,490,-2,4,569,-1,2,686,-1,5,686,-3,1,642,2,7
1,8,208,612,1,1,572,0,2,644,1,1,489,-2,4,568,-1,2,679,-1,5,688,-3,1,635,2,7
1,8,216,608,1,1,572,0,2,644,1,1,489,-2,4,567,-1,2,672,-1,5,689,-3,1,628,2,7
1,8,224,604,1,1,573,0,2,645,1,1,489,-2,4,566,-1,2,665,-1,5,691,-3,1,666,0,2
5,8,232,601,1,1,574,0,2,645,1,1,490,-2,4,566,-1,2,658,-1,5,693,-3,1,663,0,2
1,8,240,597,1,1,575,0,2,646,1,1,490,-2,4,565,-1,2,650,-1,5,694,-3,1,660,0,2
1,8,248,594,1,1,576,0,2,647,1,1,491,-2,4,565,-1,2,644,-1,5,697,-3,1,657,0,2
1,8,256,591,1,1,578,0,2,648,1,1,492,-2,4,637,-1,5,699,-3,1,654,0,2,650,1,2
5,8,264,588,1,1,579,0,2,649,1,1,630,-1,5,701,-3,1,651,0,2,647,1,2,650,-2,2
1,8,272,584,1,1,581,0,2,650,1,1,623,-1,5,704,-3,1,648,0,2,644,1,2,713,-2,2
1,8,280,581,1,1,582,0,2,651,1,1,617,-1,5,707,-3,1,645,0,2,641,1,2,714,-2,2
1,8,288,578,1,1,584,0,2,652,1,1,610,-1,5,710,-3,1,643,0,2,638,1,2,716,-2,2
5,8,296,698,1,6,586,0,2,653,1,1,604,-1,5,713,-3,1,640,0,2,635,1,2,717,-2,2
1,8,304,693,1,6,588,0,2,655,1,1,598,-1,5,716,-3,1,638,0,2,633,1,2,719,-2,2
1,8,312,688,1,6,590,0,2,656,1,1,592,-1,5,720,-3,1,635,0,2,630,1,2,721,-2,2
1,8,320,684,1,6,592,0,2,658,1,1,586,-1,5,723,-3,1,633,0,2,627,1,2,723,-2,2
5,8,328,679,1,6,594,0,2,659,1,1,580,-1,5,727,-3,1,631,0,2,625,1,2,726,-2,2
1,8,336,675,1,6,597,0,2,574,-1,5,731,-3,1,629,0,2,622,1,2,728,-2,2,683,1,3
1,8,344,671,1,6,568,-1,5,735,-3,1,627,0,2,620,1,2,731,-2,2,682,1,3,637,1,4
1,8,352,666,1,6,563,-1,5,739,-3,1,625,0,2,618,1,2,733,-2,2,681,1,3,633,1,4
5,8,360,662,1,6,557,-1,5,743,-3,1,624,0,2,615,1,2,736,-2,2,680,1,3,629,1,4
1,8,368,658,1,6,552,-1,5,748,-3,1,622,0,2,613,1,2,739,-2,2,680,1,3,626,1,4
1,8,376,655,1,6,547,-1,5,752,-3,1,620,0,2,611,1,2,742,-2,2,679,1,3,622,1,4
1,8,384,651,1,6,542,-1,5,757,-3,1,619,0,2,609,1,2,746,-2,2,679,1,3,618,1,4
5,8,392,647,1,6,537,-1,5,762,-3,1,618,0,2,607,1,2,749,-2,2,678,1,3,615,1,4
1,8,400,644,1,6,533,-1,5,767,-3,1,617,0,2,605,1,2,752,-2,2,678,1,3,611,1,4
1,8,408,640,1,6,528,-1,5,772,-3,1,616,0,2,603,1,2,756,-2,2,678,1,3,608,1,4
5,8,416,637,1,6,524,-1,5,777,-3,1,615,0,2,602,1,2,760,-2,2,678,1,3,605,1,4
1,8,424,634,1,6,520,-1,5,782,-3,1,614,0,2,600,1,2,764,-2,2,678,1,3,602,1,4
1,8,432,630,1,6,516,-1,5,788,-3,1,613,0,2,599,1,2,767,-2,2,678,1,3,599,1,4
3,0,432,625,1,6,511,-1,5,789,-3,1,611,0,2,597,1,2,767,-2,2,675,1,3,595,1,4
2,0,432,619,1,6,506,-1,5,685,-3,3,609,0,2,594,1,2,766,-2,2,671,1,3,590,1,4
2,0,432,613,1,6,501,-1,5,684,-3,3,607,0,2,592,1,2,766,-2,2,668,1,3,586,1,4
0,-8,424,604,1,6,495,-1,5,679,-3,3,604,0,2,590,1,2,761,-2,2,662,1,3,581,1,4
0,-8,416,595,1,6,490,-1,5,675,-3,3,601,0,2,587,1,2,756,-2,2,656,1,3,576,1,4
4,-8,408,586,1,6,484,-1,5,670,-3,3,598,0,2,585,1,2,751,-2,2,649,1,3,571,1,4
0,-8,400,577,1,6,478,-1,5,666,-3,3,595,0,2,583,1,2,746,-2,2,643,1,3,567,1,4
0,-8,392,569,1,6,473,-1,5,661,-3,3,592,0,2,581,1,2,741,-2,2,637,1,3,562,1,4
0,-8,384,560,1,6,468,-1,5,657,-3,3,589,0,2,579,1,2,736,-2,2,631,1,3,558,1,4
4,-8,376,552,1,6,462,-1,5,652,-3,3,587,0,2,577,1,2,731,-2,2,625,1,3,553,1,4
0,-8,368,544,1,6,457,-1,5,648,-3,3,584,0,2,576,1,2,726,-2,2,620,1,3,549,1,4
0,-8,360,535,1,6,452,-1,5,644,-3,3,582,0,2,574,1,2,756,-2,3,614,1,3,545,1,4
0,-8,352,447,-1,5,639,-3,3,579,0,2,573,1,2,751,-2,3,608,1,3,541,1,4,638,-3,5
4,-8,344,442,-1,5,635,-3,3,577,0,2,572,1,2,746,-2,3,603,1,3,537,1,4,632,-3,5
0,-8,336,437,-1,5,575,0,2,571,1,2,741,-2,3,534,1,4,627,-3,5,684,-2,7,643,-2,4
0,-8,328,433,-1,5,573,0,2,570,1,2,735,-2,3,530,1,4,621,-3,5,675,-2,7,638,-2,4
0,-8,320,428,-1,5,571,0,2,569,1,2,730,-2,3,527,1,4,616,-3,5,667,-2,7,634,-2,4
4,-8,312,424,-1,5,569,0,2,569,1,2,725,-2,3,524,1,4,610,-3,5,659,-2,7,629,-2,4
0,-8,304,568,0,2,568,1,2,720,-2,3,521,1,4,605,-3,5,650,-2,7,625,-2,4,645,-3,2
0,-8,296,566,0,2,568,1,2,715,-2,3,518,1,4,599,-3,5,642,-2,7,620,-2,4,644,-3,2
4,-8,288,565,0,2,568,1,2,710,-2,3,516,1,4,594,-3,5,634,-2,7,616,-2,4,643,-3,2
0,-8,280,563,0,2,568,1,2,705,-2,3,513,1,4,589,-3,5,626,-2,7,612,-2,4,642,-3,2
0,-8,272,562,0,2,568,1,2,700,-2,3,511,1,4,618,-2,7,607,-2,4,641,-3,2,686,-1,3
0,-8,264,561,0,2,569,1,2,695,-2,3,509,1,4,610,-2,7,603,-2,4,640,-3,2,681,-1,3
0,-8,256,560,0,2,569,1,2,690,-2,3,507,1,4,602,-2,7,599,-2,4,639,-3,2,675,-1,3
4,-8,248,559,0,2,570,1,2,685,-2,3,505,1,4,594,-2,7,595,-2,4,638,-3,2,671,-1,3
0,-8,240,559,0,2,571,1,2,680,-2,3,504,1,4,586,-2,7,591,-2,4,638,-3,2,666,-1,3
0,-8,232,558,0,2,571,1,2,675,-2,3,503,1,4,578,-2,7,637,-3,2,661,-1,3,654,0,2
0,-8,224,558,0,2,573,1,2,670,-2,3,570,-2,7,636,-3,2,656,-1,3,650,0,2,681,0,4
4,-8,216,557,0,2,574,1,2,665,-2,3,562,-2,7,636,-3,2,651,-1,3,647,0,2,678,0,4
0,-8,208,557,0,2,575,1,2,660,-2,3,554,-2,7,635,-3,2,646,-1,3,643,0,2,675,0,4
0,-8,200,557,0,2,577,1,2,656,-2,3,546,-2,7,634,-3,2,642,-1,3,640,0,2,672,0,4
0,-8,192,557,0,2,578,1,2,651,-2,3,539,-2,7,634,-3,2,637,-1,3,636,0,2,668,0,4
4,-8,184,557,0,2,580,1,2,646,-2,3,531,-2,7,634,-3,2,633,-1,3,633,0,2,665,0,4
0,-8,176,558,0,2,582,1,2,641,-2,3,523,-2,7,633,-3,2,628,-1,3,630,0,2,663,0,4
0,-8,168,558,0,2,584,1,2,637,-2,3,516,-2,7,633,-3,2,624,-1,3,626,0,2,660,0,4
0,-8,160,558,0,2,586,1,2,632,-2,3,508,-2,7,632,-3,2,619,-1,3,623,0,2,657,0,4
4,-8,152,559,0,2,589,1,2,628,-2,3,501,-2,7,632,-3,2,615,-1,3,620,0,2,655,0,4
0,-8,144,560,0,2,591,1,2,623,-2,3,493,-2,7,632,-3,2,611,-1,3,617,0,2,652,0,4
0,-8,136,561,0,2,619,-2,3,486,-2,7,632,-3,2,607,-1,3,615,0,2,650,0,4,663,2,7
0,-8,128,562,0,2,614,-2,3,479,-2,7,632,-3,2,603,-1,3,612,0,2,648,0,4,634,1,1
4,-8,120,563,0,2,705,-2,6,471,-2,7,632,-3,2,599,-1,3,609,0,2,645,0,4,633,1,1
0,-8,112,564,0,2,701,-2,6,464,-2,7,632,-3,2,595,-1,3,607,0,2,643,0,4,632,1,1
0,-8,104,565,0,2,698,-2,6,457,-2,7,632,-3,2,591,-1,3,605,0,2,642,0,4,631,1,1
0,-8,96,567,0,2,694,-2,6,450,-2,7,632,-3,2,587,-1,3,602,0,2,640,0,4,630,1,1
4,-8,88,569,0,2,690,-2,6,443,-2,7,632,-3,2,583,-1,3,600,0,2,638,0,4,629,1,1
0,-8,80,570,0,2,687,-2,6,436,-2,7,632,-3,2,579,-1,3,598,0,2,637,0,4,629,1,1
0,-8,72,572,0,2,683,-2,6,429,-2,7,632,-3,2,576,-1,3,596,0,2,635,0,4,628,1,1
4,-8,64,574,0,2,680,-2,6,423,-2,7,632,-3,2,572,-1,3,594,0,2,634,0,4,628,1,1
0,-8,56,576,0,2,677,-2,6,416,-2,7,633,-3,2,569,-1,3,592,0,2,633,0,4,628,1,1
0,-8,48,674,-2,6,410,-2,7,633,-3,2,566,-1,3,591,0,2,632,0,4,628,1,1,719,0,5
0,-8,40,671,-2,6,403,-2,7,633,-3,2,562,-1,3,589,0,2,631,0,4,628,1,1,717,0,5
4,-8,32,668,-2,6,397,-2,7,634,-3,2,559,-1,3,588,0,2,630,0,4,628,1,1,716,0,5
2,0,32,661,-2,6,390,-2,7,631,-3,2,556,-1,3,586,0,2,627,0,4,627,1,1,711,0,5
2,0,32,655,-2,6,383,-2,7,627,-3,2,553,-1,3,584,0,2,623,0,4,626,1,1,706,0,5
3,0,32,649,-2,6,376,-2,7,624,-3,2,550,-1,3,582,0,2,619,0,4,625,1,1,702,0,5
5,8,40,639,-2,6,368,-2,7,618,-3,2,547,-1,3,579,0,2,612,0,4,623,1,1,694,0,5
1,8,48,630,-2,6,360,-2,7,611,-3,2,545,-1,3,577,0,2,606,0,4,622,1,1,687,0,5
1,8,56,620,-2,6,352,-2,7,605,-3,2,543,-1,3,574,0,2,599,0,4,620,1,1,679,0,5
1,8,64,345,-2,7,599,-3,2,540,-1,3,572,0,2,593,0,4,618,1,1,671,0,5,645,-3,6
5,8,72,338,-2,7,593,-3,2,538,-1,3,570,0,2,586,0,4,616,1,1,664,0,5,637,-3,6
1,8,80,331,-2,7,536,-1,3,568,0,2,580,0,4,615,1,1,656,0,5,630,-3,6,686,-1,1
1,8,88,325,-2,7,535,-1,3,566,0,2,573,0,4,613,1,1,649,0,5,624,-3,6,683,-1,1
1,8,96,533,-1,3,564,0,2,567,0,4,612,1,1,642,0,5,617,-3,6,679,-1,1,644,-3,5
1,8,104,532,-1,3,563,0,2,561,0,4,611,1,1,634,0,5,610,-3,6,676,-1,1,638,-3,5
5,8,112,530,-1,3,561,0,2,555,0,4,609,1,1,627,0,5,604,-3,6,673,-1,1,633,-3,5
1,8,120,529,-1,3,560,0,2,549,0,4,608,1,1,620,0,5,598,-3,6,670,-1,1,628,-3,5
1,8,128,528,-1,3,558,0,2,543,0,4,607,1,1,613,0,5,592,-3,6,667,-1,1,623,-3,5
5,8,136,528,-1,3,557,0,2,537,0,4,606,1,1,606,0,5,586,-3,6,664,-1,1,618,-3,5
1,8,144,527,-1,3,556,0,2,531,0,4,605,1,1,599,0,5,581,-3,6,661,-1,1,614,-3,5
1,8,152,527,-1,3,555,0,2,525,0,4,604,1,1,592,0,5,576,-3,6,658,-1,1,610,-3,5
1,8,160,526,-1,3,554,0,2,520,0,4,603,1,1,585,0,5,571,-3,6,656,-1,1,606,-3,5
5,8,168,526,-1,3,553,0,2,514,0,4,603,1,1,578,0,5,566,-3,6,654,-1,1,602,-3,5
1,8,176,526,-1,3,553,0,2,509,0,4,602,1,1,572,0,5,561,-3,6,651,-1,1,598,-3,5
1,8,184,527,-1,3,552,0,2,503,0,4,602,1,1,565,0,5,557,-3,6,649,-1,1,595,-3,5
1,8,192,527,-1,3,552,0,2,498,0,4,601,1,1,558,0,5,553,-3,6,647,-1,1,591,-3,5
1,8,200,528,-1,3,551,0,2,493,0,4,601,1,1,552,0,5,549,-3,6,645,-1,1,588,-3,5
5,8,208,528,-1,3,551,0,2,488,0,4,601,1,1,546,0,5,546,-3,6,586,-3,5,683,-2,5
1,8,216,529,-1,3,551,0,2,483,0,4,600,1,1,539,0,5,542,-3,6,583,-3,5,676,-2,5
1,8,224,530,-1,3,551,0,2,478,0,4,533,0,5,581,-3,5,669,-2,5,654,-1,3,688,1,5
1,8,232,532,-1,3,552,0,2,473,0,4,527,0,5,579,-3,5,662,-2,5,651,-1,3,685,1,5
5,8,240,533,-1,3,552,0,2,469,0,4,521,0,5,577,-3,5,655,-2,5,647,-1,3,681,1,5
1,8,248,535,-1,3,552,0,2,464,0,4,515,0,5,576,-3,5,648,-2,5,644,-1,3,678,1,5
1,8,256,537,-1,3,553,0,2,460,0,4,509,0,5,574,-3,5,642,-2,5,640,-1,3,675,1,5
1,8,264,539,-1,3,554,0,2,456,0,4,504,0,5,573,-3,5,636,-2,5,637,-1,3,672,1,5
1,8,272,541,-1,3,555,0,2,452,0,4,498,0,5,573,-3,5,629,-2,5,634,-1,3,669,1,5
5,8,280,543,-1,3,556,0,2,448,0,4,493,0,5,572,-3,5,623,-2,5,631,-1,3,666,1,5
1,8,288,557,0,2,444,0,4,487,0,5,617,-2,5,628,-1,3,664,1,5,645,0,7,664,1,4
1,8,296,558,0,2,441,0,4,482,0,5,612,-2,5,625,-1,3,661,1,5,639,0,7,661,1,4
5,8,304,559,0,2,437,0,4,477,0,5,606,-2,5,623,-1,3,658,1,5,633,0,7,658,1,4
1,8,312,561,0,2,434,0,4,472,0,5,600,-2,5,620,-1,3,656,1,5,628,0,7,655,1,4
1,8,320,562,0,2,431,0,4,467,0,5,595,-2,5,618,-1,3,654,1,5,622,0,7,653,1,4
1,8,328,564,0,2,428,0,4,463,0,5,590,-2,5,616,-1,3,651,1,5,617,0,7,650,1,4
5,8,336,566,0,2,425,0,4,458,0,5,585,-2,5,614,-1,3,649,1,5,612,0,7,647,1,4
1,8,344,568,0,2,423,0,4,454,0,5,580,-2,5,612,-1,3,647,1,5,607,0,7,645,1,4
1,8,352,570,0,2,420,0,4,450,0,5,576,-2,5,610,-1,3,646,1,5,603,0,7,642,1,4
1,8,360,572,0,2,418,0,4,446,0,5,571,-2,5,609,-1,3,644,1,5,598,0,7,640,1,4
5,8,368,574,0,2,416,0,4,442,0,5,567,-2,5,607,-1,3,642,1,5,593,0,7,638,1,4
1,8,376,576,0,2,414,0,4,438,0,5,563,-2,5,606,-1,3,641,1,5,589,0,7,636,1,4
1,8,384,579,0,2,412,0,4,434,0,5,559,-2,5,605,-1,3,639,1,5,585,0,7,634,1,4
1,8,392,411,0,4,431,0,5,555,-2,5,604,-1,3,638,1,5,581,0,7,632,1,4,685,-2,2
1,8,400,410,0,4,428,0,5,552,-2,5,603,-1,3,637,1,5,577,0,7,630,1,4,686,-2,2
5,8,408,408,0,4,425,0,5,548,-2,5,602,-1,3,635,1,5,574,0,7,628,1,4,687,-2,2
1,8,416,407,0,4,422,0,5,545,-2,5,602,-1,3,634,1,5,570,0,7,626,1,4,688,-2,2
1,8,424,407,0,4,420,0,5,543,-2,5,601,-1,3,634,1,5,567,0,7,625,1,4,689,-2,2
3,0,424,403,0,4,415,0,5,538,-2,5,599,-1,3,629,1,5,560,0,7,621,1,4,687,-2,2
2,0,424,399,0,4,410,0,5,534,-2,5,596,-1,3,624,1,5,554,0,7,617,1,4,686,-2,2
0,-8,416,393,0,4,403,0,5,527,-2,5,591,-1,3,544,0,7,610,1,4,682,-2,2,657,-1,6
0,-8,408,396,0,5,521,-2,5,586,-1,3,535,0,7,603,1,4,679,-2,2,651,-1,6,718,2,2
0,-8,400,389,0,5,515,-2,5,582,-1,3,525,0,7,597,1,4,675,-2,2,645,-1,6,713,2,2
4,-8,392,382,0,5,509,-2,5,577,-1,3,516,0,7,591,1,4,671,-2,2,639,-1,6,708,2,2
0,-8,384,376,0,5,503,-2,5,572,-1,3,584,1,4,668,-2,2,633,-1,6,703,2,2,676,-3,4
0,-8,376,369,0,5,497,-2,5,568,-1,3,578,1,4,664,-2,2,627,-1,6,698,2,2,671,-3,4
0,-8,368,363,0,5,491,-2,5,563,-1,3,572,1,4,661,-2,2,621,-1,6,693,2,2,665,-3,4
4,-8,360,485,-2,5,559,-1,3,566,1,4,657,-2,2,616,-1,6,688,2,2,660,-3,4,703,1,3
0,-8,352,480,-2,5,555,-1,3,560,1,4,654,-2,2,610,-1,6,684,2,2,655,-3,4,696,1,3
0,-8,344,474,-2,5,550,-1,3,554,1,4,650,-2,2,604,-1,6,679,2,2,650,-3,4,690,1,3
0,-8,336,468,-2,5,546,-1,3,549,1,4,647,-2,2,599,-1,6,675,2,2,645,-3,4,683,1,3
4,-8,328,462,-2,5,542,-1,3,543,1,4,644,-2,2,594,-1,6,671,2,2,639,-3,4,677,1,3
0,-8,320,457,-2,5,538,-1,3,538,1,4,640,-2,2,588,-1,6,666,2,2,671,1,3,656,-1,3
0,-8,312,534,-1,3,637,-2,2,583,-1,6,662,2,2,664,1,3,654,-1,3,650,-3,6,733,1,5
0,-8,304,530,-1,3,634,-2,2,578,-1,6,659,2,2,658,1,3,651,-1,3,644,-3,6,725,1,5
4,-8,296,526,-1,3,631,-2,2,573,-1,6,655,2,2,652,1,3,648,-1,3,639,-3,6,717,1,5
0,-8,288,523,-1,3,628,-2,2,568,-1,6,651,2,2,646,1,3,646,-1,3,633,-3,6,709,1,5
0,-8,280,519,-1,3,625,-2,2,564,-1,6,648,2,2,640,1,3,644,-1,3,628,-3,6,700,1,5
0,-8,272,515,-1,3,622,-2,2,559,-1,6,645,2,2,635,1,3,641,-1,3,622,-3,6,692,1,5
4,-8,264,512,-1,3,619,-2,2,554,-1,6,642,2,2,629,1,3,639,-1,3,617,-3,6,684,1,5
0,-8,256,509,-1,3,616,-2,2,550,-1,6,639,2,2,623,1,3,637,-1,3,612,-3,6,676,1,5
0,-8,248,505,-1,3,613,-2,2,546,-1,6,636,2,2,618,1,3,635,-1,3,607,-3,6,668,1,5
0,-8,240,502,-1,3,610,-2,2,542,-1,6,633,2,2,612,1,3,633,-1,3,601,-3,6,661,1,5
0,-8,232,499,-1,3,607,-2,2,538,-1,6,631,2,2,607,1,3,631,-1,3,596,-3,6,653,1,5
4,-8,224,496,-1,3,605,-2,2,534,-1,6,628,2,2,602,1,3,629,-1,3,591,-3,6,645,1,5
0,-8,216,493,-1,3,602,-2,2,530,-1,6,626,2,2,597,1,3,627,-1,3,586,-3,6,638,1,5
0,-8,208,490,-1,3,600,-2,2,526,-1,6,624,2,2,592,1,3,626,-1,3,581,-3,6,630,1,5
0,-8,200,488,-1,3,597,-2,2,523,-1,6,622,2,2,587,1,3,624,-1,3,576,-3,6,623,1,5
0,-8,192,485,-1,3,595,-2,2,519,-1,6,620,2,2,582,1,3,623,-1,3,572,-3,6,615,1,5
4,-8,184,483,-1,3,592,-2,2,619,2,2,578,1,3,621,-1,3,567,-3,6,608,1,5,646,-2,2
0,-8,176,480,-1,3,590,-2,2,617,2,2,573,1,3,620,-1,3,562,-3,6,601,1,5,644,-2,2
0,-8,168,478,-1,3,588,-2,2,616,2,2,569,1,3,619,-1,3,558,-3,6,593,1,5,642,-2,2
4,-8,160,476,-1,3,585,-2,2,615,2,2,564,1,3,618,-1,3,553,-3,6,586,1,5,640,-2,2
0,-8,152,474,-1,3,583,-2,2,614,2,2,560,1,3,617,-1,3,549,-3,6,580,1,5,638,-2,2
0,-8,144,472,-1,3,581,-2,2,614,2,2,556,1,3,616,-1,3,544,-3,6,573,1,5,636,-2,2
0,-8,136,470,-1,3,579,-2,2,613,2,2,552,1,3,615,-1,3,540,-3,6,566,1,5,634,-2,2
0,-8,128,468,-1,3,577,-2,2,613,2,2,549,1,3,614,-1,3,536,-3,6,559,1,5,632,-2,2
4,-8,120,467,-1,3,575,-2,2,612,2,2,545,1,3,613,-1,3,532,-3,6,553,1,5,631,-2,2
0,-8,112,465,-1,3,573,-2,2,612,2,2,542,1,3,613,-1,3,528,-3,6,546,1,5,629,-2,2
0,-8,104,464,-1,3,571,-2,2,612,2,2,538,1,3,612,-1,3,524,-3,6,540,1,5,627,-2,2
0,-8,96,463,-1,3,570,-2,2,613,2,2,535,1,3,612,-1,3,520,-3,6,534,1,5,626,-2,2
4,-8,88,462,-1,3,568,-2,2,613,2,2,532,1,3,612,-1,3,516,-3,6,528,1,5,624,-2,2
0,-8,80,461,-1,3,566,-2,2,614,2,2,529,1,3,612,-1,3,512,-3,6,522,1,5,623,-2,2
0,-8,72,460,-1,3,565,-2,2,615,2,2,526,1,3,612,-1,3,509,-3,6,516,1,5,621,-2,2
0,-8,64,459,-1,3,563,-2,2,616,2,2,524,1,3,612,-1,3,505,-3,6,511,1,5,620,-2,2
4,-8,56,459,-1,3,562,-2,2,617,2,2,521,1,3,612,-1,3,502,-3,6,505,1,5,619,-2,2
0,-8,48,458,-1,3,561,-2,2,618,2,2,519,1,3,612,-1,3,500,1,5,617,-2,2,657,-3,1
0,-8,40,458,-1,3,560,-2,2,619,2,2,517,1,3,612,-1,3,495,1,5,616,-2,2,656,-3,1
3,0,40,455,-1,3,557,-2,2,618,2,2,514,1,3,609,-1,3,490,1,5,614,-2,2,655,-3,1
2,0,40,451,-1,3,555,-2,2,617,2,2,511,1,3,606,-1,3,485,1,5,612,-2,2,654,-3,1
2,0,40,448,-1,3,553,-2,2,616,2,2,509,1,3,603,-1,3,480,1,5,609,-2,2,652,-3,1
1,8,48,442,-1,3,550,-2,2,612,2,2,505,1,3,475,1,5,606,-2,2,650,-3,1,770,0,4
1,8,56,547,-2,2,608,2,2,501,1,3,470,1,5,603,-2,2,648,-3,1,763,0,4,647,-3,6
1,8,64,544,-2,2,604,2,2,498,1,3,465,1,5,600,-2,2,646,-3,1,641,-3,6,684,-2,1
5,8,72,542,-2,2,600,2,2,494,1,3,461,1,5,597,-2,2,644,-3,1,634,-3,6,680,-2,1
1,8,80,539,-2,2,596,2,2,491,1,3,456,1,5,595,-2,2,643,-3,1,627,-3,6,676,-2,1
1,8,88,537,-2,2,593,2,2,487,1,3,452,1,5,592,-2,2,641,-3,1,621,-3,6,673,-2,1
1,8,96,535,-2,2,589,2,2,484,1,3,448,1,5,590,-2,2,640,-3,1,615,-3,6,669,-2,1
5,8,104,533,-2,2,585,2,2,481,1,3,444,1,5,588,-2,2,639,-3,1,609,-3,6,666,-2,1
1,8,112,532,-2,2,582,2,2,478,1,3,440,1,5,586,-2,2,638,-3,1,603,-3,6,663,-2,1
1,8,120,530,-2,2,578,2,2,475,1,3,436,1,5,584,-2,2,638,-3,1,598,-3,6,660,-2,1
1,8,128,529,-2,2,574,2,2,472,1,3,432,1,5,583,-2,2,637,-3,1,593,-3,6,657,-2,1
5,8,136,528,-2,2,571,2,2,470,1,3,428,1,5,581,-2,2,637,-3,1,588,-3,6,654,-2,1
1,8,144,527,-2,2,568,2,2,467,1,3,425,1,5,580,-2,2,637,-3,1,583,-3,6,651,-2,1
1,8,152,526,-2,2,564,2,2,465,1,3,422,1,5,579,-2,2,637,-3,1,578,-3,6,649,-2,1
1,8,160,526,-2,2,561,2,2,462,1,3,418,1,5,578,-2,2,637,-3,1,574,-3,6,646,-2,1
5,8,168,526,-2,2,558,2,2,460,1,3,415,1,5,577,-2,2,638,-3,1,570,-3,6,644,-2,1
1,8,176,526,-2,2,554,2,2,458,1,3,577,-2,2,639,-3,1,566,-3,6,642,-2,1,671,1,2
1,8,184,526,-2,2,551,2,2,577,-2,2,639,-3,1,562,-3,6,640,-2,1,670,1,2,691,1,6
1,8,192,526,-2,2,548,2,2,576,-2,2,641,-3,1,559,-3,6,669,1,2,687,1,6,678,-2,1
5,8,200,527,-2,2,545,2,2,576,-2,2,642,-3,1,556,-3,6,668,1,2,683,1,6,678,-2,1
1,8,208,527,-2,2,542,2,2,577,-2,2,643,-3,1,553,-3,6,667,1,2,679,1,6,677,-2,1
1,8,216,528,-2,2,539,2,2,577,-2,2,645,-3,1,550,-3,6,666,1,2,675,1,6,677,-2,1
1,8,224,529,-2,2,536,2,2,578,-2,2,647,-3,1,548,-3,6,665,1,2,671,1,6,676,-2,1
1,8,232,531,-2,2,533,2,2,578,-2,2,649,-3,1,546,-3,6,665,1,2,668,1,6,676,-2,1
5,8,240,532,-2,2,530,2,2,579,-2,2,651,-3,1,544,-3,6,664,1,2,664,1,6,676,-2,1
1,8,248,534,-2,2,528,2,2,580,-2,2,653,-3,1,543,-3,6,664,1,2,661,1,6,677,-2,1
1,8,256,536,-2,2,525,2,2,582,-2,2,656,-3,1,542,-3,6,663,1,2,657,1,6,677,-2,1
5,8,264,538,-2,2,522,2,2,583,-2,2,659,-3,1,541,-3,6,663,1,2,654,1,6,678,-2,1
1,8,272,540,-2,2,520,2,2,585,-2,2,662,-3,1,662,1,2,651,1,6,678,-2,1,656,-3,3
1,8,280,543,-2,2,517,2,2,586,-2,2,665,-3,1,662,1,2,648,1,6,679,-2,1,656,-3,3
1,8,288,545,-2,2,515,2,2,588,-2,2,668,-3,1,662,1,2,646,1,6,680,-2,1,656,-3,3
1,8,296,548,-2,2,513,2,2,591,-2,2,671,-3,1,662,1,2,643,1,6,657,-3,3,676,0,4
5,8,304,510,2,2,593,-2,2,675,-3,1,662,1,2,640,1,6,657,-3,3,674,0,4,662,-2,7
1,8,312,508,2,2,595,-2,2,679,-3,1,662,1,2,638,1,6,658,-3,3,671,0,4,654,-2,7
1,8,320,506,2,2,598,-2,2,682,-3,1,662,1,2,635,1,6,659,-3,3,669,0,4,647,-2,7
1,8,328,504,2,2,601,-2,2,687,-3,1,633,1,6,661,-3,3,667,0,4,639,-2,7,666,-1,2
5,8,336,502,2,2,604,-2,2,691,-3,1,631,1,6,662,-3,3,665,0,4,632,-2,7,665,-1,2
1,8,344,500,2,2,607,-2,2,695,-3,1,629,1,6,664,-3,3,663,0,4,625,-2,7,665,-1,2
1,8,352,498,2,2,610,-2,2,700,-3,1,627,1,6,665,-3,3,661,0,4,618,-2,7,664,-1,2
1,8,360,496,2,2,613,-2,2,704,-3,1,626,1,6,667,-3,3,659,0,4,611,-2,7,664,-1,2
5,8,368,495,2,2,617,-2,2,709,-3,1,624,1,6,669,-3,3,657,0,4,605,-2,7,664,-1,2
1,8,376,493,2,2,714,-3,1,623,1,6,672,-3,3,656,0,4,598,-2,7,664,-1,2,706,-1,5
1,8,384,492,2,2,719,-3,1,622,1,6,674,-3,3,655,0,4,592,-2,7,664,-1,2,705,-1,5
5,8,392,490,2,2,724,-3,1,620,1,6,677,-3,3,653,0,4,586,-2,7,665,-1,2,703,-1,5
1,8,400,489,2,2,729,-3,1,619,1,6,680,-3,3,652,0,4,580,-2,7,665,-1,2,702,-1,5
1,8,408,487,2,2,735,-3,1,683,-3,3,651,0,4,574,-2,7,666,-1,2,701,-1,5,698,-1,3
1,8,416,486,2,2,741,-3,1,686,-3,3,650,0,4,569,-2,7,666,-1,2,701,-1,5,697,-1,3
2,0,416,484,2,2,741,-3,1,685,-3,3,647,0,4,562,-2,7,665,-1,2,696,-1,5,694,-1,3
2,0,416,482,2,2,742,-3,1,685,-3,3,643,0,4,556,-2,7,663,-1,2,692,-1,5,692,-1,3
2,0,416,480,2,2,643,-3,4,684,-3,3,639,0,4,549,-2,7,661,-1,2,688,-1,5,689,-1,3
0,-8,408,476,2,2,638,-3,4,678,-3,3,633,0,4,541,-2,7,657,-1,2,681,-1,5,684,-1,3
0,-8,400,474,2,2,634,-3,4,673,-3,3,626,0,4,533,-2,7,653,-1,2,673,-1,5,680,-1,3
4,-8,392,471,2,2,629,-3,4,668,-3,3,619,0,4,526,-2,7,650,-1,2,666,-1,5,675,-1,3
0,-8,384,468,2,2,625,-3,4,663,-3,3,613,0,4,518,-2,7,646,-1,2,658,-1,5,670,-1,3
0,-8,376,466,2,2,621,-3,4,658,-3,3,607,0,4,510,-2,7,642,-1,2,651,-1,5,666,-1,3
4,-8,368,464,2,2,617,-3,4,652,-3,3,600,0,4,502,-2,7,638,-1,2,643,-1,5,662,-1,3
0,-8,360,462,2,2,612,-3,4,647,-3,3,594,0,4,495,-2,7,635,-1,2,657,-1,3,669,-1,4
0,-8,352,461,2,2,608,-3,4,642,-3,3,588,0,4,487,-2,7,631,-1,2,653,-1,3,664,-1,4
0,-8,344,459,2,2,604,-3,4,637,-3,3,582,0,4,480,-2,7,628,-1,2,649,-1,3,659,-1,4
0,-8,336,458,2,2,600,-3,4,632,-3,3,576,0,4,472,-2,7,624,-1,2,644,-1,3,655,-1,4
4,-8,328,457,2,2,596,-3,4,626,-3,3,465,-2,7,621,-1,2,640,-1,3,651,-1,4,673,2,3
0,-8,320,456,2,2,592,-3,4,621,-3,3,458,-2,7,618,-1,2,636,-1,3,646,-1,4,667,2,3
0,-8,312,456,2,2,588,-3,4,616,-3,3,450,-2,7,614,-1,2,632,-1,3,642,-1,4,662,2,3
0,-8,304,455,2,2,584,-3,4,611,-3,3,611,-1,2,628,-1,3,638,-1,4,656,2,3,662,-2,4
4,-8,296,455,2,2,580,-3,4,606,-3,3,608,-1,2,625,-1,3,634,-1,4,651,2,3,659,-2,4
0,-8,288,456,2,2,576,-3,4,601,-3,3,605,-1,2,621,-1,3,630,-1,4,656,-2,4,678,-2,7
0,-8,280,456,2,2,573,-3,4,596,-3,3,602,-1,2,617,-1,3,626,-1,4,654,-2,4,670,-2,7
0,-8,272,457,2,2,569,-3,4,591,-3,3,599,-1,2,613,-1,3,622,-1,4,651,-2,4,663,-2,7
4,-8,264,457,2,2,565,-3,4,586,-3,3,597,-1,2,610,-1,3,619,-1,4,648,-2,4,656,-2,7
0,-8,256,459,2,2,562,-3,4,581,-3,3,606,-1,3,615,-1,4,646,-2,4,648,-2,7,665,-2,1
0,-8,248,460,2,2,558,-3,4,576,-3,3,603,-1,3,611,-1,4,643,-2,4,641,-2,7,664,-2,1
0,-8,240,461,2,2,555,-3,4,698,-3,6,600,-1,3,608,-1,4,641,-2,4,634,-2,7,662,-2,1
4,-8,232,463,2,2,551,-3,4,690,-3,6,596,-1,3,604,-1,4,639,-2,4,627,-2,7,661,-2,1
0,-8,224,465,2,2,548,-3,4,683,-3,6,601,-1,4,637,-2,4,620,-2,7,659,-2,1,686,-2,3
0,-8,216,467,2,2,544,-3,4,676,-3,6,598,-1,4,634,-2,4,613,-2,7,658,-2,1,684,-2,3
0,-8,208,541,-3,4,669,-3,6,595,-1,4,632,-2,4,606,-2,7,657,-2,1,681,-2,3,671,-3,4
4,-8,200,538,-3,4,662,-3,6,592,-1,4,630,-2,4,599,-2,7,655,-2,1,679,-2,3,666,-3,4
0,-8,192,534,-3,4,655,-3,6,589,-1,4,628,-2,4,593,-2,7,654,-2,1,676,-2,3,661,-3,4
0,-8,184,531,-3,4,648,-3,6,586,-1,4,626,-2,4,586,-2,7,653,-2,1,674,-2,3,656,-3,4
0,-8,176,528,-3,4,641,-3,6,583,-1,4,625,-2,4,579,-2,7,652,-2,1,672,-2,3,651,-3,4
4,-8,168,525,-3,4,634,-3,6,581,-1,4,623,-2,4,573,-2,7,651,-2,1,669,-2,3,646,-3,4
0,-8,160,522,-3,4,627,-3,6,578,-1,4,621,-2,4,566,-2,7,650,-2,1,667,-2,3,642,-3,4
0,-8,152,519,-3,4,620,-3,6,576,-1,4,620,-2,4,560,-2,7,649,-2,1,665,-2,3,637,-3,4
0,-8,144,517,-3,4,613,-3,6,573,-1,4,618,-2,4,553,-2,7,648,-2,1,663,-2,3,632,-3,4
0,-8,136,514,-3,4,606,-3,6,571,-1,4,617,-2,4,547,-2,7,647,-2,1,661,-2,3,627,-3,4
4,-8,128,511,-3,4,599,-3,6,569,-1,4,541,-2,7,647,-2,1,659,-2,3,623,-3,4,705,2,7
0,-8,120,508,-3,4,592,-3,6,567,-1,4,535,-2,7,646,-2,1,657,-2,3,618,-3,4,702,2,7
0,-8,112,506,-3,4,585,-3,6,565,-1,4,529,-2,7,645,-2,1,655,-2,3,614,-3,4,698,2,7
0,-8,104,503,-3,4,578,-3,6,563,-1,4,523,-2,7,645,-2,1,653,-2,3,609,-3,4,695,2,7
4,-8,96,501,-3,4,572,-3,6,561,-1,4,517,-2,7,644,-2,1,652,-2,3,605,-3,4,692,2,7
0,-8,88,498,-3,4,565,-3,6,560,-1,4,511,-2,7,644,-2,1,650,-2,3,600,-3,4,652,-1,7
0,-8,80,496,-3,4,558,-3,6,558,-1,4,506,-2,7,643,-2,1,649,-2,3,596,-3,4,646,-1,7
0,-8,72,494,-3,4,551,-3,6,557,-1,4,500,-2,7,643,-2,1,647,-2,3,591,-3,4,641,-1,7
0,-8,64,492,-3,4,545,-3,6,556,-1,4,495,-2,7,643,-2,1,646,-2,3,587,-3,4,636,-1,7
4,-8,56,490,-3,4,538,-3,6,554,-1,4,490,-2,7,643,-2,1,644,-2,3,582,-3,4,631,-1,7
0,-8,48,488,-3,4,648,-3,7,553,-1,4,485,-2,7,642,-2,1,643,-2,3,578,-3,4,626,-1,7
0,-8,40,486,-3,4,641,-3,7,553,-1,4,480,-2,7,642,-2,1,642,-2,3,574,-3,4,621,-1,7
3,0,40,481,-3,4,634,-3,7,548,-1,4,472,-2,7,641,-2,1,638,-2,3,570,-3,4,614,-1,7
3,0,40,476,-3,4,627,-3,7,544,-1,4,465,-2,7,640,-2,1,635,-2,3,566,-3,4,607,-1,7
2,0,40,471,-3,4,620,-3,7,458,-2,7,638,-2,1,631,-2,3,562,-3,4,600,-1,7,644,-3,3
2,0,40,467,-3,4,613,-3,7,450,-2,7,637,-2,1,628,-2,3,559,-3,4,593,-1,7,641,-3,3
1,8,48,607,-3,7,441,-2,7,635,-2,1,622,-2,3,556,-3,4,584,-1,7,639,-3,3,757,-3,5
1,8,56,600,-3,7,432,-2,7,633,-2,1,617,-2,3,553,-3,4,574,-1,7,637,-3,3,748,-3,5
5,8,64,594,-3,7,631,-2,1,612,-2,3,550,-3,4,565,-1,7,635,-3,3,739,-3,5,691,1,2
1,8,72,588,-3,7,629,-2,1,607,-2,3,548,-3,4,556,-1,7,633,-3,3,730,-3,5,687,1,2
1,8,80,583,-3,7,627,-2,1,602,-2,3,546,-3,4,547,-1,7,631,-3,3,721,-3,5,683,1,2
1,8,88,577,-3,7,626,-2,1,597,-2,3,544,-3,4,539,-1,7,630,-3,3,713,-3,5,679,1,2
5,8,96,572,-3,7,624,-2,1,592,-2,3,542,-3,4,530,-1,7,628,-3,3,675,1,2,664,-2,3
1,8,104,567,-3,7,623,-2,1,587,-2,3,692,-3,4,521,-1,7,627,-3,3,671,1,2,662,-2,3
1,8,112,562,-3,7,622,-2,1,583,-2,3,685,-3,4,513,-1,7,626,-3,3,667,1,2,660,-2,3
1,8,120,558,-3,7,621,-2,1,578,-2,3,679,-3,4,504,-1,7,626,-3,3,659,-2,3,692,-1,3
5,8,128,554,-3,7,620,-2,1,574,-2,3,674,-3,4,496,-1,7,625,-3,3,658,-2,3,691,-1,3
1,8,136,550,-3,7,620,-2,1,570,-2,3,668,-3,4,488,-1,7,625,-3,3,657,-2,3,689,-1,3
1,8,144,546,-3,7,619,-2,1,567,-2,3,662,-3,4,480,-1,7,625,-3,3,656,-2,3,687,-1,3
1,8,152,543,-3,7,619,-2,1,563,-2,3,657,-3,4,472,-1,7,669,-3,4,655,-2,3,686,-1,3
5,8,160,540,-3,7,619,-2,1,559,-2,3,652,-3,4,464,-1,7,662,-3,4,654,-2,3,684,-1,3
1,8,168,633,-3,7,619,-2,1,556,-2,3,647,-3,4,457,-1,7,655,-3,4,654,-2,3,683,-1,3
1,8,176,626,-3,7,619,-2,1,553,-2,3,642,-3,4,449,-1,7,648,-3,4,654,-2,3,682,-1,3
1,8,184,619,-3,7,620,-2,1,550,-2,3,637,-3,4,442,-1,7,642,-3,4,654,-2,3,681,-1,3
1,8,192,612,-3,7,620,-2,1,547,-2,3,632,-3,4,435,-1,7,635,-3,4,654,-2,3,680,-1,3
5,8,200,605,-3,7,621,-2,1,628,-3,4,428,-1,7,629,-3,4,654,-2,3,679,-1,3,699,0,5
1,8,208,599,-3,7,622,-2,1,624,-3,4,421,-1,7,623,-3,4,654,-2,3,678,-1,3,692,0,5
1,8,216,592,-3,7,623,-2,1,620,-3,4,415,-1,7,617,-3,4,655,-2,3,678,-1,3,685,0,5
1,8,224,586,-3,7,624,-2,1,616,-3,4,409,-1,7,611,-3,4,656,-2,3,678,-1,3,678,0,5
5,8,232,581,-3,7,626,-2,1,613,-3,4,403,-1,7,605,-3,4,657,-2,3,677,-1,3,672,0,5
1,8,240,575,-3,7,627,-2,1,609,-3,4,397,-1,7,600,-3,4,658,-2,3,677,-1,3,665,0,5
1,8,248,570,-3,7,629,-2,1,606,-3,4,391,-1,7,595,-3,4,659,-2,3,677,-1,3,658,0,5
1,8,256,564,-3,7,631,-2,1,603,-3,4,386,-1,7,590,-3,4,660,-2,3,678,-1,3,651,0,5
5,8,264,560,-3,7,633,-2,1,601,-3,4,381,-1,7,585,-3,4,662,-2,3,678,-1,3,645,0,5
1,8,272,555,-3,7,635,-2,1,598,-3,4,376,-1,7,580,-3,4,671,-2,7,678,-1,3,638,0,5
1,8,280,551,-3,7,637,-2,1,596,-3,4,372,-1,7,575,-3,4,668,-2,7,679,-1,3,632,0,5
1,8,288,547,-3,7,640,-2,1,594,-3,4,368,-1,7,571,-3,4,665,-2,7,680,-1,3,626,0,5
5,8,296,543,-3,7,642,-2,1,592,-3,4,364,-1,7,567,-3,4,662,-2,7,680,-1,3,619,0,5
1,8,304,539,-3,7,645,-2,1,590,-3,4,360,-1,7,563,-3,4,659,-2,7,681,-1,3,613,0,5
1,8,312,536,-3,7,648,-2,1,589,-3,4,357,-1,7,559,-3,4,656,-2,7,683,-1,3,607,0,5
1,8,320,533,-3,7,588,-3,4,354,-1,7,556,-3,4,654,-2,7,684,-1,3,601,0,5,707,2,5
5,8,328,531,-3,7,587,-3,4,352,-1,7,553,-3,4,652,-2,7,685,-1,3,595,0,5,705,2,5
1,8,336,528,-3,7,586,-3,4,550,-3,4,650,-2,7,687,-1,3,589,0,5,703,2,5,725,-1,2
1,8,344,526,-3,7,586,-3,4,547,-3,4,688,-1,3,583,0,5,701,2,5,726,-1,2,679,-2,1
1,8,352,525,-3,7,585,-3,4,544,-3,4,690,-1,3,578,0,5,699,2,5,728,-1,2,677,-2,1
1,8,360,523,-3,7,585,-3,4,542,-3,4,692,-1,3,572,0,5,698,2,5,730,-1,2,676,-2,1
5,8,368,522,-3,7,586,-3,4,540,-3,4,694,-1,3,567,0,5,696,2,5,732,-1,2,674,-2,1
1,8,376,586,-3,4,538,-3,4,696,-1,3,561,0,5,694,2,5,734,-1,2,673,-2,1,666,2,1
1,8,384,587,-3,4,537,-3,4,698,-1,3,556,0,5,693,2,5,737,-1,2,672,-2,1,667,2,1
5,8,392,588,-3,4,536,-3,4,551,0,5,691,2,5,739,-1,2,671,-2,1,667,2,1,684,-3,1
1,8,400,589,-3,4,534,-3,4,546,0,5,690,2,5,741,-1,2,670,-2,1,668,2,1,682,-3,1
1,8,408,590,-3,4,534,-3,4,541,0,5,689,2,5,744,-1,2,670,-2,1,669,2,1,681,-3,1
1,8,416,592,-3,4,533,-3,4,536,0,5,688,2,5,747,-1,2,669,-2,1,670,2,1,680,-3,1
5,8,424,594,-3,4,533,-3,4,532,0,5,749,-1,2,669,-2,1,671,2,1,679,-3,1,640,-3,6
1,8,432,596,-3,4,533,-3,4,527,0,5,752,-1,2,668,-2,1,672,2,1,678,-3,1,636,-3,6
1,8,440,598,-3,4,533,-3,4,523,0,5,755,-1,2,668,-2,1,673,2,1,678,-3,1,632,-3,6
1,8,448,534,-3,4,519,0,5,758,-1,2,668,-2,1,674,2,1,678,-3,1,629,-3,6,762,-2,2
2,0,448,531,-3,4,514,0,5,757,-1,2,668,-2,1,672,2,1,677,-3,1,623,-3,6,761,-2,2
2,0,448,529,-3,4,509,0,5,756,-1,2,667,-2,1,671,2,1,676,-3,1,618,-3,6,760,-2,2
2,0,448,526,-3,4,504,0,5,755,-1,2,666,-2,1,669,2,1,675,-3,1,613,-3,6,759,-2,2
0,-8,440,521,-3,4,498,0,5,750,-1,2,664,-2,1,665,2,1,674,-3,1,606,-3,6,755,-2,2
0,-8,432,515,-3,4,492,0,5,744,-1,2,663,-2,1,661,2,1,673,-3,1,599,-3,6,750,-2,2
4,-8,424,487,0,5,739,-1,2,661,-2,1,657,2,1,671,-3,1,592,-3,6,746,-2,2,722,0,2
0,-8,416,481,0,5,733,-1,2,660,-2,1,653,2,1,670,-3,1,585,-3,6,742,-2,2,716,0,2
0,-8,408,476,0,5,728,-1,2,658,-2,1,649,2,1,669,-3,1,578,-3,6,737,-2,2,711,0,2
0,-8,400,471,0,5,723,-1,2,657,-2,1,646,2,1,668,-3,1,571,-3,6,706,0,2,685,0,1
4,-8,392,466,0,5,717,-1,2,655,-2,1,642,2,1,666,-3,1,565,-3,6,701,0,2,682,0,1
0,-8,384,461,0,5,712,-1,2,654,-2,1,639,2,1,665,-3,1,558,-3,6,696,0,2,679,0,1
0,-8,376,456,0,5,707,-1,2,653,-2,1,636,2,1,664,-3,1,551,-3,6,692,0,2,676,0,1
0,-8,368,452,0,5,702,-1,2,651,-2,1,633,2,1,663,-3,1,544,-3,6,687,0,2,674,0,1
4,-8,360,448,0,5,697,-1,2,650,-2,1,630,2,1,662,-3,1,538,-3,6,682,0,2,671,0,1
0,-8,352,443,0,5,692,-1,2,649,-2,1,627,2,1,661,-3,1,531,-3,6,677,0,2,668,0,1
0,-8,344,439,0,5,687,-1,2,648,-2,1,625,2,1,660,-3,1,524,-3,6,673,0,2,666,0,1
0,-8,336,435,0,5,682,-1,2,647,-2,1,622,2,1,659,-3,1,518,-3,6,668,0,2,664,0,1
4,-8,328,432,0,5,677,-1,2,646,-2,1,620,2,1,658,-3,1,664,0,2,661,0,1,662,0,3
0,-8,320,428,0,5,672,-1,2,645,-2,1,618,2,1,657,-3,1,659,0,2,659,0,1,657,0,3
0,-8,312,425,0,5,667,-1,2,644,-2,1,616,2,1,657,-3,1,655,0,2,657,0,1,652,0,3
0,-8,304,421,0,5,662,-1,2,644,-2,1,614,2,1,656,-3,1,651,0,2,655,0,1,648,0,3
4,-8,296,418,0,5,657,-1,2,643,-2,1,613,2,1,655,-3,1,647,0,2,653,0,1,644,0,3
0,-8,288,652,-1,2,642,-2,1,611,2,1,654,-3,1,643,0,2,651,0,1,639,0,3,686,1,7
0,-8,280,648,-1,2,642,-2,1,610,2,1,654,-3,1,639,0,2,649,0,1,635,0,3,679,1,7
0,-8,272,643,-1,2,641,-2,1,609,2,1,653,-3,1,635,0,2,648,0,1,631,0,3,671,1,7
4,-8,264,639,-1,2,640,-2,1,608,2,1,653,-3,1,631,0,2,646,0,1,627,0,3,663,1,7
0,-8,256,634,-1,2,640,-2,1,607,2,1,652,-3,1,627,0,2,623,0,3,656,1,7,681,1,1
0,-8,248,630,-1,2,640,-2,1,607,2,1,652,-3,1,623,0,2,619,0,3,648,1,7,680,1,1
0,-8,240,625,-1,2,639,-2,1,606,2,1,651,-3,1,620,0,2,615,0,3,641,1,7,679,1,1
0,-8,232,621,-1,2,639,-2,1,606,2,1,651,-3,1,616,0,2,611,0,3,634,1,7,679,1,1
0,-8,224,616,-1,2,639,-2,1,650,-3,1,613,0,2,608,0,3,627,1,7,678,1,1,644,2,1
4,-8,216,612,-1,2,639,-2,1,650,-3,1,610,0,2,604,0,3,620,1,7,678,1,1,642,2,1
0,-8,208,608,-1,2,639,-2,1,650,-3,1,607,0,2,601,0,3,613,1,7,677,1,1,639,2,1
0,-8,200,604,-1,2,639,-2,1,650,-3,1,603,0,2,597,0,3,607,1,7,677,1,1,637,2,1
4,-8,192,600,-1,2,639,-2,1,649,-3,1,600,0,2,594,0,3,600,1,7,677,1,1,634,2,1
0,-8,184,596,-1,2,639,-2,1,649,-3,1,598,0,2,591,0,3,594,1,7,677,1,1,632,2,1
0,-8,176,592,-1,2,639,-2,1,649,-3,1,595,0,2,588,0,3,588,1,7,677,1,1,630,2,1
0,-8,168,588,-1,2,639,-2,1,649,-3,1,592,0,2,585,0,3,582,1,7,677,1,1,629,2,1
4,-8,160,584,-1,2,639,-2,1,649,-3,1,589,0,2,582,0,3,576,1,7,678,1,1,627,2,1
0,-8,152,580,-1,2,640,-2,1,649,-3,1,587,0,2,580,0,3,570,1,7,678,1,1,625,2,1
0,-8,144,576,-1,2,640,-2,1,649,-3,1,585,0,2,577,0,3,565,1,7,679,1,1,624,2,1
4,-8,136,573,-1,2,640,-2,1,649,-3,1,582,0,2,575,0,3,560,1,7,680,1,1,623,2,1
0,-8,128,569,-1,2,641,-2,1,649,-3,1,580,0,2,572,0,3,554,1,7,681,1,1,622,2,1
0,-8,120,566,-1,2,641,-2,1,649,-3,1,578,0,2,570,0,3,549,1,7,682,1,1,621,2,1
0,-8,112,562,-1,2,642,-2,1,650,-3,1,576,0,2,568,0,3,545,1,7,683,1,1,621,2,1
4,-8,104,559,-1,2,643,-2,1,650,-3,1,574,0,2,566,0,3,540,1,7,684,1,1,620,2,1
0,-8,96,555,-1,2,643,-2,1,650,-3,1,572,0,2,564,0,3,536,1,7,685,1,1,620,2,1
0,-8,88,552,-1,2,644,-2,1,650,-3,1,571,0,2,563,0,3,532,1,7,687,1,1,619,2,1
0,-8,80,549,-1,2,645,-2,1,651,-3,1,569,0,2,561,0,3,528,1,7,688,1,1,619,2,1
0,-8,72,546,-1,2,646,-2,1,651,-3,1,568,0,2,560,0,3,524,1,7,690,1,1,620,2,1
4,-8,64,543,-1,2,647,-2,1,652,-3,1,567,0,2,558,0,3,521,1,7,692,1,1,620,2,1
0,-8,56,540,-1,2,648,-2,1,652,-3,1,566,0,2,557,0,3,517,1,7,694,1,1,620,2,1
0,-8,48,537,-1,2,649,-2,1,653,-3,1,564,0,2,556,0,3,514,1,7,696,1,1,621,2,1
0,-8,40,535,-1,2,650,-2,1,653,-3,1,564,0,2,555,0,3,512,1,7,698,1,1,622,2,1
2,0,40,533,-1,2,648,-2,1,651,-3,1,562,0,2,552,0,3,506,1,7,697,1,1,621,2,1
2,0,40,531,-1,2,647,-2,1,649,-3,1,560,0,2,549,0,3,500,1,7,697,1,1,621,2,1
2,0,40,529,-1,2,645,-2,1,648,-3,1,558,0,2,546,0,3,696,1,1,620,2,1,634,0,4
3,0,40,527,-1,2,643,-2,1,646,-3,1,556,0,2,543,0,3,696,1,1,619,2,1,630,0,4
1,8,48,526,-1,2,639,-2,1,642,-3,1,553,0,2,538,0,3,692,1,1,617,2,1,626,0,4
5,8,56,525,-1,2,635,-2,1,638,-3,1,550,0,2,534,0,3,689,1,1,615,2,1,622,0,4
1,8,64,525,-1,2,631,-2,1,634,-3,1,547,0,2,529,0,3,686,1,1,613,2,1,617,0,4
1,8,72,524,-1,2,627,-2,1,630,-3,1,544,0,2,524,0,3,682,1,1,611,2,1,613,0,4
1,8,80,524,-1,2,624,-2,1,627,-3,1,541,0,2,520,0,3,679,1,1,609,2,1,609,0,4
5,8,88,524,-1,2,620,-2,1,624,-3,1,539,0,2,515,0,3,676,1,1,607,2,1,605,0,4
1,8,96,524,-1,2,617,-2,1,621,-3,1,536,0,2,511,0,3,673,1,1,605,2,1,601,0,4
1,8,104,524,-1,2,613,-2,1,618,-3,1,534,0,2,507,0,3,670,1,1,604,2,1,597,0,4
1,8,112,683,-1,5,610,-2,1,615,-3,1,532,0,2,503,0,3,667,1,1,602,2,1,594,0,4
5,8,120,679,-1,5,607,-2,1,613,-3,1,530,0,2,600,2,1,590,0,4,684,0,2,684,-3,7
1,8,128,675,-1,5,604,-2,1,611,-3,1,528,0,2,599,2,1,587,0,4,682,0,2,676,-3,7
1,8,136,671,-1,5,602,-2,1,608,-3,1,526,0,2,597,2,1,584,0,4,680,0,2,669,-3,7
1,8,144,667,-1,5,599,-2,1,607,-3,1,525,0,2,596,2,1,580,0,4,678,0,2,661,-3,7
5,8,152,664,-1,5,597,-2,1,605,-3,1,523,0,2,594,2,1,577,0,4,676,0,2,653,-3,7
1,8,160,660,-1,5,595,-2,1,603,-3,1,522,0,2,593,2,1,574,0,4,674,0,2,646,-3,7
1,8,168,657,-1,5,593,-2,1,602,-3,1,520,0,2,592,2,1,572,0,4,672,0,2,639,-3,7
1,8,176,654,-1,5,591,-2,1,601,-3,1,519,0,2,590,2,1,569,0,4,671,0,2,632,-3,7
5,8,184,651,-1,5,589,-2,1,600,-3,1,518,0,2,589,2,1,566,0,4,669,0,2,625,-3,7
1,8,192,648,-1,5,588,-2,1,599,-3,1,517,0,2,588,2,1,564,0,4,668,0,2,619,-3,7
1,8,200,645,-1,5,586,-2,1,599,-3,1,516,0,2,587,2,1,562,0,4,666,0,2,613,-3,7
1,8,208,642,-1,5,585,-2,1,599,-3,1,586,2,1,560,0,4,665,0,2,606,-3,7,667,0,3
5,8,216,640,-1,5,584,-2,1,599,-3,1,585,2,1,558,0,4,664,0,2,601,-3,7,665,0,3
1,8,224,638,-1,5,583,-2,1,584,2,1,556,0,4,663,0,2,595,-3,7,663,0,3,651,2,4
1,8,232,635,-1,5,582,-2,1,583,2,1,554,0,4,662,0,2,589,-3,7,661,0,3,646,2,4
1,8,240,633,-1,5,582,-2,1,583,2,1,552,0,4,661,0,2,659,0,3,642,2,4,672,-2,4
5,8,248,632,-1,5,582,-2,1,582,2,1,551,0,4,660,0,2,658,0,3,638,2,4,667,-2,4
1,8,256,630,-1,5,582,-2,1,581,2,1,659,0,2,656,0,3,634,2,4,662,-2,4,689,1,1
1,8,264,628,-1,5,582,-2,1,581,2,1,659,0,2,655,0,3,630,2,4,658,-2,4,690,1,1
1,8,272,627,-1,5,582,-2,1,580,2,1,658,0,2,654,0,3,626,2,4,653,-2,4,691,1,1
1,8,280,626,-1,5,582,-2,1,580,2,1,658,0,2,653,0,3,622,2,4,648,-2,4,692,1,1
5,8,288,625,-1,5,583,-2,1,579,2,1,658,0,2,652,0,3,618,2,4,644,-2,4,694,1,1
1,8,296,624,-1,5,583,-2,1,579,2,1,658,0,2,651,0,3,615,2,4,640,-2,4,695,1,1
1,8,304,623,-1,5,584,-2,1,579,2,1,658,0,2,650,0,3,611,2,4,636,-2,4,697,1,1
1,8,312,623,-1,5,585,-2,1,579,2,1,658,0,2,649,0,3,607,2,4,632,-2,4,698,1,1
5,8,320,587,-2,1,579,2,1,658,0,2,649,0,3,604,2,4,628,-2,4,700,1,1,718,1,3
1,8,328,588,-2,1,579,2,1,658,0,2,648,0,3,600,2,4,625,-2,4,701,1,1,717,1,3
1,8,336,589,-2,1,579,2,1,658,0,2,648,0,3,597,2,4,622,-2,4,703,1,1,717,1,3
1,8,344,591,-2,1,579,2,1,659,0,2,648,0,3,593,2,4,618,-2,4,705,1,1,716,1,3
5,8,352,593,-2,1,579,2,1,659,0,2,648,0,3,590,2,4,615,-2,4,707,1,1,716,1,3
1,8,360,595,-2,1,579,2,1,660,0,2,648,0,3,587,2,4,613,-2,4,709,1,1,715,1,3
1,8,368,597,-2,1,579,2,1,661,0,2,648,0,3,584,2,4,610,-2,4,711,1,1,715,1,3
1,8,376,600,-2,1,580,2,1,662,0,2,648,0,3,580,2,4,607,-2,4,713,1,1,715,1,3
5,8,384,602,-2,1,580,2,1,663,0,2,648,0,3,577,2,4,605,-2,4,715,1,1,715,1,3
1,8,392,605,-2,1,580,2,1,664,0,2,649,0,3,574,2,4,603,-2,4,717,1,1,715,1,3
2,0,392,605,-2,1,579,2,1,662,0,2,646,0,3,570,2,4,600,-2,4,716,1,1,712,1,3
3,0,392,605,-2,1,577,2,1,660,0,2,643,0,3,566,2,4,596,-2,4,715,1,1,709,1,3
2,0,392,604,-2,1,576,2,1,658,0,2,640,0,3,562,2,4,592,-2,4,713,1,1,705,1,3
2,0,392,604,-2,1,575,2,1,656,0,2,638,0,3,557,2,4,589,-2,4,712,1,1,702,1,3
0,-8,384,601,-2,1,571,2,1,651,0,2,632,0,3,552,2,4,584,-2,4,707,1,1,696,1,3
0,-8,376,598,-2,1,568,2,1,647,0,2,626,0,3,547,2,4,579,-2,4,702,1,1,690,1,3
0,-8,368,595,-2,1,565,2,1,642,0,2,620,0,3,541,2,4,574,-2,4,698,1,1,684,1,3
4,-8,360,592,-2,1,563,2,1,637,0,2,614,0,3,536,2,4,569,-2,4,693,1,1,677,1,3
0,-8,352,589,-2,1,560,2,1,633,0,2,608,0,3,532,2,4,564,-2,4,688,1,1,671,1,3
0,-8,344,586,-2,1,558,2,1,628,0,2,603,0,3,527,2,4,559,-2,4,684,1,1,666,1,3
4,-8,336,556,2,1,624,0,2,597,0,3,522,2,4,554,-2,4,660,1,3,684,0,6,706,2,7
0,-8,328,554,2,1,620,0,2,591,0,3,518,2,4,549,-2,4,654,1,3,676,0,6,669,-1,7
0,-8,320,552,2,1,615,0,2,586,0,3,514,2,4,544,-2,4,648,1,3,668,0,6,662,-1,7
0,-8,312,550,2,1,611,0,2,581,0,3,510,2,4,540,-2,4,643,1,3,660,0,6,654,-1,7
0,-8,304,548,2,1,607,0,2,506,2,4,535,-2,4,637,1,3,652,0,6,646,-1,7,643,0,7
4,-8,296,547,2,1,603,0,2,503,2,4,530,-2,4,632,1,3,644,0,6,639,-1,7,638,0,7
0,-8,288,546,2,1,599,0,2,500,2,4,526,-2,4,627,1,3,636,0,6,631,-1,7,633,0,7
0,-8,280,545,2,1,596,0,2,497,2,4,521,-2,4,621,1,3,628,0,6,624,-1,7,628,0,7
0,-8,272,544,2,1,592,0,2,494,2,4,517,-2,4,616,1,3,620,0,6,617,-1,7,623,0,7
0,-8,264,544,2,1,588,0,2,491,2,4,611,1,3,612,0,6,609,-1,7,618,0,7,652,0,6
4,-8,256,543,2,1,585,0,2,489,2,4,606,1,3,604,0,6,602,-1,7,613,0,7,645,0,6
0,-8,248,543,2,1,581,0,2,486,2,4,602,1,3,597,0,6,595,-1,7,609,0,7,637,0,6
0,-8,240,543,2,1,578,0,2,484,2,4,597,1,3,589,0,6,588,-1,7,605,0,7,630,0,6
0,-8,232,543,2,1,575,0,2,483,2,4,592,1,3,582,0,6,581,-1,7,601,0,7,622,0,6
4,-8,224,543,2,1,571,0,2,481,2,4,588,1,3,574,0,6,574,-1,7,597,0,7,615,0,6
0,-8,216,544,2,1,568,0,2,480,2,4,584,1,3,567,0,6,567,-1,7,593,0,7,608,0,6
0,-8,208,545,2,1,566,0,2,580,1,3,560,0,6,561,-1,7,589,0,7,600,0,6,680,-3,4
0,-8,200,546,2,1,563,0,2,576,1,3,553,0,6,586,0,7,593,0,6,677,-3,4,631,-1,5
0,-8,192,547,2,1,560,0,2,572,1,3,546,0,6,582,0,7,586,0,6,675,-3,4,646,1,2
4,-8,184,557,0,2,568,1,3,539,0,6,579,0,7,579,0,6,672,-3,4,645,1,2,659,-2,7
0,-8,176,555,0,2,564,1,3,532,0,6,576,0,7,572,0,6,670,-3,4,644,1,2,653,-2,7
0,-8,168,552,0,2,561,1,3,525,0,6,573,0,7,566,0,6,668,-3,4,644,1,2,646,-2,7
0,-8,160,550,0,2,557,1,3,519,0,6,571,0,7,559,0,6,666,-3,4,643,1,2,640,-2,7
4,-8,152,548,0,2,554,1,3,512,0,6,568,0,7,552,0,6,664,-3,4,643,1,2,634,-2,7
0,-8,144,546,0,2,551,1,3,506,0,6,566,0,7,546,0,6,661,-3,4,643,1,2,628,-2,7
0,-8,136,544,0,2,548,1,3,499,0,6,564,0,7,539,0,6,659,-3,4,643,1,2,622,-2,7
0,-8,128,542,0,2,545,1,3,493,0,6,562,0,7,533,0,6,657,-3,4,643,1,2,616,-2,7
4,-8,120,541,0,2,543,1,3,487,0,6,561,0,7,527,0,6,656,-3,4,643,1,2,610,-2,7
0,-8,112,539,0,2,540,1,3,481,0,6,559,0,7,521,0,6,654,-3,4,644,1,2,604,-2,7
0,-8,104,538,0,2,538,1,3,475,0,6,558,0,7,515,0,6,652,-3,4,644,1,2,598,-2,7
0,-8,96,536,0,2,536,1,3,470,0,6,557,0,7,509,0,6,650,-3,4,645,1,2,592,-2,7
4,-8,88,535,0,2,534,1,3,464,0,6,556,0,7,504,0,6,648,-3,4,645,1,2,587,-2,7
0,-8,80,534,0,2,532,1,3,459,0,6,555,0,7,498,0,6,647,-3,4,646,1,2,581,-2,7
0,-8,72,533,0,2,530,1,3,454,0,6,555,0,7,493,0,6,647,1,2,576,-2,7,686,-1,3
0,-8,64,532,0,2,529,1,3,449,0,6,555,0,7,488,0,6,649,1,2,570,-2,7,683,-1,3
4,-8,56,532,0,2,527,1,3,444,0,6,555,0,7,482,0,6,650,1,2,565,-2,7,681,-1,3
0,-8,48,531,0,2,526,1,3,439,0,6,555,0,7,478,0,6,651,1,2,560,-2,7,679,-1,3
3,0,48,529,0,2,523,1,3,433,0,6,550,0,7,472,0,6,650,1,2,553,-2,7,676,-1,3
3,0,48,527,0,2,521,1,3,427,0,6,545,0,7,466,0,6,648,1,2,546,-2,7,673,-1,3
3,0,48,525,0,2,518,1,3,421,0,6,540,0,7,460,0,6,647,1,2,538,-2,7,670,-1,3
2,0,48,523,0,2,515,1,3,415,0,6,535,0,7,454,0,6,645,1,2,531,-2,7,667,-1,3
1,8,56,520,0,2,511,1,3,408,0,6,524,0,7,447,0,6,641,1,2,522,-2,7,663,-1,3
1,8,64,516,0,2,506,1,3,401,0,6,513,0,7,440,0,6,636,1,2,512,-2,7,659,-1,3
1,8,72,513,0,2,502,1,3,394,0,6,503,0,7,433,0,6,632,1,2,503,-2,7,655,-1,3
1,8,80,510,0,2,498,1,3,387,0,6,492,0,7,426,0,6,628,1,2,494,-2,7,651,-1,3
5,8,88,507,0,2,494,1,3,380,0,6,482,0,7,420,0,6,485,-2,7,647,-1,3,679,0,4
1,8,96,504,0,2,490,1,3,471,0,7,413,0,6,476,-2,7,644,-1,3,675,0,4,670,1,2
1,8,104,502,0,2,486,1,3,460,0,7,407,0,6,468,-2,7,640,-1,3,672,0,4,667,1,2
5,8,112,499,0,2,482,1,3,450,0,7,401,0,6,459,-2,7,637,-1,3,669,0,4,665,1,2
1,8,120,497,0,2,478,1,3,439,0,7,395,0,6,451,-2,7,634,-1,3,667,0,4,663,1,2
1,8,128,494,0,2,475,1,3,429,0,7,389,0,6,631,-1,3,664,0,4,661,1,2,684,0,7
1,8,136,492,0,2,471,1,3,418,0,7,628,-1,3,661,0,4,659,1,2,688,0,5,665,0,2
1,8,144,490,0,2,468,1,3,407,0,7,625,-1,3,659,0,4,657,1,2,684,0,5,661,0,2
5,8,152,488,0,2,464,1,3,397,0,7,623,-1,3,657,0,4,655,1,2,679,0,5,658,0,2
1,8,160,486,0,2,461,1,3,386,0,7,620,-1,3,654,0,4,653,1,2,675,0,5,655,0,2
1,8,168,485,0,2,458,1,3,376,0,7,618,-1,3,652,0,4,652,1,2,670,0,5,652,0,2
1,8,176,483,0,2,455,1,3,365,0,7,616,-1,3,650,0,4,650,1,2,666,0,5,667,-2,3
5,8,184,482,0,2,452,1,3,355,0,7,613,-1,3,648,0,4,649,1,2,662,0,5,667,-2,3
1,8,192,480,0,2,449,1,3,344,0,7,611,-1,3,647,0,4,647,1,2,658,0,5,666,-2,3
1,8,200,479,0,2,447,1,3,333,0,7,610,-1,3,645,0,4,646,1,2,654,0,5,666,-2,3
1,8,208,478,0,2,444,1,3,323,0,7,608,-1,3,643,0,4,644,1,2,650,0,5,666,-2,3
5,8,216,477,0,2,441,1,3,312,0,7,606,-1,3,642,0,4,643,1,2,646,0,5,666,-2,3
1,8,224,477,0,2,439,1,3,302,0,7,605,-1,3,641,0,4,642,1,2,643,0,5,666,-2,3
1,8,232,476,0,2,437,1,3,291,0,7,604,-1,3,640,0,4,641,1,2,639,0,5,667,-2,3
1,8,240,476,0,2,435,1,3,281,0,7,603,-1,3,638,0,4,640,1,2,636,0,5,667,-2,3
5,8,248,475,0,2,433,1,3,270,0,7,602,-1,3,638,0,4,639,1,2,633,0,5,668,-2,3
1,8,256,475,0,2,431,1,3,260,0,7,601,-1,3,637,0,4,638,1,2,630,0,5,669,-2,3
1,8,264,475,0,2,429,1,3,249,0,7,600,-1,3,636,0,4,638,1,2,627,0,5,670,-2,3
1,8,272,475,0,2,428,1,3,239,0,7,600,-1,3,636,0,4,637,1,2,624,0,5,671,-2,3
5,8,280,476,0,2,426,1,3,228,0,7,600,-1,3,635,0,4,636,1,2,621,0,5,673,-2,3
1,8,288,476,0,2,425,1,3,218,0,7,599,-1,3,635,0,4,636,1,2,619,0,5,674,-2,3
1,8,296,477,0,2,423,1,3,207,0,7,599,-1,3,635,0,4,636,1,2,616,0,5,676,-2,3
1,8,304,477,0,2,422,1,3,197,0,7,599,-1,3,635,0,4,635,1,2,614,0,5,678,-2,3
5,8,312,478,0,2,421,1,3,186,0,7,600,-1,3,635,0,4,635,1,2,612,0,5,680,-2,3
1,8,320,479,0,2,421,1,3,176,0,7,635,0,4,635,1,2,610,0,5,682,-2,3,664,-1,5
1,8,328,480,0,2,420,1,3,166,0,7,635,0,4,635,1,2,608,0,5,684,-2,3,658,-1,5
1,8,336,482,0,2,419,1,3,155,0,7,635,1,2,606,0,5,687,-2,3,652,-1,5,657,1,2
1,8,344,483,0,2,419,1,3,145,0,7,635,1,2,604,0,5,689,-2,3,647,-1,5,655,1,2
1,8,352,484,0,2,419,1,3,135,0,7,635,1,2,603,0,5,692,-2,3,641,-1,5,652,1,2
5,8,360,486,0,2,419,1,3,125,0,7,635,1,2,602,0,5,695,-2,3,636,-1,5,649,1,2
2,0,360,484,0,2,415,1,3,119,0,7,633,1,2,597,0,5,693,-2,3,631,-1,5,647,1,2
3,0,360,483,0,2,412,1,3,113,0,7,631,1,2,592,0,5,692,-2,3,626,-1,5,645,1,2
3,0,360,409,1,3,107,0,7,629,1,2,588,0,5,674,-2,4,621,-1,5,644,1,2,712,-3,7
4,-8,352,403,1,3,107,0,7,624,1,2,580,0,5,670,-2,4,616,-1,5,642,1,2,704,-3,7
0,-8,344,108,0,7,619,1,2,572,0,5,665,-2,4,611,-1,5,641,1,2,695,-3,7,709,-3,6
0,-8,336,109,0,7,615,1,2,564,0,5,660,-2,4,607,-1,5,641,1,2,687,-3,7,702,-3,6
0,-8,328,112,0,7,611,1,2,557,0,5,656,-2,4,602,-1,5,640,1,2,679,-3,7,694,-3,6
4,-8,320,116,0,7,606,1,2,549,0,5,651,-2,4,598,-1,5,639,1,2,670,-3,7,687,-3,6
0,-8,312,120,0,7,602,1,2,541,0,5,647,-2,4,594,-1,5,639,1,2,662,-3,7,679,-3,6
0,-8,304,126,0,7,598,1,2,534,0,5,642,-2,4,590,-1,5,638,1,2,654,-3,7,672,-3,6
0,-8,296,131,0,7,594,1,2,526,0,5,638,-2,4,586,-1,5,638,1,2,645,-3,7,665,-3,6
4,-8,288,138,0,7,591,1,2,519,0,5,634,-2,4,582,-1,5,638,1,2,657,-3,6,655,0,5
0,-8,280,145,0,7,587,1,2,511,0,5,629,-2,4,578,-1,5,638,1,2,650,0,5,695,-2,1
0,-8,272,152,0,7,583,1,2,504,0,5,625,-2,4,574,-1,5,638,1,2,644,0,5,692,-2,1
0,-8,264,160,0,7,580,1,2,497,0,5,621,-2,4,571,-1,5,639,1,2,638,0,5,689,-2,1
4,-8,256,168,0,7,577,1,2,490,0,5,617,-2,4,567,-1,5,639,1,2,633,0,5,687,-2,1
0,-8,248,176,0,7,573,1,2,483,0,5,613,-2,4,564,-1,5,640,1,2,628,0,5,684,-2,1
0,-8,240,185,0,7,570,1,2,476,0,5,609,-2,4,560,-1,5,640,1,2,622,0,5,681,-2,1
0,-8,232,640,0,7,567,1,2,469,0,5,605,-2,4,557,-1,5,641,1,2,617,0,5,679,-2,1
0,-8,224,633,0,7,462,0,5,601,-2,4,554,-1,5,642,1,2,612,0,5,676,-2,1,674,-3,1
4,-8,216,625,0,7,455,0,5,597,-2,4,551,-1,5,643,1,2,607,0,5,674,-2,1,674,-3,1
0,-8,208,618,0,7,448,0,5,594,-2,4,548,-1,5,645,1,2,602,0,5,671,-2,1,675,-3,1
0,-8,200,610,0,7,442,0,5,590,-2,4,546,-1,5,646,1,2,597,0,5,669,-2,1,675,-3,1
4,-8,192,603,0,7,435,0,5,587,-2,4,543,-1,5,648,1,2,593,0,5,666,-2,1,676,-3,1
0,-8,184,596,0,7,429,0,5,583,-2,4,541,-1,5,649,1,2,588,0,5,664,-2,1,676,-3,1
0,-8,176,589,0,7,423,0,5,580,-2,4,538,-1,5,651,1,2,584,0,5,662,-2,1,677,-3,1
0,-8,168,582,0,7,417,0,5,576,-2,4,536,-1,5,653,1,2,580,0,5,659,-2,1,678,-3,1
0,-8,160,575,0,7,411,0,5,573,-2,4,534,-1,5,655,1,2,575,0,5,657,-2,1,679,-3,1
4,-8,152,569,0,7,405,0,5,532,-1,5,657,1,2,571,0,5,655,-2,1,679,-3,1,644,-1,1
0,-8,144,562,0,7,399,0,5,530,-1,5,659,1,2,567,0,5,653,-2,1,680,-3,1,642,-1,1
0,-8,136,555,0,7,394,0,5,528,-1,5,662,1,2,564,0,5,651,-2,1,681,-3,1,641,-1,1
0,-8,128,549,0,7,388,0,5,527,-1,5,664,1,2,560,0,5,649,-2,1,682,-3,1,640,-1,1
4,-8,120,543,0,7,383,0,5,667,1,2,556,0,5,647,-2,1,683,-3,1,639,-1,1,712,-3,4
0,-8,112,537,0,7,378,0,5,669,1,2,553,0,5,645,-2,1,684,-3,1,638,-1,1,711,-3,4
2,0,112,530,0,7,373,0,5,668,1,2,548,0,5,644,-2,1,682,-3,1,637,-1,1,706,-3,4
2,0,112,523,0,7,368,0,5,667,1,2,543,0,5,644,-2,1,680,-3,1,636,-1,1,701,-3,4
2,0,112,516,0,7,363,0,5,666,1,2,538,0,5,643,-2,1,678,-3,1,635,-1,1,696,-3,4
3,0,112,509,0,7,358,0,5,665,1,2,533,0,5,642,-2,1,676,-3,1,634,-1,1,691,-3,4
3,0,112,502,0,7,353,0,5,663,1,2,529,0,5,642,-2,1,674,-3,1,633,-1,1,686,-3,4
3,0,112,495,0,7,348,0,5,662,1,2,524,0,5,641,-2,1,672,-3,1,632,-1,1,681,-3,4
3,0,112,488,0,7,343,0,5,661,1,2,519,0,5,640,-2,1,669,-3,1,631,-1,1,676,-3,4
3,0,112,481,0,7,338,0,5,660,1,2,514,0,5,640,-2,1,667,-3,1,630,-1,1,671,-3,4
3,0,112,474,0,7,333,0,5,659,1,2,509,0,5,639,-2,1,665,-3,1,629,-1,1,666,-3,4
3,0,112,467,0,7,328,0,5,640,1,5,504,0,5,638,-2,1,664,-3,1,628,-1,1,662,-3,4
3,0,112,460,0,7,323,0,5,636,1,5,499,0,5,638,-2,1,662,-3,1,627,-1,1,657,-3,4
3,0,112,454,0,7,318,0,5,631,1,5,494,0,5,637,-2,1,660,-3,1,626,-1,1,652,-3,4
3,0,112,447,0,7,626,1,5,490,0,5,637,-2,1,658,-3,1,625,-1,1,647,-3,4,716,2,3
3,0,112,440,0,7,621,1,5,485,0,5,636,-2,1,656,-3,1,624,-1,1,642,-3,4,714,2,3
3,0,112,433,0,7,617,1,5,635,-2,1,654,-3,1,623,-1,1,637,-3,4,712,2,3,670,0,1
3,0,112,612,1,5,635,-2,1,652,-3,1,622,-1,1,632,-3,4,710,2,3,669,0,1,705,-2,2
3,0,112,607,1,5,634,-2,1,650,-3,1,621,-1,1,627,-3,4,707,2,3,668,0,1,703,-2,2
3,0,112,602,1,5,634,-2,1,620,-1,1,622,-3,4,705,2,3,667,0,1,700,-2,2,690,1,1
3,0,112,598,1,5,633,-2,1,619,-1,1,618,-3,4,703,2,3,666,0,1,698,-2,2,689,1,1
3,0,112,593,1,5,633,-2,1,618,-1,1,613,-3,4,701,2,3,665,0,1,696,-2,2,688,1,1
3,0,112,588,1,5,632,-2,1,617,-1,1,608,-3,4,699,2,3,664,0,1,693,-2,2,687,1,1
3,0,112,583,1,5,650,-2,3,616,-1,1,603,-3,4,696,2,3,663,0,1,691,-2,2,686,1,1
3,0,112,579,1,5,647,-2,3,615,-1,1,598,-3,4,694,2,3,662,0,1,689,-2,2,685,1,1
3,0,112,574,1,5,644,-2,3,614,-1,1,593,-3,4,692,2,3,661,0,1,686,-2,2,684,1,1
3,0,112,569,1,5,641,-2,3,613,-1,1,588,-3,4,690,2,3,660,0,1,684,-2,2,683,1,1
3,0,112,565,1,5,637,-2,3,612,-1,1,583,-3,4,688,2,3,659,0,1,682,-2,2,683,1,1
3,0,112,560,1,5,634,-2,3,611,-1,1,579,-3,4,686,2,3,658,0,1,679,-2,2,682,1,1
3,0,112,555,1,5,631,-2,3,610,-1,1,574,-3,4,684,2,3,657,0,1,677,-2,2,681,1,1
3,0,112,551,1,5,628,-2,3,609,-1,1,569,-3,4,682,2,3,656,0,1,674,-2,2,680,1,1
3,0,112,546,1,5,625,-2,3,609,-1,1,564,-3,4,680,2,3,655,0,1,672,-2,2,679,1,1
3,0,112,541,1,5,621,-2,3,608,-1,1,559,-3,4,678,2,3,654,0,1,670,-2,2,678,1,1
3,0,112,537,1,5,618,-2,3,607,-1,1,554,-3,4,676,2,3,653,0,1,668,-2,2,678,1,1
3,0,112,532,1,5,615,-2,3,606,-1,1,549,-3,4,674,2,3,652,0,1,665,-2,2,677,1,1
