-8,232,-1,3,651,-22,651,254,-61,0,3,668,150,651,82,-61,-3,5,683,-145,667,377,-77,1,5,634,-26,633,258,-43,2,7,679,-103,671,335,-81,1,4,679,-24,679,256,-89,0,5,684,-188,658,420,-68,1,5,649,67,646,165,-56,0
-8,232,-1,3,648,-21,648,253,-58,0,3,665,150,648,82,-58,-3,5,677,-142,662,374,-72,1,5,629,-27,628,259,-38,2,7,672,-105,664,337,-74,1,4,675,-25,675,257,-85,0,5,680,-188,653,420,-63,1,5,644,66,641,166,-51,4
-8,232,-1,3,645,-20,645,252,-55,0,3,662,150,645,82,-55,-3,5,672,-139,657,371,-67,1,5,624,-28,623,260,-33,2,7,666,-107,657,339,-67,1,4,672,-26,671,258,-81,0,5,675,-188,648,420,-58,1,5,639,65,636,167,-46,2
8,240,-1,3,642,-11,642,251,-52,0,3,661,158,642,82,-52,-3,5,664,-128,652,368,-62,1,5,618,-21,618,261,-28,2,7,658,-101,650,341,-60,1,4,667,-19,667,259,-77,0,5,668,-180,643,420,-53,1,5,635,72,631,168,-41,1
8,240,-1,3,639,-10,639,250,-49,0,3,658,158,639,82,-49,-3,5,659,-125,647,365,-57,1,5,613,-22,613,262,-23,2,7,651,-103,643,343,-53,1,4,663,-20,663,260,-73,0,5,663,-180,638,420,-48,1,5,630,71,626,169,-36,5
8,248,-1,3,636,-1,636,249,-46,0,3,657,166,636,82,-46,-3,5,652,-114,642,362,-52,1,5,608,-15,608,263,-18,2,7,643,-97,636,345,-46,1,4,659,-13,659,261,-69,0,5,656,-172,633,420,-43,1,5,626,78,621,170,-31,1
8,248,-1,3,633,0,633,248,-43,0,3,654,166,633,82,-43,-3,5,647,-111,637,359,-47,1,5,603,-16,603,264,-13,2,7,637,-99,629,347,-39,1,4,655,-14,655,262,-65,0,5,651,-172,628,420,-38,1,5,621,77,616,171,-26,5
8,256,-1,3,630,9,630,247,-40,0,3,654,174,630,82,-40,-3,5,640,-100,632,356,-42,1,5,598,-9,598,265,-8,2,7,629,-93,622,349,-32,1,4,651,-7,651,263,-61,0,5,644,-164,623,420,-33,1,5,617,84,611,172,-21,1
8,256,-1,3,627,10,627,246,-37,0,3,651,174,627,82,-37,-3,5,634,-97,627,353,-37,1,5,593,-10,593,266,-3,2,7,622,-95,615,351,-25,1,4,647,-8,647,264,-57,0,5,639,-164,618,420,-28,1,5,612,83,606,173,-16,5
8,256,-1,3,624,11,624,245,-34,0,3,648,174,624,82,-34,-3,5,629,-94,622,350,-32,1,5,588,-11,588,267,2,2,7,616,-97,608,353,-18,1,4,643,-9,643,265,-53,0,5,635,-164,613,420,-23,1,5,607,82,601,174,-11,4
8,256,-1,3,621,12,621,244,-31,0,3,645,174,621,82,-31,-3,5,624,-91,617,347,-27,1,5,583,-12,583,268,7,2,7,609,-99,601,355,-11,1,4,639,-10,639,266,-49,0,5,630,-164,608,420,-18,1,5,601,81,596,175,-6,2
8,256,-1,3,618,13,618,243,-28,0,3,642,174,618,82,-28,-3,5,618,-88,612,344,-22,1,5,578,-13,578,269,12,2,7,603,-101,594,357,-4,1,4,635,-11,635,267,-45,0,5,625,-164,603,420,-13,1,5,596,80,591,176,-1,2
8,256,-1,3,615,14,615,242,-25,0,3,639,174,615,82,-25,-3,5,613,-85,607,341,-17,1,5,573,-14,573,270,17,2,7,596,-103,587,359,3,1,4,631,-12,631,268,-41,0,5,620,-164,598,420,-8,1,5,591,79,586,177,4,5
8,264,-1,3,612,23,612,241,-22,0,3,638,182,612,82,-22,-3,5,607,-74,602,338,-12,1,5,568,-7,568,271,22,2,7,588,-97,580,361,10,1,4,627,-5,627,269,-37,0,5,613,-156,593,420,-3,1,5,587,86,581,178,9,1
8,264,-1,3,609,24,609,240,-19,0,3,636,182,609,82,-19,-3,5,601,-71,597,335,-7,1,5,563,-8,563,272,27,2,7,581,-99,573,363,17,1,4,623,-6,623,270,-33,0,5,608,-156,588,420,2,1,5,582,85,576,179,14,4
-8,256,-1,3,606,17,606,239,-16,0,3,630,174,606,82,-16,-3,5,597,-76,592,332,-2,1,5,558,-17,558,273,32,2,7,576,-109,566,365,24,1,4,619,-15,619,271,-29,0,5,606,-164,583,420,7,1,5,576,76,571,180,19,0
8,264,-1,3,604,26,603,238,-13,0,3,630,182,603,82,-13,-3,5,591,-65,587,329,3,1,5,553,-10,553,274,37,2,7,568,-103,559,367,31,1,4,615,-8,615,272,-25,0,5,599,-156,578,420,12,1,5,572,83,566,181,24,1
8,264,-1,3,601,27,600,237,-10,0,3,627,182,600,82,-10,-3,5,585,-62,582,326,8,1,5,548,-11,548,275,42,2,7,562,-105,552,369,38,1,4,611,-9,611,273,-21,0,5,594,-156,573,420,17,1,5,567,82,561,182,29,4
-8,256,-1,3,597,20,597,236,-7,0,3,622,174,597,82,-7,-3,5,581,-67,577,323,13,1,5,543,-20,543,276,47,2,7,557,-115,545,371,45,1,4,607,-18,607,274,-17,0,5,591,-164,568,420,22,1,5,561,73,556,183,34,0
-8,248,-1,3,594,13,594,235,-4,0,3,617,166,594,82,-4,-3,5,577,-72,572,320,18,1,5,539,-29,538,277,52,2,7,552,-125,538,373,52,1,4,604,-27,603,275,-13,0,5,589,-172,563,420,27,1,5,555,64,551,184,39,0
-8,248,-1,3,591,14,591,234,-1,0,3,614,166,591,82,-1,-3,5,571,-69,567,317,23,1,5,534,-30,533,278,57,2,7,546,-127,531,375,59,1,4,600,-28,599,276,-9,0,5,584,-172,558,420,32,1,5,550,63,546,185,44,4
8,256,-1,3,588,23,588,233,2,0,3,613,174,588,82,2,-3,5,565,-58,562,314,28,1,5,529,-23,528,279,62,2,7,538,-121,524,377,66,1,4,595,-21,595,277,-5,0,5,577,-164,553,420,37,1,5,546,70,541,186,49,1
8,264,-1,3,586,32,585,232,5,0,3,613,182,585,82,5,-3,5,559,-47,557,311,33,1,5,523,-16,523,280,67,2,7,530,-115,517,379,73,1,4,591,-14,591,278,-1,0,5,570,-156,548,420,42,1,5,542,77,536,187,54,1
-8,256,-1,3,583,25,582,231,8,0,3,607,174,582,82,8,-3,5,554,-52,552,308,38,1,5,519,-25,518,281,72,2,7,525,-125,510,381,80,1,4,587,-23,587,279,3,0,5,567,-164,543,420,47,1,5,535,68,531,188,59,0
-8,256,-1,3,580,26,579,230,11,0,3,605,174,579,82,11,-3,5,549,-49,547,305,43,1,5,514,-26,513,282,77,2,7,519,-127,503,383,87,1,4,583,-24,583,280,7,0,5,562,-164,538,420,52,1,5,530,67,526,189,64,4
-8,256,-1,3,577,27,576,229,14,0,3,602,174,576,82,14,-3,5,544,-46,542,302,48,1,5,509,-27,508,283,82,2,7,513,-129,496,385,94,1,4,580,-25,579,281,11,0,5,558,-164,533,420,57,1,5,525,66,521,190,69,5
-8,256,-1,3,574,28,573,228,17,0,3,599,174,573,82,17,-3,5,539,-43,537,299,53,1,5,504,-28,503,284,87,2,7,506,-131,489,387,101,1,4,576,-26,575,282,15,0,5,553,-164,528,420,62,1,5,520,65,516,191,74,4
0,256,-1,3,571,29,570,227,20,0,3,596,174,570,82,20,-3,5,534,-40,532,296,58,1,5,499,-29,498,285,92,2,7,500,-133,482,389,108,1,4,572,-27,571,283,19,0,5,548,-164,523,420,67,1,5,515,64,511,192,79,3
8,264,-1,3,568,38,567,226,23,0,3,595,182,567,82,23,-3,5,528,-29,527,293,63,1,5,493,-22,493,286,97,2,7,492,-127,475,391,115,1,4,567,-20,567,284,23,0,5,541,-156,518,420,72,1,5,511,71,506,193,84,1
8,264,-1,3,565,39,564,225,26,0,3,593,182,564,82,26,-3,5,523,-26,522,290,68,1,5,489,-23,488,287,102,2,7,485,-129,468,393,122,1,4,563,-21,563,285,27,0,5,536,-156,513,420,77,1,5,506,70,501,194,89,4
-8,256,-1,3,562,32,561,224,29,0,3,587,174,561,82,29,-3,5,518,-31,517,287,73,1,5,484,-32,483,288,107,2,7,481,-139,461,395,129,1,4,560,-30,559,286,31,0,5,534,-164,508,420,82,1,5,500,61,496,195,94,0
-8,256,-1,3,559,33,558,223,32,0,3,584,174,558,82,32,-3,5,513,-28,512,284,78,1,5,479,-33,478,289,112,2,7,475,-141,454,397,136,1,4,556,-31,555,287,35,0,5,529,-164,503,420,87,1,5,495,60,491,196,99,5
-8,256,-1,3,556,34,555,222,35,0,3,582,174,555,82,35,-3,5,508,-25,507,281,83,1,5,474,-34,473,290,117,2,7,469,-143,447,399,143,1,4,552,-32,551,288,39,0,5,524,-164,498,420,92,1,5,490,59,486,197,104,5
-8,256,-1,3,553,35,552,221,38,0,3,579,174,552,82,38,-3,5,502,-22,502,278,88,1,5,469,-35,468,291,122,2,7,463,-145,440,401,150,1,4,548,-33,547,289,43,0,5,520,-164,493,420,97,1,5,484,58,481,198,109,5
-8,256,-1,3,550,36,549,220,41,0,3,576,174,549,82,41,-3,5,497,-19,497,275,93,1,5,464,-36,463,292,127,2,7,457,-147,433,403,157,1,4,544,-34,543,290,47,0,5,515,-164,488,420,102,1,5,479,57,476,199,114,4
-8,256,-1,3,547,37,546,219,44,0,3,573,174,546,82,44,-3,5,492,-16,492,272,98,1,5,459,-37,458,293,132,2,7,451,-149,426,405,164,1,4,540,-35,539,291,51,0,5,510,-164,483,420,107,-2,3,681,-74,677,330,-87,2
8,264,-1,3,545,46,543,218,47,0,3,573,182,543,82,47,-3,5,487,-5,487,269,103,1,5,454,-30,453,294,137,2,7,443,-143,419,407,171,1,4,536,-28,535,292,55,0,5,503,-156,478,420,112,-2,3,677,-64,674,328,-84,1
0,264,-1,3,542,47,540,217,50,0,3,570,182,540,82,50,-3,5,482,-2,482,266,108,1,5,449,-31,448,295,142,2,7,437,-145,412,409,178,1,4,532,-29,531,293,59,0,5,498,-156,473,420,117,-2,3,674,-62,671,326,-81,3
-8,256,-1,3,538,40,537,216,53,0,3,564,174,537,82,53,-3,5,477,-7,477,263,113,1,5,445,-40,443,296,147,2,7,434,-155,405,411,185,1,4,528,-38,527,294,63,0,5,496,-164,468,420,122,-2,3,671,-68,668,324,-78,0
-8,256,-1,3,536,41,534,215,56,0,3,562,174,534,82,56,-3,5,472,-4,472,260,118,1,5,440,-41,438,297,152,2,7,428,-157,398,413,192,1,4,524,-39,523,295,67,0,5,491,-164,463,420,127,-2,3,668,-66,665,322,-75,5
-8,256,-1,3,533,42,531,214,59,0,3,559,174,531,82,59,-3,5,467,-1,467,257,123,1,5,435,-42,433,298,157,2,7,422,-159,391,415,199,1,4,521,-40,519,296,71,0,5,486,-164,458,420,132,-2,3,665,-64,662,320,-72,4
-8,256,-1,3,530,43,528,213,62,0,3,556,174,528,82,62,1,5,430,-43,428,299,162,2,7,416,-161,384,417,206,1,4,517,-41,515,297,75,0,5,482,-164,453,420,137,-2,3,662,-62,659,318,-69,1,4,666,190,638,66,-48,5
-8,256,-1,3,527,44,525,212,65,0,3,553,174,525,82,65,1,5,425,-44,423,300,167,2,7,411,-163,377,419,213,1,4,513,-42,511,298,79,0,5,477,-164,448,420,142,-2,3,659,-60,656,316,-66,1,4,662,189,634,67,-44,5
-8,256,0,3,550,174,522,82,68,1,5,420,-45,418,301,172,2,7,405,-165,370,421,220,1,4,509,-43,507,299,83,0,5,472,-164,443,420,147,-2,3,656,-58,653,314,-63,1,4,657,188,630,68,-40,-3,7,653,7,653,249,-63,2
8,264,0,3,550,182,519,82,71,1,5,415,-38,413,302,177,2,7,396,-159,363,423,227,1,4,504,-36,503,300,87,0,5,465,-156,438,420,152,-2,3,652,-48,650,312,-60,1,4,656,195,626,69,-36,-3,7,646,18,646,246,-56,1
8,264,0,3,547,182,516,82,74,1,5,410,-39,408,303,182,2,7,391,-161,356,425,234,1,4,500,-37,499,301,91,0,5,460,-156,433,420,157,-2,3,649,-46,647,310,-57,1,4,652,194,622,70,-32,-3,7,639,21,639,243,-49,5
8,264,0,3,544,182,513,82,77,1,5,405,-40,403,304,187,2,7,385,-163,349,427,241,1,4,496,-38,495,302,95,0,5,456,-156,428,420,162,-2,3,646,-44,644,308,-54,1,4,647,193,618,71,-28,-3,7,632,24,632,240,-42,2
8,272,0,3,544,190,510,82,80,1,5,399,-33,398,305,192,2,7,376,-157,342,429,248,1,4,492,-31,491,303,99,0,5,448,-148,423,420,167,-2,3,642,-34,641,306,-51,1,4,646,200,614,72,-24,-3,7,626,35,625,237,-35,1
8,272,0,3,541,190,507,82,83,1,5,394,-34,393,306,197,2,7,371,-159,335,431,255,1,4,488,-32,487,304,103,0,5,443,-148,418,420,172,-2,3,639,-32,638,304,-48,1,4,642,199,610,73,-20,-3,7,619,38,618,234,-28,2
8,272,0,3,539,190,504,82,86,1,5,390,-35,388,307,202,2,7,365,-161,328,433,262,1,4,484,-33,483,305,107,0,5,439,-148,413,420,177,-2,3,636,-30,635,302,-45,1,4,638,198,606,74,-16,-3,7,612,41,611,231,-21,5
0,272,0,3,536,190,501,82,89,1,5,385,-36,383,308,207,2,7,360,-163,321,435,269,1,4,480,-34,479,306,111,0,5,434,-148,408,420,182,-2,3,633,-28,632,300,-42,1,4,633,197,602,75,-12,-3,7,606,44,604,228,-14,3
8,280,0,3,536,198,498,82,92,1,5,379,-29,378,309,212,2,7,351,-157,314,437,276,1,4,476,-27,475,307,115,0,5,427,-140,403,420,187,-2,3,629,-18,629,298,-39,1,4,632,204,598,76,-8,-3,7,600,55,597,225,-7,1
8,288,0,3,536,206,495,82,95,1,5,374,-22,373,310,217,2,7,342,-151,307,439,283,1,4,471,-20,471,308,119,0,5,419,-132,398,420,192,-2,3,626,-8,626,296,-36,1,4,630,211,594,77,-4,-3,7,594,66,590,222,0,1
8,288,0,3,533,206,492,82,98,1,5,369,-23,368,311,222,2,7,337,-153,300,441,290,1,4,467,-21,467,309,123,0,5,415,-132,393,420,197,-2,3,623,-6,623,294,-33,1,4,626,210,590,78,0,-3,7,587,69,583,219,7,5
8,296,0,3,534,214,489,82,101,1,5,363,-16,363,312,227,2,7,328,-147,293,443,297,1,4,463,-14,463,310,127,0,5,407,-124,388,420,202,-2,3,620,4,620,292,-30,1,4,625,217,586,79,4,-3,3,667,2,667,294,-77,1
8,296,0,3,531,214,486,82,104,1,5,358,-17,358,313,232,2,7,322,-149,286,445,304,1,4,459,-15,459,311,131,0,5,403,-124,383,420,207,-2,3,617,6,617,290,-27,1,4,621,216,582,80,8,-3,3,664,5,664,291,-74,4
8,296,0,3,528,214,483,82,107,1,5,353,-18,353,314,237,2,7,317,-151,279,447,311,1,4,455,-16,455,312,135,0,5,398,-124,378,420,212,-2,3,614,8,614,288,-24,1,4,617,215,578,81,12,-3,3,661,8,661,288,-71,4
8,304,0,3,529,222,480,82,110,1,5,348,-11,348,315,242,2,7,308,-145,272,449,318,1,4,451,-9,451,313,139,0,5,391,-116,373,420,217,-2,3,611,18,611,286,-21,1,4,615,222,574,82,16,-3,3,658,19,658,285,-68,1
0,304,0,3,526,222,477,82,113,1,5,343,-12,343,316,247,2,7,303,-147,265,451,325,1,4,447,-10,447,314,143,0,5,386,-116,368,420,222,-2,3,608,20,608,284,-18,1,4,611,221,570,83,20,-3,3,655,22,655,282,-65,3
0,304,0,3,523,222,474,82,116,1,5,338,-13,338,317,252,2,7,298,-149,258,453,332,1,4,443,-11,443,315,147,0,5,381,-116,363,420,227,-2,3,605,22,605,282,-15,1,4,607,220,566,84,24,-3,3,652,25,652,279,-62,5
0,304,0,3,521,222,471,82,119,1,5,333,-14,333,318,257,2,7,293,-151,251,455,339,1,4,439,-12,439,316,151,0,5,376,-116,358,420,232,-2,3,602,24,602,280,-12,1,4,603,219,562,85,28,-3,3,650,28,649,276,-59,3
8,312,0,3,521,230,468,82,122,1,5,328,-7,328,319,262,2,7,284,-145,244,457,346,1,4,435,-5,435,317,155,0,5,369,-108,353,420,237,-2,3,600,34,599,278,-9,1,4,602,226,558,86,32,-3,3,647,39,646,273,-56,1
-8,304,0,3,515,222,465,82,125,1,5,323,-16,323,320,267,2,6,701,229,663,75,-73,1,4,431,-14,431,318,159,0,5,367,-116,348,420,242,-2,3,597,28,596,276,-6,1,4,595,217,554,87,36,-3,3,644,34,643,270,-53,0
-8,304,0,3,513,222,462,82,128,1,5,318,-17,318,321,272,2,6,695,227,657,77,-67,1,4,427,-15,427,319,163,0,5,362,-116,343,420,247,-2,3,594,30,593,274,-3,1,4,591,216,550,88,40,-3,3,641,37,640,267,-50,4
0,304,0,3,510,222,459,82,131,1,5,314,-18,313,322,277,2,6,689,225,651,79,-61,1,4,423,-16,423,320,167,0,5,357,-116,338,420,252,-2,3,591,32,590,272,0,1,4,587,215,546,89,44,2,5,690,18,690,286,-100,3
-8,296,0,3,504,214,456,82,134,1,5,309,-27,308,323,282,2,6,680,215,645,81,-55,1,4,420,-25,419,321,171,0,5,355,-124,333,420,257,1,4,580,206,542,90,48,2,5,685,8,685,288,-95,-3,7,696,-121,685,417,-95,0
8,304,0,3,504,222,453,82,137,1,5,304,-20,303,324,287,2,6,676,221,639,83,-49,1,4,415,-18,415,322,175,0,5,348,-116,328,420,262,1,4,579,213,538,91,52,2,5,680,14,680,290,-90,-3,7,687,-110,678,414,-88,1
8,312,0,3,505,230,450,82,140,1,5,298,-13,298,325,292,2,6,672,227,633,85,-43,1,4,411,-11,411,323,179,0,5,341,-108,323,420,267,1,4,578,220,534,92,56,2,5,675,20,675,292,-85,-3,7,678,-99,671,411,-81,1
8,320,0,3,506,238,447,82,143,1,5,293,-6,293,326,297,2,6,669,233,627,87,-37,1,4,407,-4,407,324,183,0,5,333,-100,318,420,272,1,4,577,227,530,93,60,2,5,671,26,670,294,-80,-3,7,670,-88,664,408,-74,1
8,328,0,3,508,246,444,82,146,1,5,288,1,288,327,302,2,6,665,239,621,89,-31,1,4,403,3,403,325,187,0,5,326,-92,313,420,277,1,4,576,234,526,94,64,2,5,666,32,665,296,-75,-3,7,661,-77,657,405,-67,1
8,328,0,3,505,246,441,82,149,1,5,283,0,283,328,307,2,6,659,237,615,91,-25,1,4,399,2,399,326,191,0,5,321,-92,308,420,282,1,4,572,233,522,95,68,2,5,661,30,660,298,-70,-3,7,654,-74,650,402,-60,4
8,328,0,3,502,246,438,82,152,1,5,278,-1,278,329,312,2,6,653,235,609,93,-19,1,4,395,1,395,327,195,0,5,317,-92,303,420,287,1,4,568,232,518,96,72,2,5,656,28,655,300,-65,-3,7,647,-71,643,399,-53,4
8,328,0,3,500,246,435,82,155,1,5,273,-2,273,330,317,2,6,646,233,603,95,-13,1,4,391,0,391,328,199,0,5,312,-92,298,420,292,1,4,564,231,514,97,76,2,5,651,26,650,302,-60,-3,7,640,-68,636,396,-46,2
-8,320,0,3,493,238,432,82,158,1,5,268,-11,268,331,322,2,6,637,223,597,97,-7,1,4,387,-9,387,329,203,0,5,310,-100,293,420,297,1,4,556,222,510,98,80,2,5,645,16,645,304,-55,-3,7,633,-73,629,393,-39,0
8,328,0,3,495,246,429,82,161,1,5,263,-4,263,332,327,2,6,634,229,591,99,-1,1,4,383,-2,383,330,207,0,5,302,-92,288,420,302,1,4,555,229,506,99,84,2,5,640,22,640,306,-50,-3,7,625,-62,622,390,-32,1
8,328,0,3,492,246,426,82,164,1,5,258,-5,258,333,332,2,6,627,227,585,101,5,1,4,379,-3,379,331,211,0,5,298,-92,283,420,307,1,4,551,228,502,100,88,2,5,635,20,635,308,-45,-3,7,618,-59,615,387,-25,4
8,328,0,3,489,246,423,82,167,1,5,253,-6,253,334,337,2,6,621,225,579,103,11,1,4,375,-4,375,332,215,0,5,293,-92,278,420,312,1,4,547,227,498,101,92,2,5,630,18,630,310,-40,-3,7,611,-56,608,384,-18,4
8,336,0,3,491,254,420,82,170,1,5,248,1,248,335,342,2,6,618,231,573,105,17,1,4,371,3,371,333,219,0,5,286,-84,273,420,317,1,4,547,234,494,102,96,2,5,625,24,625,312,-35,-3,7,603,-45,601,381,-11,1
-8,328,0,3,484,246,417,82,173,1,5,243,-8,243,336,347,2,6,609,221,567,107,23,1,4,367,-6,367,334,223,0,5,283,-92,268,420,322,1,4,539,225,490,103,100,2,5,620,14,620,314,-30,-3,7,596,-50,594,378,-4,0
-8,328,0,3,482,246,414,82,176,1,5,238,-9,238,337,352,2,6,602,219,561,109,29,1,4,363,-7,363,335,227,0,5,279,-92,263,420,327,1,4,535,224,486,104,104,2,5,615,12,615,316,-25,-3,7,589,-47,587,375,3,2
0,328,0,3,479,246,411,82,179,1,5,233,-10,233,338,357,2,6,596,217,555,111,35,1,4,359,-8,359,336,231,0,5,274,-92,258,420,332,1,4,531,223,482,105,108,2,5,610,10,610,318,-20,-3,7,582,-44,580,372,10,3
-8,320,0,3,472,238,408,82,182,1,5,229,-19,228,339,362,2,6,587,207,549,113,41,1,4,355,-17,355,337,235,0,5,272,-100,253,420,337,1,4,524,214,478,106,112,2,5,605,0,605,320,-15,-3,7,575,-49,573,369,17,0
-8,320,0,3,470,238,405,82,185,1,5,224,-20,223,340,367,2,6,580,205,543,115,47,1,4,351,-18,351,338,239,0,5,267,-100,248,420,342,1,4,520,213,474,107,116,2,5,600,-2,600,322,-10,-3,7,568,-46,566,366,24,2
-8,320,0,3,467,238,402,82,188,1,5,219,-21,218,341,372,2,6,574,203,537,117,53,1,4,348,-19,347,339,243,0,5,263,-100,243,420,347,1,4,516,212,470,108,120,2,5,595,-4,595,324,-5,-3,7,561,-43,559,363,31,4
-8,320,0,3,465,238,399,82,191,1,5,214,-22,213,342,377,2,6,568,201,531,119,59,1,4,344,-20,343,340,247,0,5,258,-100,238,420,352,1,4,512,211,466,109,124,2,5,590,-6,590,326,0,-3,7,553,-40,552,360,38,4
-8,320,0,3,462,238,396,82,194,1,5,209,-23,208,343,382,2,6,561,199,525,121,65,1,4,340,-21,339,341,251,0,5,254,-100,233,420,357,1,4,507,210,462,110,128,2,5,585,-8,585,328,5,-3,7,546,-37,545,357,45,5
-8,320,0,3,459,238,393,82,197,1,5,204,-24,203,344,387,2,6,555,197,519,123,71,1,4,336,-22,335,342,255,0,5,249,-100,228,420,362,1,4,503,209,458,111,132,2,5,580,-10,580,330,10,-3,7,539,-34,538,354,52,2
-8,320,0,3,457,238,390,82,200,1,5,200,-25,198,345,392,2,6,549,195,513,125,77,1,4,332,-23,331,343,259,0,5,244,-100,223,420,367,1,4,499,208,454,112,136,2,5,575,-12,575,332,15,-3,7,532,-31,531,351,59,2
-8,320,0,3,454,238,387,82,203,1,5,195,-26,193,346,397,2,6,542,193,507,127,83,1,4,328,-24,327,344,263,0,5,240,-100,218,420,372,1,4,495,207,450,113,140,2,5,570,-14,570,334,20,-3,7,525,-28,524,348,66,5
8,328,0,3,456,246,384,82,206,1,5,189,-19,188,347,402,2,6,539,199,501,129,89,1,4,323,-17,323,345,267,0,5,232,-92,213,420,377,1,4,495,214,446,114,144,2,5,565,-8,565,336,25,-3,7,517,-17,517,345,73,1
8,328,0,3,454,246,381,82,209,1,5,184,-20,183,348,407,2,6,533,197,495,131,95,1,4,320,-18,319,346,271,0,5,227,-92,208,420,382,1,4,491,213,442,115,148,2,5,560,-10,560,338,30,-3,7,510,-14,510,342,80,2
-8,320,0,3,447,238,378,82,212,1,5,180,-29,178,349,412,2,6,524,187,489,133,101,1,4,316,-27,315,347,275,0,5,226,-100,203,420,387,1,4,483,204,438,116,152,2,5,555,-20,555,340,35,-3,7,503,-19,503,339,87,0
-8,320,0,3,444,238,375,82,215,1,5,176,-30,173,350,417,2,6,517,185,483,135,107,1,4,312,-28,311,348,279,0,5,222,-100,198,420,392,1,4,479,203,434,117,156,2,5,550,-22,550,342,40,-3,7,496,-16,496,336,94,5
8,328,0,3,446,246,372,82,218,1,5,170,-23,168,351,422,2,6,514,191,477,137,113,1,4,308,-21,307,349,283,0,5,214,-92,193,420,397,1,4,479,210,430,118,160,2,5,545,-16,545,344,45,-3,7,489,-5,489,333,101,1
0,328,0,3,443,246,369,82,221,1,5,165,-24,163,352,427,2,6,508,189,471,139,119,1,4,304,-22,303,350,287,0,5,209,-92,188,420,402,1,4,475,209,426,119,164,2,5,540,-18,540,346,50,-3,7,482,-2,482,330,108,3
8,336,0,3,446,254,366,82,224,1,5,159,-17,158,353,432,2,6,504,195,465,141,125,1,4,299,-15,299,351,291,0,5,201,-84,183,420,407,1,4,474,216,422,120,168,2,5,535,-12,535,348,55,-3,7,475,9,475,327,115,1
8,336,0,3,443,254,363,82,227,1,5,154,-18,153,354,437,2,6,498,193,459,143,131,1,4,295,-16,295,352,295,0,5,197,-84,178,420,412,1,4,470,215,418,121,172,2,5,530,-14,530,350,60,-3,7,468,12,468,324,122,5
8,344,0,3,445,262,360,82,230,1,5,148,-11,148,355,442,2,6,495,199,453,145,137,1,4,291,-9,291,353,299,0,5,189,-76,173,420,417,1,4,470,222,414,122,176,2,5,525,-8,525,352,65,-3,7,462,23,461,321,129,1
8,352,0,3,448,270,357,82,233,1,5,143,-4,143,356,447,2,6,492,205,447,147,143,1,4,287,-2,287,354,303,0,5,181,-68,168,420,422,1,4,470,229,410,123,180,2,5,520,-2,520,354,70,-3,7,455,34,454,318,136,1
-8,344,0,3,440,262,354,82,236,1,5,139,-13,138,357,452,2,6,482,195,441,149,149,1,4,283,-11,283,355,307,0,5,180,-76,163,420,427,1,4,462,220,406,124,184,2,5,515,-12,515,356,75,-3,7,448,29,447,315,143,0
-8,344,0,3,438,262,351,82,239,1,5,134,-14,133,358,457,2,6,476,193,435,151,155,1,4,279,-12,279,356,311,0,5,175,-76,158,420,432,1,4,458,219,402,125,188,2,5,510,-14,510,358,80,-2,2,679,64,676,280,-86,5
8,352,0,3,440,270,348,82,242,1,5,128,-7,128,359,462,2,6,473,199,429,153,161,1,4,275,-5,275,357,315,0,5,167,-68,153,420,437,1,4,458,226,398,126,192,2,5,505,-8,505,360,85,0,7,669,7,669,345,-79,1
8,352,0,3,438,270,345,82,245,1,5,123,-8,123,360,467,2,6,467,197,423,155,167,1,4,271,-6,271,358,319,0,5,163,-68,148,420,442,1,4,454,225,394,127,196,2,5,500,-10,500,362,90,0,7,662,7,662,345,-72,4
-8,344,0,3,431,262,342,82,248,1,5,119,-17,118,361,472,2,6,457,187,417,157,173,1,4,267,-15,267,359,323,0,5,162,-76,143,420,447,1,4,446,216,390,128,200,2,5,495,-20,495,364,95,0,7,655,-1,655,345,-65,0
-8,336,0,3,424,254,339,82,251,1,5,116,-26,113,362,477,2,6,447,177,411,159,179,1,4,264,-24,263,360,327,0,5,162,-84,138,420,452,1,4,438,207,386,129,204,2,5,491,-30,490,366,100,0,7,648,-9,648,345,-58,0
-8,336,0,3,421,254,336,82,254,1,5,111,-27,108,363,482,2,6,441,175,405,161,185,1,4,260,-25,259,361,331,0,5,157,-84,133,420,457,1,4,434,206,382,130,208,2,5,486,-32,485,368,105,0,7,641,-9,641,345,-51,2
-8,328,0,3,414,246,333,82,257,1,5,109,-36,103,364,487,2,6,432,165,399,163,191,1,4,257,-34,255,362,335,0,5,158,-92,128,420,462,1,4,426,197,378,131,212,2,5,482,-42,480,370,110,0,7,634,-17,634,345,-44,0
-8,328,0,3,412,246,330,82,260,1,5,105,-37,98,365,492,2,6,425,163,393,165,197,1,4,253,-35,251,363,339,0,5,154,-92,123,420,467,1,4,422,196,374,132,216,2,5,477,-44,475,372,115,0,7,627,-17,627,345,-37,5
8,336,0,3,414,254,327,82,263,1,5,98,-30,93,366,497,2,6,422,169,387,167,203,1,4,249,-28,247,364,343,0,5,145,-84,118,420,472,1,4,422,203,370,133,220,2,5,472,-38,470,374,120,0,7,620,-9,620,345,-30,1
8,336,0,3,412,254,324,82,266,1,5,93,-31,88,367,502,2,6,416,167,381,169,209,1,4,245,-29,243,365,347,0,5,141,-84,113,420,477,1,4,418,202,366,134,224,2,5,467,-40,465,376,125,0,7,613,-9,613,345,-23,4
8,336,0,3,409,254,321,82,269,1,5,89,-32,83,368,507,2,6,410,165,375,171,215,1,4,241,-30,239,366,351,0,5,137,-84,108,420,482,1,4,414,201,362,135,228,2,5,462,-42,460,378,130,0,7,606,-9,606,345,-16,5
8,336,0,3,407,254,318,82,272,1,5,85,-33,78,369,512,2,6,403,163,369,173,221,1,4,237,-31,235,367,355,0,5,133,-84,103,420,487,1,4,410,200,358,136,232,2,5,457,-44,455,380,135,0,7,599,-9,599,345,-9,4
0,336,0,3,405,254,315,82,275,1,5,81,-34,73,370,517,2,6,397,161,363,175,227,1,4,233,-32,231,368,359,0,5,129,-84,98,420,492,1,4,406,199,354,137,236,2,5,452,-46,450,382,140,0,7,592,-9,592,345,-2,3
0,336,0,3,402,254,312,82,278,1,5,76,-35,68,371,522,2,6,391,159,357,177,233,1,4,229,-33,227,369,363,0,5,125,-84,93,420,497,1,4,402,198,350,138,240,2,5,448,-48,445,384,145,0,7,585,-9,585,345,5,5
0,336,0,3,400,254,309,82,281,1,5,73,-36,63,372,527,2,6,385,157,351,179,239,1,4,226,-34,223,370,367,0,5,122,-84,88,420,502,1,4,398,197,346,139,244,2,5,443,-50,440,386,150,0,7,578,-9,578,345,12,4
8,344,0,3,403,262,306,82,284,1,5,65,-29,58,373,532,2,6,382,163,345,181,245,1,4,221,-27,219,371,371,0,5,113,-76,83,420,507,1,4,398,204,342,140,248,2,5,437,-44,435,388,155,0,7,571,-1,571,345,19,1
8,344,0,3,401,262,303,82,287,1,5,61,-30,53,374,537,2,6,375,161,339,183,251,1,4,217,-28,215,372,375,0,5,109,-76,78,420,512,1,4,394,203,338,141,252,2,5,432,-46,430,390,160,0,7,564,-1,564,345,26,4
-8,336,0,3,393,254,300,82,290,1,5,62,-39,48,375,542,2,6,366,151,333,185,257,1,4,214,-37,211,373,379,0,5,111,-84,73,420,517,1,4,386,194,334,142,256,2,5,429,-56,425,392,165,0,7,557,-9,557,345,33,0
0,336,0,3,391,254,297,82,293,1,5,59,-40,43,376,547,2,6,359,149,327,187,263,1,4,210,-38,207,374,383,0,5,108,-84,68,420,522,1,4,382,193,330,143,260,2,5,424,-58,420,394,170,0,7,550,-9,550,345,40,3
0,336,0,3,389,254,294,82,296,1,5,56,-41,38,377,552,2,6,353,147,321,189,269,1,4,207,-39,203,375,387,0,5,105,-84,63,420,527,1,4,378,192,326,144,264,2,5,419,-60,415,396,175,0,7,543,-9,543,345,47,2
-8,328,0,3,381,246,291,82,299,1,5,60,-50,33,378,557,2,6,344,137,315,191,275,1,4,205,-48,199,376,391,0,5,109,-92,58,420,532,1,4,370,183,322,145,268,2,5,416,-70,410,398,180,0,7,536,-17,536,345,54,0
-8,328,0,3,379,246,288,82,302,1,5,58,-51,28,379,562,2,6,337,135,309,193,281,1,4,201,-49,195,377,395,0,5,106,-92,53,420,537,1,4,366,182,318,146,272,2,5,411,-72,405,400,185,0,7,529,-17,529,345,61,5
-8,328,0,3,376,246,285,82,305,1,5,57,-52,23,380,567,2,6,331,133,303,195,287,1,4,197,-50,191,378,399,0,5,104,-92,48,420,542,1,4,362,181,314,147,276,2,5,407,-74,400,402,190,0,7,522,-17,522,345,68,2
-8,328,0,3,374,246,282,82,308,1,5,56,-53,18,381,572,2,6,325,131,297,197,293,1,4,194,-51,187,379,403,0,5,102,-92,43,420,547,1,4,358,180,310,148,280,2,5,402,-76,395,404,195,0,7,515,-17,515,345,75,4
-8,320,0,3,367,238,279,82,311,1,5,63,-62,13,382,577,2,6,315,121,291,199,299,1,4,193,-60,183,380,407,0,5,107,-100,38,420,552,1,4,351,171,306,149,284,2,5,399,-86,390,406,200,0,7,509,-25,508,345,82,0
8,328,0,3,370,246,276,82,314,1,5,56,-55,8,383,582,2,6,312,127,285,201,305,1,4,187,-53,179,381,411,0,5,98,-92,33,420,557,1,4,351,178,302,150,288,2,5,393,-80,385,408,205,0,7,501,-17,501,345,89,1
8,328,0,3,367,246,273,82,317,1,5,56,-56,3,384,587,2,6,306,125,279,203,311,1,4,183,-54,175,382,415,0,5,96,-92,28,420,562,1,4,347,177,298,151,292,2,5,389,-82,380,410,210,0,7,494,-17,494,345,96,5
8,328,0,3,365,246,270,82,320,1,5,57,-57,-2,385,592,2,6,299,123,273,205,317,1,4,180,-55,171,383,419,0,5,95,-92,23,420,567,1,4,343,176,294,152,296,2,5,384,-84,375,412,215,0,7,487,-17,487,345,103,2
8,328,0,3,363,246,267,82,323,1,5,58,-58,-7,386,597,2,6,293,121,267,207,323,1,4,176,-56,167,384,423,0,5,94,-92,18,420,572,1,4,339,175,290,153,300,2,5,380,-86,370,414,220,0,7,480,-17,480,345,110,2
8,336,0,3,366,254,264,82,326,1,5,52,-51,-12,387,602,2,6,290,127,261,209,329,1,4,170,-49,163,385,427,0,5,85,-84,13,420,577,1,4,339,182,286,154,304,2,5,374,-80,365,416,225,0,7,473,-9,473,345,117,1
8,336,0,3,364,254,261,82,329,1,5,55,-52,-17,388,607,2,6,284,125,255,211,335,1,4,167,-50,159,386,431,0,5,84,-84,8,420,582,1,4,335,181,282,155,308,2,5,369,-82,360,418,230,0,7,466,-9,466,345,124,5
8,336,0,3,362,254,258,82,332,1,4,735,302,670,34,-80,2,6,278,123,249,213,341,1,4,163,-51,155,387,435,0,5,84,-84,3,420,587,1,4,331,180,278,156,312,2,5,365,-84,355,420,235,0,7,459,-9,459,345,131,2
8,336,0,3,360,254,255,82,335,1,4,731,301,666,35,-76,2,6,271,121,243,215,347,1,4,160,-52,151,388,439,0,5,84,-84,-2,420,592,1,4,327,179,274,157,316,2,5,360,-86,350,422,240,2,1,685,222,648,114,-58,2
-8,328,0,3,352,246,252,82,338,1,4,724,292,662,36,-72,2,6,262,111,237,217,353,1,4,159,-61,147,389,443,0,5,92,-92,-7,420,597,1,4,319,170,270,158,320,2,5,358,-96,345,424,245,2,1,681,212,647,116,-57,0
-8,328,0,3,350,246,249,82,341,1,4,719,291,658,37,-68,2,6,255,109,231,219,359,1,4,156,-62,143,390,447,0,5,93,-92,-12,420,602,1,4,315,169,266,159,324,2,5,354,-98,340,426,250,2,1,679,210,646,118,-56,4
-8,320,0,3,342,238,246,82,344,1,4,712,282,654,38,-64,2,6,246,99,225,221,365,1,4,156,-71,139,391,451,0,5,101,-100,-17,420,607,1,4,307,160,262,160,328,2,5,352,-108,335,428,255,2,1,675,200,645,120,-55,0
-8,312,0,3,335,230,243,82,347,1,4,705,273,650,39,-60,2,6,236,89,219,223,371,1,4,157,-80,135,392,455,0,1,723,289,663,23,-73,1,4,299,151,258,161,332,2,5,350,-118,330,430,260,2,1,671,190,644,122,-54,0
-8,312,0,3,332,230,240,82,350,1,4,701,272,646,40,-56,2,6,230,87,213,225,377,1,4,154,-81,131,393,459,0,1,722,289,662,23,-72,1,4,295,150,254,162,336,2,5,346,-120,325,432,265,2,1,670,188,643,124,-53,5
-8,304,0,3,325,222,237,82,353,1,4,694,263,642,41,-52,2,6,221,77,207,227,383,1,4,156,-90,127,394,463,0,1,718,281,661,23,-71,1,4,287,141,250,163,340,2,5,345,-130,320,434,270,2,1,666,178,642,126,-52,0
-8,304,0,3,323,222,234,82,356,1,4,690,262,638,42,-48,2,6,215,75,201,229,389,1,4,153,-91,123,395,467,0,1,717,281,660,23,-70,1,4,283,140,246,164,344,2,5,342,-132,315,436,275,2,1,665,176,641,128,-51,2
-8,304,0,3,320,222,231,82,359,1,4,686,261,634,43,-44,2,6,208,73,195,231,395,1,4,150,-92,119,396,471,0,1,716,281,659,23,-69,1,4,279,139,242,165,348,2,5,338,-134,310,438,280,2,1,663,174,640,130,-50,2
-8,304,0,3,318,222,228,82,362,1,4,682,260,630,44,-40,2,6,202,71,189,233,401,1,4,148,-93,115,397,475,0,1,715,281,658,23,-68,1,4,275,138,238,166,352,2,5,334,-136,305,440,285,2,1,662,172,639,132,-49,4
-8,304,0,3,316,222,225,82,365,1,4,677,259,626,45,-36,2,6,196,69,183,235,407,1,4,145,-94,111,398,479,0,1,715,281,657,23,-67,1,4,271,137,234,167,356,2,5,330,-138,300,442,290,2,1,660,170,638,134,-48,2
-8,296,0,3,308,214,222,82,368,1,4,670,250,622,46,-32,2,6,187,59,177,237,413,1,4,149,-103,107,399,483,0,1,711,273,656,23,-66,1,4,263,128,230,168,360,2,5,330,-148,295,444,295,2,1,657,160,637,136,-47,0
-8,296,0,3,306,214,219,82,371,1,4,666,249,618,47,-28,2,6,180,57,171,239,419,1,4,146,-104,103,400,487,0,1,710,273,655,23,-65,1,4,259,127,226,169,364,2,5,326,-150,290,446,300,2,1,655,158,636,138,-46,5
-8,296,0,3,304,214,216,82,374,1,4,662,248,614,48,-24,2,6,174,55,165,241,425,1,4,144,-105,99,401,491,0,1,709,273,654,23,-64,1,4,255,126,222,170,368,2,5,323,-152,285,448,305,2,1,654,156,635,140,-45,5
0,296,0,3,302,214,213,82,377,1,4,658,247,610,49,-20,2,6,168,53,159,243,431,1,4,142,-106,95,402,495,0,1,708,273,653,23,-63,1,4,251,125,218,171,372,2,5,320,-154,280,450,310,2,1,652,154,634,142,-44,3
0,296,0,3,300,214,210,82,380,1,4,654,246,606,50,-16,2,6,161,51,153,245,437,1,4,140,-107,91,403,499,0,1,707,273,652,23,-62,1,4,247,124,214,172,376,2,5,316,-156,275,452,315,2,1,651,152,633,144,-43,2
0,296,0,3,298,214,207,82,383,1,4,650,245,602,51,-12,2,6,155,49,147,247,443,1,4,139,-108,87,404,503,0,1,706,273,651,23,-61,1,4,243,123,210,173,380,2,5,313,-158,270,454,320,2,1,650,150,632,146,-42,5
0,296,0,3,296,214,204,82,386,1,4,646,244,598,52,-8,1,4,137,-109,83,405,507,0,1,705,273,650,23,-60,1,4,239,122,206,174,384,2,5,310,-160,265,456,325,2,1,648,148,631,148,-41,-1,5,698,225,661,71,-71,5
0,296,0,3,294,214,201,82,389,1,4,642,243,594,53,-4,1,4,135,-110,79,406,511,0,1,704,273,649,23,-59,1,4,235,121,202,175,388,2,2,687,186,661,110,-71,2,1,647,146,630,150,-40,-1,5,694,226,656,70,-66,2
0,296,0,3,292,214,198,82,392,1,4,638,242,590,54,0,1,4,134,-111,75,407,515,0,1,703,273,648,23,-58,1,4,232,120,198,176,392,2,2,684,184,659,112,-69,2,1,645,144,629,152,-39,-1,5,689,227,651,69,-61,5
0,296,0,3,290,214,195,82,395,1,4,634,241,586,55,4,1,4,133,-112,71,408,519,0,1,702,273,647,23,-57,1,4,228,119,194,177,396,2,2,682,182,657,114,-67,2,1,644,142,628,154,-38,-1,5,685,228,646,68,-56,5
8,304,0,3,294,222,192,82,398,1,4,633,248,582,56,8,1,4,125,-105,67,409,523,0,1,704,281,646,23,-56,1,4,228,126,190,178,400,2,2,681,188,655,116,-65,2,1,644,148,627,156,-37,-1,5,683,237,641,67,-51,1
-8,296,0,3,286,214,189,82,401,1,4,625,239,578,57,12,1,4,130,-114,63,410,527,0,1,700,273,645,23,-55,1,4,220,117,186,179,404,2,2,677,178,653,118,-63,2,1,641,138,626,158,-36,-1,5,676,230,636,66,-46,0
0,296,0,3,284,214,186,82,404,1,4,621,238,574,58,16,1,4,129,-115,59,411,531,0,1,699,273,644,23,-54,1,4,216,116,182,180,408,2,2,674,176,651,120,-61,2,1,640,136,625,160,-35,-1,5,672,231,631,65,-41,3
0,296,0,3,282,214,183,82,407,1,4,617,237,570,59,20,1,4,128,-116,55,412,535,0,1,699,273,643,23,-53,1,4,212,115,178,181,412,2,2,672,174,649,122,-59,2,1,638,134,624,162,-34,-1,5,668,232,626,64,-36,3
0,296,0,3,280,214,180,82,410,1,4,613,236,566,60,24,1,4,128,-117,51,413,539,0,1,698,273,642,23,-52,1,4,208,114,174,182,416,2,2,669,172,647,124,-57,2,1,637,132,623,164,-33,-1,5,663,233,621,63,-31,5
0,296,0,3,278,214,177,82,413,1,4,609,235,562,61,28,1,4,127,-118,47,414,543,0,1,697,273,641,23,-51,1,4,204,113,170,183,420,2,2,667,170,645,126,-55,2,1,635,130,622,166,-32,-1,5,659,234,616,62,-26,3
0,296,0,3,276,214,174,82,416,1,4,605,234,558,62,32,1,4,127,-119,43,415,547,0,1,696,273,640,23,-50,1,4,200,112,166,184,424,2,2,665,168,643,128,-53,2,1,634,128,621,168,-31,-1,5,655,235,611,61,-21,2
0,296,0,3,274,214,171,82,419,1,4,601,233,554,63,36,1,4,126,-120,39,416,551,0,1,695,273,639,23,-49,1,4,196,111,162,185,428,2,2,662,166,641,130,-51,2,1,633,126,620,170,-30,-1,5,650,236,606,60,-16,5
0,296,0,3,272,214,168,82,422,1,4,597,232,550,64,40,1,4,126,-121,35,417,555,0,1,694,273,638,23,-48,1,4,193,110,158,186,432,2,2,660,164,639,132,-49,2,1,631,124,619,172,-29,-1,5,646,237,601,59,-11,4
-8,288,0,3,264,206,165,82,425,1,4,590,223,546,65,44,1,4,134,-130,31,418,559,0,1,690,265,637,23,-47,1,4,184,101,154,187,436,2,2,655,154,637,134,-47,2,1,628,114,618,174,-28,-1,5,639,230,596,58,-6,0
-8,288,0,3,262,206,162,82,428,1,4,586,222,542,66,48,1,4,134,-131,27,419,563,0,1,689,265,636,23,-46,1,4,180,100,150,188,440,2,2,653,152,635,136,-45,2,1,627,112,617,176,-27,-1,5,635,231,591,57,-1,5
-8,280,0,3,254,198,159,82,431,1,4,579,213,538,67,52,1,4,142,-140,23,420,567,0,1,685,257,635,23,-45,1,4,172,91,146,189,444,2,2,649,142,633,138,-43,2,1,624,102,616,178,-26,-1,5,627,224,586,56,4,0
-8,280,0,3,252,198,156,82,434,1,4,575,212,534,68,56,1,4,142,-141,19,421,571,0,1,684,257,634,23,-44,1,4,168,90,142,190,448,2,2,646,140,631,140,-41,2,1,623,100,615,180,-25,-1,5,623,225,581,55,9,5
-8,280,0,3,250,198,153,82,437,1,4,570,211,530,69,60,1,4,143,-142,15,422,575,0,1,683,257,633,23,-43,1,4,164,89,138,191,452,2,2,644,138,629,142,-39,2,1,622,98,614,182,-24,-1,5,619,226,576,54,14,2
-8,280,0,3,248,198,150,82,440,1,4,566,210,526,70,64,1,4,143,-143,11,423,579,0,1,682,257,632,23,-42,1,4,160,88,134,192,456,2,2,642,136,627,144,-37,2,1,620,96,613,184,-23,-1,5,614,227,571,53,19,5
-8,280,0,3,247,198,147,82,443,1,4,562,209,522,71,68,1,4,144,-144,7,424,583,0,1,681,257,631,23,-41,1,4,156,87,130,193,460,2,2,639,134,625,146,-35,2,1,619,94,612,186,-22,-1,5,610,228,566,52,24,5
8,288,0,3,251,206,144,82,446,1,4,561,216,518,72,72,1,4,137,-137,3,425,587,0,1,683,265,630,23,-40,1,4,157,94,126,194,464,2,2,639,140,623,148,-33,2,1,619,100,611,188,-21,-1,5,609,237,561,51,29,1
8,288,0,3,250,206,141,82,449,1,4,557,215,514,73,76,1,4,138,-138,-1,426,591,0,1,683,265,629,23,-39,1,4,153,93,122,195,468,2,2,636,138,621,150,-31,2,1,618,98,610,190,-20,-1,5,605,238,556,50,34,4
0,288,0,3,248,206,138,82,452,1,4,553,214,510,74,80,1,4,139,-139,-5,427,595,0,1,682,265,628,23,-38,1,4,150,92,118,196,472,2,2,634,136,619,152,-29,2,1,617,96,609,192,-19,-1,5,601,239,551,49,39,3
0,288,0,3,246,206,135,82,455,1,4,549,213,506,75,84,1,4,140,-140,-9,428,599,0,1,681,265,627,23,-37,1,4,146,91,114,197,476,2,2,631,134,617,154,-27,2,1,615,94,608,194,-18,-1,5,596,240,546,48,44,5
0,288,0,3,245,206,132,82,458,1,4,545,212,502,76,88,1,4,142,-141,-13,429,603,0,1,680,265,626,23,-36,1,4,142,90,110,198,480,2,2,629,132,615,156,-25,2,1,614,92,607,196,-17,-1,5,592,241,541,47,49,5
0,288,0,3,243,206,129,82,461,1,4,541,211,498,77,92,1,4,143,-142,-17,430,607,0,1,679,265,625,23,-35,1,4,138,89,106,199,484,2,2,627,130,613,158,-23,2,1,613,90,606,198,-16,-1,5,588,242,536,46,54,2
0,288,0,3,241,206,126,82,464,1,4,537,210,494,78,96,1,5,694,273,638,15,-48,0,1,678,265,624,23,-34,1,4,135,88,102,200,488,2,2,624,128,611,160,-21,2,1,611,88,605,200,-15,-1,5,584,243,531,45,59,5
0,288,0,3,240,206,123,82,467,1,4,533,209,490,79,100,1,5,689,272,633,16,-43,0,1,677,265,623,23,-33,1,4,131,87,98,201,492,2,2,622,126,609,162,-19,2,1,610,86,604,202,-14,-1,5,580,244,526,44,64,5
0,288,0,3,238,206,120,82,470,1,4,529,208,486,80,104,1,5,684,271,628,17,-38,0,1,676,265,622,23,-32,1,4,127,86,94,202,496,2,2,620,124,607,164,-17,2,1,609,84,603,204,-13,-1,5,576,245,521,43,69,2
0,288,0,3,237,206,117,82,473,1,4,525,207,482,81,108,1,5,679,270,623,18,-33,0,1,675,265,621,23,-31,1,4,124,85,90,203,500,2,2,617,122,605,166,-15,2,1,608,82,602,206,-12,-1,5,572,246,516,42,74,2
0,288,0,3,235,206,114,82,476,1,4,520,206,478,82,112,1,5,674,269,618,19,-28,0,1,674,265,620,23,-30,1,4,120,84,86,204,504,2,2,615,120,603,168,-13,2,1,606,80,601,208,-11,-1,5,568,247,511,41,79,5
-8,280,0,3,227,198,111,82,479,1,4,513,197,474,83,116,1,5,666,260,613,20,-23,0,1,670,257,619,23,-29,1,4,111,75,82,205,508,2,2,611,110,601,170,-11,2,1,604,70,600,210,-10,-1,5,560,240,506,40,84,0
-8,280,0,3,226,198,108,82,482,1,4,509,196,470,84,120,1,5,661,259,608,21,-18,0,1,669,257,618,23,-28,1,4,108,74,78,206,512,2,2,609,108,599,172,-9,2,1,603,68,599,212,-9,-1,5,556,241,501,39,89,2
-8,280,0,3,224,198,105,82,485,1,4,505,195,466,85,124,1,5,656,258,603,22,-13,0,1,668,257,617,23,-27,1,4,104,73,74,207,516,2,2,606,106,597,174,-7,2,1,602,66,598,214,-8,-1,5,552,242,496,38,94,4
-8,272,0,3,216,190,102,82,488,1,4,498,186,462,86,128,1,5,648,249,598,23,-8,0,1,664,249,616,23,-26,1,4,95,64,70,208,520,2,2,603,96,595,176,-5,2,1,600,56,597,216,-7,-1,5,544,235,491,37,99,0
-8,232,-1,2,650,-16,650,248,-60,2,2,656,162,636,70,-46,0,7,681,-127,669,359,-79,0,7,628,51,626,181,-36,1,6,668,-40,667,272,-77,1,6,652,-53,650,285,-60,-1,2,656,146,640,86,-50,1,5,671,12,671,220,-81,0
-8,232,-1,2,648,-15,648,247,-58,2,2,654,160,634,72,-44,0,7,674,-127,662,359,-72,0,7,621,51,619,181,-29,1,6,662,-41,661,273,-71,1,6,646,-54,644,286,-54,-1,2,655,147,638,85,-48,1,5,666,11,666,221,-76,4
-8,232,-1,2,646,-14,646,246,-56,2,2,651,158,632,74,-42,0,7,667,-127,655,359,-65,0,7,614,51,612,181,-22,1,6,656,-42,655,274,-65,1,6,640,-55,638,287,-48,-1,2,653,148,636,84,-46,1,5,661,10,661,222,-71,2
8,240,-1,2,644,-5,644,245,-54,2,2,651,164,630,76,-40,0,7,659,-119,648,359,-58,0,7,608,59,605,181,-15,1,6,650,-35,649,275,-59,1,6,634,-48,632,288,-42,-1,2,653,157,634,83,-44,1,5,656,17,656,223,-66,1
8,240,-1,2,642,-4,642,244,-52,2,2,649,162,628,78,-38,0,7,652,-119,641,359,-51,0,7,601,59,598,181,-8,1,6,644,-36,643,276,-53,1,6,628,-49,626,289,-36,-1,2,651,158,632,82,-42,1,5,651,16,651,224,-61,5
8,248,-1,2,640,5,640,243,-50,2,2,648,168,626,80,-36,0,7,644,-111,634,359,-44,0,7,595,67,591,181,-1,1,6,638,-29,637,277,-47,1,6,621,-42,620,290,-30,-1,2,652,167,630,81,-40,1,5,646,23,646,225,-56,1
8,248,-1,2,638,6,638,242,-48,2,2,646,166,624,82,-34,0,7,637,-111,627,359,-37,0,7,588,67,584,181,6,1,6,632,-30,631,278,-41,1,6,616,-43,614,291,-24,-1,2,650,168,628,80,-38,1,5,641,22,641,226,-51,5
8,256,-1,2,636,15,636,241,-46,2,2,645,172,622,84,-32,0,7,628,-103,620,359,-30,0,7,582,75,577,181,13,1,6,625,-23,625,279,-35,1,6,609,-36,608,292,-18,-1,2,651,177,626,79,-36,1,5,637,29,636,227,-46,1
8,256,-1,2,634,16,634,240,-44,2,2,643,170,620,86,-30,0,7,622,-103,613,359,-23,0,7,575,75,570,181,20,1,6,619,-24,619,280,-29,1,6,603,-37,602,293,-12,-1,2,649,178,624,78,-34,1,5,632,28,631,228,-41,5
8,256,-1,2,632,17,632,239,-42,2,2,640,168,618,88,-28,0,7,615,-103,606,359,-16,0,7,568,75,563,181,27,1,6,614,-25,613,281,-23,1,6,597,-38,596,294,-6,-1,2,647,179,622,77,-32,1,5,627,27,626,229,-36,4
8,256,-1,2,630,18,630,238,-40,2,2,638,166,616,90,-26,0,7,608,-103,599,359,-9,0,7,561,75,556,181,34,1,6,608,-26,607,282,-17,1,6,591,-39,590,295,0,-1,2,646,180,620,76,-30,1,5,622,26,621,230,-31,2
8,256,-1,2,628,19,628,237,-38,2,2,636,164,614,92,-24,0,7,601,-103,592,359,-2,0,7,554,75,549,181,41,1,6,602,-27,601,283,-11,1,6,585,-40,584,296,6,-1,2,644,181,618,75,-28,1,5,617,25,616,231,-26,2
8,256,-1,2,626,20,626,236,-36,2,2,633,162,612,94,-22,0,7,594,-103,585,359,5,0,7,547,75,542,181,48,1,6,596,-28,595,284,-5,1,6,579,-41,578,297,12,-1,2,642,182,616,74,-26,1,5,611,24,611,232,-21,5
8,264,-1,2,625,29,624,235,-34,2,2,633,168,610,96,-20,0,7,586,-95,578,359,12,0,7,541,83,535,181,55,1,6,589,-21,589,285,1,1,6,573,-34,572,298,18,-1,2,643,191,614,73,-24,1,5,607,31,606,233,-16,1
8,264,-1,2,623,30,622,234,-32,2,2,630,166,608,98,-18,0,7,579,-95,571,359,19,0,7,534,83,528,181,62,1,6,583,-22,583,286,7,1,6,567,-35,566,299,24,-1,2,641,192,612,72,-22,1,5,602,30,601,234,-11,4
-8,256,-1,2,620,23,620,233,-30,2,2,626,156,606,100,-16,0,7,573,-103,564,359,26,0,7,526,75,521,181,69,1,6,578,-31,577,287,13,1,6,562,-44,560,300,30,-1,2,637,185,610,71,-20,1,5,596,21,596,235,-6,0
8,264,-1,2,619,32,618,232,-28,2,2,625,162,604,102,-14,0,7,565,-95,557,359,33,0,7,521,83,514,181,76,1,6,572,-24,571,288,19,1,6,555,-37,554,301,36,-1,2,638,194,608,70,-18,1,5,592,28,591,236,-1,1
8,264,-1,2,617,33,616,231,-26,2,2,623,160,602,104,-12,0,7,558,-95,550,359,40,0,7,514,83,507,181,83,1,6,566,-25,565,289,25,1,6,549,-38,548,302,42,-1,2,637,195,606,69,-16,1,5,587,27,586,237,4,4
-8,256,-1,2,615,26,614,230,-24,2,2,618,150,600,106,-10,0,7,553,-103,543,359,47,0,7,506,75,500,181,90,1,6,560,-34,559,290,31,1,6,544,-47,542,303,48,-1,2,633,188,604,68,-14,1,5,581,18,581,238,9,0
-8,248,-1,2,612,19,612,229,-22,2,2,614,140,598,108,-8,0,7,547,-111,536,359,54,0,7,498,67,493,181,97,1,6,555,-43,553,291,37,1,6,539,-56,536,304,54,-1,2,629,181,602,67,-12,1,5,576,9,576,239,14,0
-8,248,-1,2,610,20,610,228,-20,2,2,612,138,596,110,-6,0,7,541,-111,529,359,61,0,7,491,67,486,181,104,1,6,549,-44,547,292,43,1,6,533,-57,530,305,60,-1,2,627,182,600,66,-10,1,5,571,8,571,240,19,4
8,256,-1,2,609,29,608,227,-18,2,2,611,144,594,112,-4,0,7,532,-103,522,359,68,0,7,485,75,479,181,111,1,6,542,-37,541,293,49,1,6,526,-50,524,306,66,-1,2,628,191,598,65,-8,1,5,566,15,566,241,24,1
8,264,-1,2,607,38,606,226,-16,2,2,611,150,592,114,-2,0,7,524,-95,515,359,75,0,7,479,83,472,181,118,1,6,536,-30,535,294,55,1,6,520,-43,518,307,72,-1,2,629,200,596,64,-6,1,5,561,22,561,242,29,1
-8,256,-1,2,605,31,604,225,-14,2,2,606,140,590,116,0,0,7,518,-103,508,359,82,0,7,471,75,465,181,125,1,6,530,-39,529,295,61,1,6,515,-52,512,308,78,-1,2,625,193,594,63,-4,1,5,556,13,556,243,34,0
-8,256,-1,2,603,32,602,224,-12,2,2,604,138,588,118,2,0,7,511,-103,501,359,89,0,7,464,75,458,181,132,1,6,525,-40,523,296,67,1,6,509,-53,506,309,84,-1,2,623,194,592,62,-2,1,5,551,12,551,244,39,4
-8,256,-1,2,601,33,600,223,-10,2,2,602,136,586,120,4,0,7,505,-103,494,359,96,0,7,457,75,451,181,139,1,6,519,-41,517,297,73,1,6,503,-54,500,310,90,-1,2,621,195,590,61,0,1,5,546,11,546,245,44,5
-8,256,-1,2,599,34,598,222,-8,2,2,599,134,584,122,6,0,7,498,-103,487,359,103,0,7,450,75,444,181,146,1,6,513,-42,511,298,79,1,6,497,-55,494,311,96,-1,2,620,196,588,60,2,1,5,541,10,541,246,49,4
0,256,-1,2,597,35,596,221,-6,2,2,597,132,582,124,8,0,7,491,-103,480,359,110,0,7,443,75,437,181,153,1,6,507,-43,505,299,85,1,6,491,-56,488,312,102,-1,2,618,197,586,59,4,1,5,536,9,536,247,54,3
8,264,-1,2,596,44,594,220,-4,2,2,596,138,580,126,10,0,7,482,-95,473,359,117,0,7,438,83,430,181,160,1,6,500,-36,499,300,91,1,6,484,-49,482,313,108,-1,2,619,206,584,58,6,1,5,531,16,531,248,59,1
8,264,-1,2,594,45,592,219,-2,2,2,594,136,578,128,12,0,7,476,-95,466,359,124,0,7,431,83,423,181,167,1,6,494,-37,493,301,97,1,6,479,-50,476,314,114,-1,2,618,207,582,57,8,1,5,526,15,526,249,64,4
-8,256,-1,2,591,38,590,218,0,2,2,590,126,576,130,14,0,7,470,-103,459,359,131,0,7,423,75,416,181,174,1,6,489,-46,487,302,103,1,6,474,-59,470,315,120,-1,2,614,200,580,56,10,1,5,521,6,521,250,69,0
-8,256,-1,2,589,39,588,217,2,2,2,587,124,574,132,16,0,7,464,-103,452,359,138,0,7,416,75,409,181,181,1,6,483,-47,481,303,109,1,6,468,-60,464,316,126,-1,2,612,201,578,55,12,1,5,516,5,516,251,74,5
-8,256,-1,2,587,40,586,216,4,2,2,585,122,572,134,18,0,7,457,-103,445,359,145,0,7,409,75,402,181,188,1,6,477,-48,475,304,115,1,6,462,-61,458,317,132,-1,2,610,202,576,54,14,1,5,511,4,511,252,79,5
-8,256,-1,2,585,41,584,215,6,2,2,582,120,570,136,20,0,7,450,-103,438,359,152,0,7,402,75,395,181,195,1,6,472,-49,469,305,121,1,6,456,-62,452,318,138,-1,2,609,203,574,53,16,1,5,506,3,506,253,84,5
-8,256,-1,2,584,42,582,214,8,2,2,580,118,568,138,22,0,7,443,-103,431,359,159,0,7,395,75,388,181,202,1,6,466,-50,463,306,127,1,6,450,-63,446,319,144,-1,2,607,204,572,52,18,1,5,501,2,501,254,89,4
-8,256,-1,2,582,43,580,213,10,2,2,578,116,566,140,24,0,7,436,-103,424,359,166,0,7,388,75,381,181,209,1,6,460,-51,457,307,133,1,6,445,-64,440,320,150,-1,2,606,205,570,51,20,1,5,496,1,496,255,94,2
8,264,-1,2,580,52,578,212,12,2,2,577,122,564,142,26,0,7,428,-95,417,359,173,0,7,383,83,374,181,216,1,6,453,-44,451,308,139,1,6,438,-57,434,321,156,-1,2,607,214,568,50,22,1,5,491,8,491,256,99,1
0,264,-1,2,578,53,576,211,14,2,2,575,120,562,144,28,0,7,421,-95,410,359,180,0,7,376,83,367,181,223,1,6,447,-45,445,309,145,1,6,432,-58,428,322,162,-1,2,605,215,566,49,24,1,5,486,7,486,257,104,3
-8,256,-1,2,576,46,574,210,16,2,2,571,110,560,146,30,0,7,416,-103,403,359,187,0,7,368,75,360,181,230,1,6,442,-54,439,310,151,1,6,427,-67,422,323,168,-1,2,601,208,564,48,26,1,5,481,-2,481,258,109,0
-8,256,-1,2,574,47,572,209,18,2,2,568,108,558,148,32,0,7,409,-103,396,359,194,0,7,361,75,353,181,237,1,6,436,-55,433,311,157,1,6,422,-68,416,324,174,-1,2,600,209,562,47,28,1,5,476,-3,476,259,114,5
-8,256,-1,2,572,48,570,208,20,2,2,566,106,556,150,34,0,7,402,-103,389,359,201,0,7,354,75,346,181,244,1,6,431,-56,427,312,163,1,6,416,-69,410,325,180,-1,2,598,210,560,46,30,1,5,471,-4,471,260,119,4
-8,256,-1,2,570,49,568,207,22,2,2,564,104,554,152,36,0,7,396,-103,382,359,208,0,7,347,75,339,181,251,1,6,425,-57,421,313,169,1,6,410,-70,404,326,186,-1,2,597,211,558,45,32,1,5,666,-130,653,386,-63,5
-8,256,-1,2,568,50,566,206,24,2,2,561,102,552,154,38,0,7,389,-103,375,359,215,0,7,340,75,332,181,258,1,6,419,-58,415,314,175,1,6,404,-71,398,327,192,-1,2,595,212,556,44,34,1,5,661,-131,648,387,-58,5
-8,256,2,2,559,100,550,156,40,0,7,382,-103,368,359,222,0,7,334,75,325,181,265,1,6,413,-59,409,315,181,1,6,399,-72,392,328,198,-1,2,594,213,554,43,36,1,5,656,-132,643,388,-53,2,6,684,-73,680,329,-90,2
8,264,2,2,558,106,548,158,42,0,7,373,-95,361,359,229,0,7,329,83,318,181,272,1,6,406,-52,403,316,187,1,6,391,-65,386,329,204,-1,2,595,222,552,42,38,1,5,650,-125,638,389,-48,2,6,677,-67,674,331,-84,1
8,264,2,2,556,104,546,160,44,0,7,367,-95,354,359,236,0,7,322,83,311,181,279,1,6,401,-53,397,317,193,1,6,386,-66,380,330,210,-1,2,593,223,550,41,40,1,5,645,-126,633,390,-43,2,6,672,-69,668,333,-78,5
8,264,2,2,553,102,544,162,46,0,7,360,-95,347,359,243,0,7,315,83,304,181,286,1,6,395,-54,391,318,199,1,6,380,-67,374,331,216,-1,2,592,224,548,40,42,1,5,641,-127,628,391,-38,2,6,666,-71,662,335,-72,2
8,272,2,2,553,108,542,164,48,0,7,351,-87,340,359,250,0,7,311,91,297,181,293,1,6,388,-47,385,319,205,1,6,373,-60,368,332,222,-1,2,594,233,546,39,44,1,5,634,-120,623,392,-33,2,6,659,-65,656,337,-66,1
8,272,2,2,550,106,540,166,50,0,7,344,-87,333,359,257,0,7,304,91,290,181,300,1,6,382,-48,379,320,211,1,6,367,-61,362,333,228,-1,2,592,234,544,38,46,1,5,630,-121,618,393,-28,2,6,653,-67,650,339,-60,2
8,272,2,2,548,104,538,168,52,0,7,337,-87,326,359,264,0,7,297,91,283,181,307,1,6,376,-49,373,321,217,1,6,361,-62,356,334,234,-1,2,591,235,542,37,48,1,5,625,-122,613,394,-23,2,6,648,-69,644,341,-54,5
0,272,2,2,546,102,536,170,54,0,7,331,-87,319,359,271,0,7,291,91,276,181,314,1,6,370,-50,367,322,223,1,6,356,-63,350,335,240,-1,2,589,236,540,36,50,1,5,620,-123,608,395,-18,2,6,642,-71,638,343,-48,3
8,280,2,2,545,108,534,172,56,0,7,322,-79,312,359,278,0,7,287,99,269,181,321,1,6,364,-43,361,323,229,1,6,349,-56,344,336,246,-1,2,591,245,538,35,52,1,5,614,-116,603,396,-13,2,6,635,-65,632,345,-42,1
8,288,2,2,544,114,532,174,58,0,7,313,-71,305,359,285,0,7,283,107,262,181,328,1,6,357,-36,355,324,235,1,6,342,-49,338,337,252,-1,2,593,254,536,34,54,1,5,608,-109,598,397,-8,2,6,629,-59,626,347,-36,1
8,288,2,2,542,112,530,176,60,0,7,306,-71,298,359,292,0,7,277,107,255,181,335,1,6,351,-37,349,325,241,1,6,336,-50,332,338,258,-1,2,592,255,534,33,56,1,5,603,-110,593,398,-3,2,6,623,-61,620,349,-30,5
8,296,2,2,541,118,528,178,62,0,7,298,-63,291,359,299,0,7,273,115,248,181,342,1,6,344,-30,343,326,247,1,6,329,-43,326,339,264,-1,2,594,264,532,32,58,1,5,597,-103,588,399,2,2,6,616,-55,614,351,-24,1
8,296,2,2,539,116,526,180,64,0,7,291,-63,284,359,306,0,7,267,115,241,181,349,1,6,338,-31,337,327,253,1,6,323,-44,320,340,270,-1,2,593,265,530,31,60,1,5,592,-104,583,400,7,2,6,611,-57,608,353,-18,4
8,296,2,2,536,114,524,182,66,0,7,284,-63,277,359,313,0,7,261,115,234,181,356,1,6,333,-32,331,328,259,1,6,317,-45,314,341,276,-1,2,591,266,528,30,62,1,5,587,-105,578,401,12,2,6,605,-59,602,355,-12,4
8,304,2,2,536,120,522,184,68,0,7,276,-55,270,359,320,0,7,258,123,227,181,363,1,6,326,-25,325,329,265,1,6,310,-38,308,342,282,-1,2,594,275,526,29,64,1,5,581,-98,573,402,17,2,6,598,-53,596,357,-6,1
0,304,2,2,533,118,520,186,70,0,7,269,-55,263,359,327,0,7,252,123,220,181,370,1,6,320,-26,319,330,271,1,6,305,-39,302,343,288,-1,2,592,276,524,28,66,1,5,577,-99,568,403,22,2,6,593,-55,590,359,0,3
0,304,2,2,531,116,518,188,72,0,7,262,-55,256,359,334,0,7,246,123,213,181,377,1,6,314,-27,313,331,277,1,6,299,-40,296,344,294,-1,2,591,277,522,27,68,1,5,572,-100,563,404,27,2,6,587,-57,584,361,6,5
0,304,2,2,528,114,516,190,74,0,7,255,-55,249,359,341,0,7,240,123,206,181,384,1,6,308,-28,307,332,283,1,6,293,-41,290,345,300,-1,2,590,278,520,26,70,1,5,567,-101,558,405,32,2,6,581,-59,578,363,12,3
8,312,2,2,528,120,514,192,76,0,7,247,-47,242,359,348,0,7,238,131,199,181,391,1,6,302,-21,301,333,289,1,6,286,-34,284,346,306,-1,2,592,287,518,25,72,1,5,561,-94,553,406,37,2,6,574,-53,572,365,18,1
-8,304,2,2,524,110,512,194,78,0,7,241,-55,235,359,355,0,7,228,123,192,181,398,1,6,297,-30,295,334,295,1,6,281,-43,278,347,312,-1,2,587,280,516,24,74,1,5,558,-103,548,407,42,2,6,569,-63,566,367,24,0
-8,304,2,2,521,108,510,196,80,0,7,235,-55,228,359,362,0,7,222,123,185,181,405,1,6,291,-31,289,335,301,1,6,276,-44,272,348,318,-1,2,586,281,514,23,76,1,5,553,-104,543,408,47,2,6,564,-65,560,369,30,4
0,304,2,2,519,106,508,198,82,0,7,228,-55,221,359,369,0,7,216,123,178,181,412,1,6,285,-32,283,336,307,1,6,270,-45,266,349,324,-1,2,585,282,512,22,78,1,5,548,-105,538,409,52,2,6,558,-67,554,371,36,3
-8,296,0,7,223,-63,214,359,376,0,7,206,115,171,181,419,1,6,280,-41,277,337,313,1,6,266,-54,260,350,330,-1,2,579,275,510,21,80,1,5,545,-114,533,410,57,2,6,553,-77,548,373,42,-1,4,670,77,666,219,-76,0
8,304,0,7,214,-55,207,359,383,0,7,205,123,164,181,426,1,6,273,-34,271,338,319,1,6,258,-47,254,351,336,-1,2,582,284,508,20,82,1,5,539,-107,528,411,62,2,6,547,-71,542,375,48,2,7,681,90,675,214,-85,1
8,312,0,7,205,-47,200,359,390,0,7,204,131,157,181,433,1,6,266,-27,265,339,325,1,6,251,-40,248,352,342,-1,2,585,293,506,19,84,1,5,532,-100,523,412,67,2,6,540,-65,536,377,54,2,7,675,96,668,216,-78,1
8,320,0,7,197,-39,193,359,397,0,7,205,139,150,181,440,1,6,260,-20,259,340,331,1,6,244,-33,242,353,348,-1,2,588,302,504,18,86,1,5,526,-93,518,413,72,2,6,533,-59,530,379,60,2,7,669,102,661,218,-71,1
8,328,0,7,189,-31,186,359,404,0,7,205,147,143,181,447,1,6,253,-13,253,341,337,1,6,237,-26,236,354,354,-1,2,591,311,502,17,88,1,5,520,-86,513,414,77,2,6,527,-53,524,381,66,0,2,696,282,636,46,-46,1
8,328,0,7,182,-31,179,359,411,0,7,200,147,136,181,454,1,6,247,-14,247,342,343,1,6,232,-27,230,355,360,-1,2,589,312,500,16,90,1,5,515,-87,508,415,82,2,6,521,-55,518,383,72,0,2,694,282,634,46,-44,4
8,328,0,7,175,-31,172,359,418,0,7,196,147,129,181,461,1,6,241,-15,241,343,349,1,6,226,-28,224,356,366,-1,2,588,313,498,15,92,1,5,511,-88,503,416,87,2,6,515,-57,512,385,78,0,2,692,282,632,46,-42,4
8,328,0,7,168,-31,165,359,425,0,7,191,147,122,181,468,1,6,236,-16,235,344,355,1,6,220,-29,218,357,372,-1,2,587,314,496,14,94,1,5,506,-89,498,417,92,2,6,509,-59,506,387,84,0,2,690,282,630,46,-40,2
-8,320,0,7,163,-39,158,359,432,0,7,180,139,115,181,475,1,6,230,-25,229,345,361,1,6,215,-38,212,358,378,-1,2,582,307,494,13,96,1,5,503,-98,493,418,97,2,6,505,-69,500,389,90,0,2,685,274,628,46,-38,0
8,328,0,7,154,-31,151,359,439,0,7,182,147,108,181,482,1,6,224,-18,223,346,367,1,6,208,-31,206,359,384,-1,2,585,316,492,12,98,1,5,496,-91,488,419,102,2,6,498,-63,494,391,96,0,2,687,282,626,46,-36,1
8,328,0,7,147,-31,144,359,446,0,7,178,147,101,181,489,1,6,218,-19,217,347,373,1,6,203,-32,200,360,390,-1,2,584,317,490,11,100,1,5,492,-92,483,420,107,2,6,492,-65,488,393,102,0,2,685,282,624,46,-34,4
8,328,0,7,140,-31,137,359,453,0,7,174,147,94,181,496,1,6,212,-20,211,348,379,1,6,197,-33,194,361,396,-1,2,582,318,488,10,102,1,5,487,-93,478,421,112,2,6,487,-67,482,395,108,0,2,683,282,622,46,-32,4
8,336,0,7,132,-23,130,359,460,0,7,178,155,87,181,503,1,6,205,-13,205,349,385,1,6,190,-26,188,362,402,-1,2,586,327,486,9,104,1,5,481,-86,473,422,117,2,6,480,-61,476,397,114,0,2,684,290,620,46,-30,1
-8,328,0,7,127,-31,123,359,467,0,7,167,147,80,181,510,1,6,200,-22,199,350,391,1,6,185,-35,182,363,408,-1,2,580,320,484,8,106,1,5,478,-95,468,423,122,2,6,475,-71,470,399,120,0,2,679,282,618,46,-28,0
-8,328,0,7,120,-31,116,359,474,0,7,164,147,73,181,517,1,6,194,-23,193,351,397,1,6,180,-36,176,364,414,-1,2,579,321,482,7,108,1,5,473,-96,463,424,127,2,6,470,-73,464,401,126,0,2,677,282,616,46,-26,2
0,328,0,7,113,-31,109,359,481,0,7,161,147,66,181,524,1,6,189,-24,187,352,403,1,6,174,-37,170,365,420,-1,2,578,322,480,6,110,1,5,468,-97,458,425,132,2,6,464,-75,458,403,132,0,2,676,282,614,46,-24,3
-8,320,0,7,109,-39,102,359,488,0,7,151,139,59,181,531,1,6,184,-33,181,353,409,1,6,170,-46,164,366,426,-1,2,572,315,478,5,112,1,5,465,-106,453,426,137,2,6,460,-85,452,405,138,0,2,671,274,612,46,-22,0
-8,320,0,7,103,-39,95,359,495,0,7,148,139,52,181,538,1,6,178,-34,175,354,415,1,6,165,-47,158,367,432,-1,2,571,316,476,4,114,1,5,461,-107,448,427,142,2,6,454,-87,446,407,144,0,2,669,274,610,46,-20,2
-8,320,0,7,96,-39,88,359,502,0,7,146,139,45,181,545,1,6,173,-35,169,355,421,1,6,159,-48,152,368,438,-1,2,570,317,474,3,116,1,5,456,-108,443,428,147,2,6,449,-89,440,409,150,0,2,667,274,608,46,-18,4
-8,320,0,7,90,-39,81,359,509,0,7,144,139,38,181,552,1,6,167,-36,163,356,427,1,6,154,-49,146,369,444,-1,2,569,318,472,2,118,1,5,451,-109,438,429,152,2,6,443,-91,434,411,156,0,2,665,274,606,46,-16,4
-8,320,0,7,84,-39,74,359,516,0,7,142,139,31,181,559,1,6,161,-37,157,357,433,1,6,149,-50,140,370,450,-1,2,568,319,470,1,120,1,5,447,-110,433,430,157,2,6,438,-93,428,413,162,0,2,663,274,604,46,-14,5
-8,320,0,7,78,-39,67,359,523,0,7,141,139,24,181,566,1,6,156,-38,151,358,439,1,6,143,-51,134,371,456,-1,2,567,320,468,0,122,1,5,442,-111,428,431,162,2,6,433,-95,422,415,168,0,2,661,274,602,46,-12,2
-8,320,0,7,72,-39,60,359,530,0,7,140,139,17,181,573,1,6,150,-39,145,359,445,1,6,138,-52,128,372,462,-1,2,566,321,466,-1,124,1,5,438,-112,423,432,167,2,6,427,-97,416,417,174,0,2,660,274,600,46,-10,2
-8,320,0,7,66,-39,53,359,537,0,7,139,139,10,181,580,1,6,145,-40,139,360,451,1,6,133,-53,122,373,468,-1,2,565,322,464,-2,126,1,5,433,-113,418,433,172,2,6,422,-99,410,419,180,0,2,658,274,598,46,-8,5
8,328,0,7,55,-31,46,359,544,0,7,147,147,3,181,587,1,6,137,-33,133,361,457,1,6,125,-46,116,374,474,-1,2,568,331,462,-3,128,1,5,426,-106,413,434,177,2,6,415,-93,404,421,186,0,2,659,282,596,46,-6,1
8,328,0,7,50,-31,39,359,551,0,7,147,147,-4,181,594,1,6,131,-34,127,362,463,1,6,120,-47,110,375,480,-1,2,567,332,460,-4,130,1,5,422,-107,408,435,182,2,6,409,-95,398,423,192,0,2,658,282,594,46,-4,2
-8,320,0,7,50,-39,32,359,558,0,7,139,139,-11,181,601,1,6,128,-43,121,363,469,1,6,118,-56,104,376,486,-1,2,562,325,458,-5,132,1,5,419,-116,403,436,187,2,6,406,-105,392,425,198,0,2,652,274,592,46,-2,0
-8,320,0,7,46,-39,25,359,565,0,7,140,139,-18,181,608,1,6,123,-44,115,364,475,1,6,113,-57,98,377,492,-1,2,561,326,456,-6,134,1,5,415,-117,398,437,192,2,6,401,-107,386,427,204,0,2,651,274,590,46,0,5
8,328,0,7,36,-31,18,359,572,0,7,698,145,683,183,-93,1,6,115,-37,109,365,481,1,6,105,-50,92,378,498,-1,2,564,335,454,-7,136,1,5,408,-110,393,438,197,2,6,393,-101,380,429,210,0,2,652,282,588,46,2,1
0,328,0,7,33,-31,11,359,579,0,7,691,145,676,183,-86,1,6,110,-38,103,366,487,1,6,100,-51,86,379,504,-1,2,563,336,452,-8,138,1,5,404,-111,388,439,202,2,6,388,-103,374,431,216,0,2,650,282,586,46,4,3
8,336,0,7,23,-23,4,359,586,0,7,686,153,669,183,-79,1,6,102,-31,97,367,493,1,6,91,-44,80,380,510,-1,2,567,345,450,-9,140,1,5,397,-104,383,440,207,2,6,381,-97,368,433,222,0,2,652,290,584,46,6,1
