0,240,688,0,4,716,-3,7,684,2,7,689,0,4,641,2,7,646,0,6,640,0,7,693,-2,3,4
0,240,684,0,4,710,-3,7,678,2,7,685,0,4,634,2,7,640,0,6,633,0,7,691,-2,3,4
8,248,679,0,4,707,-3,7,670,2,7,683,0,4,627,2,7,632,0,6,626,0,7,690,-2,3,1
8,256,673,0,4,705,-3,7,662,2,7,682,0,4,620,2,7,625,0,6,619,0,7,690,-2,3,1
8,264,667,0,4,703,-3,7,655,2,7,680,0,4,613,2,7,618,0,6,612,0,7,689,-2,3,1
8,272,662,0,4,701,-3,7,647,2,7,679,0,4,606,2,7,610,0,6,605,0,7,689,-2,3,1
8,280,656,0,4,699,-3,7,640,2,7,678,0,4,599,2,7,603,0,6,598,0,7,689,-2,3,1
8,288,651,0,4,698,-3,7,632,2,7,677,0,4,593,2,7,596,0,6,592,0,7,689,-2,3,1
8,296,646,0,4,683,-3,1,625,2,7,676,0,4,586,2,7,589,0,6,585,0,7,690,-2,3,1
8,296,642,0,4,682,-3,1,618,2,7,672,0,4,579,2,7,583,0,6,578,0,7,688,-2,3,4
8,304,637,0,4,683,-3,1,611,2,7,671,0,4,572,2,7,576,0,6,572,0,7,688,-2,3,1
8,304,633,0,4,683,-3,1,604,2,7,667,0,4,565,2,7,570,0,6,565,0,7,686,-2,3,2
8,304,629,0,4,682,-3,1,597,2,7,664,0,4,558,2,7,564,0,6,558,0,7,684,-2,3,4
8,312,624,0,4,683,-3,1,590,2,7,663,0,4,551,2,7,557,0,6,551,0,7,685,-2,3,1
8,312,620,0,4,683,-3,1,583,2,7,659,0,4,544,2,7,551,0,6,544,0,7,682,-2,3,4
-8,304,617,0,4,681,-3,1,577,2,7,653,0,4,537,2,7,546,0,6,537,0,7,677,-2,3,0
-8,304,613,0,4,681,-3,1,570,2,7,649,0,4,530,2,7,540,0,6,530,0,7,675,-2,3,4
-8,304,609,0,4,680,-3,1,563,2,7,645,0,4,522,2,7,534,0,6,523,0,7,673,-2,3,4
-8,304,605,0,4,680,-3,1,556,2,7,641,0,4,515,2,7,528,0,6,516,0,7,671,-2,3,4
-8,296,602,0,4,678,-3,1,550,2,7,635,0,4,508,2,7,524,0,6,508,0,7,666,-2,3,0
-8,296,598,0,4,677,-3,1,543,2,7,631,0,4,501,2,7,518,0,6,501,0,7,664,-2,3,4
8,304,593,0,4,679,-3,1,536,2,7,630,0,4,494,2,7,511,0,6,495,0,7,665,-2,3,1
8,304,589,0,4,679,-3,1,529,2,7,627,0,4,487,2,7,505,0,6,488,0,7,663,-2,3,5
8,304,585,0,4,678,-3,1,522,2,7,623,0,4,480,2,7,499,0,6,481,0,7,661,-2,3,2
8,304,581,0,4,678,-3,1,516,2,7,619,0,4,473,2,7,493,0,6,474,0,7,659,-2,3,5
8,304,577,0,4,678,-3,1,509,2,7,616,0,4,466,2,7,487,0,6,467,0,7,657,-2,3,4
8,304,573,0,4,678,-3,1,502,2,7,612,0,4,459,2,7,481,0,6,460,0,7,655,-2,3,5
0,304,569,0,4,677,-3,1,495,2,7,608,0,4,452,2,7,475,0,6,453,0,7,653,-2,3,3
0,304,566,0,4,677,-3,1,489,2,7,605,0,4,445,2,7,469,0,6,446,0,7,652,-2,3,5
0,304,562,0,4,677,-3,1,482,2,7,601,0,4,438,2,7,463,0,6,439,0,7,650,-2,3,4
0,304,558,0,4,677,-3,1,475,2,7,597,0,4,431,2,7,457,0,6,432,0,7,648,-2,3,5
0,304,554,0,4,677,-3,1,469,2,7,594,0,4,424,2,7,451,0,6,425,0,7,646,-2,3,5
0,304,550,0,4,677,-3,1,462,2,7,590,0,4,417,2,7,445,0,6,418,0,7,644,-2,3,2
0,304,546,0,4,677,-3,1,456,2,7,587,0,4,410,2,7,439,0,6,411,0,7,642,-2,3,5
0,304,542,0,4,676,-3,1,449,2,7,583,0,4,403,2,7,433,0,6,404,0,7,640,-2,3,2
0,304,538,0,4,676,-3,1,443,2,7,579,0,4,396,2,7,427,0,6,639,-2,3,646,-2,5,2
0,304,534,0,4,676,-3,1,436,2,7,576,0,4,389,2,7,422,0,6,637,-2,3,641,-2,5,2
0,304,530,0,4,676,-3,1,430,2,7,572,0,4,382,2,7,416,0,6,635,-2,3,636,-2,5,3
0,304,526,0,4,676,-3,1,423,2,7,568,0,4,376,2,7,410,0,6,633,-2,3,631,-2,5,2
0,304,522,0,4,676,-3,1,417,2,7,565,0,4,369,2,7,404,0,6,632,-2,3,626,-2,5,5
0,304,518,0,4,676,-3,1,410,2,7,561,0,4,362,2,7,398,0,6,630,-2,3,621,-2,5,2
0,304,514,0,4,676,-3,1,404,2,7,558,0,4,355,2,7,392,0,6,628,-2,3,616,-2,5,2
0,304,510,0,4,676,-3,1,398,2,7,554,0,4,348,2,7,386,0,6,626,-2,3,611,-2,5,2
0,304,507,0,4,676,-3,1,391,2,7,551,0,4,341,2,7,380,0,6,625,-2,3,606,-2,5,2
0,304,503,0,4,676,-3,1,385,2,7,547,0,4,335,2,7,374,0,6,623,-2,3,602,-2,5,2
-8,296,500,0,4,674,-3,1,381,2,7,540,0,4,329,2,7,370,0,6,618,-2,3,596,-2,5,0
-8,296,496,0,4,674,-3,1,375,2,7,536,0,4,322,2,7,364,0,6,616,-2,3,591,-2,5,2
8,304,491,0,4,676,-3,1,367,2,7,536,0,4,314,2,7,357,0,6,618,-2,3,587,-2,5,1
8,304,487,0,4,676,-3,1,361,2,7,533,0,4,308,2,7,351,0,6,617,-2,3,582,-2,5,2
8,304,483,0,4,677,-3,1,354,2,7,529,0,4,301,2,7,345,0,6,615,-2,3,577,-2,5,5
8,304,479,0,4,677,-3,1,348,2,7,526,0,4,294,2,7,339,0,6,613,-2,3,572,-2,5,2
8,304,475,0,4,677,-3,1,343,2,7,522,0,4,288,2,7,333,0,6,612,-2,3,567,-2,5,2
8,312,470,0,4,680,-3,1,334,2,7,522,0,4,280,2,7,326,0,6,615,-2,3,563,-2,5,1
8,312,466,0,4,680,-3,1,328,2,7,519,0,4,273,2,7,320,0,6,613,-2,3,662,-2,2,5
8,320,460,0,4,684,-3,1,319,2,7,519,0,4,265,2,7,312,0,6,616,-2,3,661,-2,2,1
8,320,456,0,4,684,-3,1,313,2,7,516,0,4,259,2,7,306,0,6,615,-2,3,659,-2,2,4
8,328,451,0,4,687,-3,1,305,2,7,517,0,4,251,2,7,299,0,6,618,-2,3,658,-2,2,1
8,328,447,0,4,688,-3,1,299,2,7,513,0,4,244,2,7,293,0,6,616,-2,3,656,-2,2,5
8,336,442,0,4,692,-3,1,290,2,7,514,0,4,237,2,7,286,0,6,675,-2,3,656,-2,2,1
8,336,438,0,4,692,-3,1,284,2,7,511,0,4,230,2,7,280,0,6,673,-2,3,654,-2,2,5
8,344,433,0,4,696,-3,1,276,2,7,512,0,4,222,2,7,273,0,6,673,-2,3,653,-2,2,1
-8,336,430,0,4,693,-3,1,273,2,7,504,0,4,217,2,7,268,0,6,669,-2,3,651,-2,2,0
8,344,425,0,4,697,-3,1,264,2,7,505,0,4,209,2,7,262,0,6,669,-2,3,650,-2,2,1
8,344,421,0,4,697,-3,1,258,2,7,502,0,4,202,2,7,256,0,6,667,-2,3,649,-2,2,4
8,352,416,0,4,702,-3,1,250,2,7,503,0,4,194,2,7,249,0,6,667,-2,3,648,-2,2,1
8,352,412,0,4,702,-3,1,244,2,7,500,0,4,188,2,7,243,0,6,665,-2,3,647,-2,2,5
8,360,407,0,4,707,-3,1,235,2,7,502,0,4,180,2,7,236,0,6,666,-2,3,647,-2,2,1
8,368,402,0,4,711,-3,1,226,2,7,504,0,4,173,2,7,230,0,6,666,-2,3,647,-2,2,1
8,376,398,0,4,716,-3,1,218,2,7,505,0,4,165,2,7,224,0,6,667,-2,3,647,-2,2,1
8,376,394,0,4,717,-3,1,212,2,7,502,0,4,158,2,7,218,0,6,665,-2,3,646,-2,2,5
8,384,389,0,4,721,-3,1,203,2,7,504,0,4,151,2,7,212,0,6,667,-2,3,646,-2,2,1
8,384,385,0,4,722,-3,1,698,2,2,501,0,4,206,0,6,665,-2,3,645,-2,2,706,2,4,4
8,392,381,0,4,727,-3,1,698,2,2,504,0,4,201,0,6,666,-2,3,646,-2,2,703,2,4,1
-8,384,377,0,4,724,-3,1,693,2,2,495,0,4,194,0,6,661,-2,3,642,-2,2,697,2,4,0
8,392,373,0,4,729,-3,1,693,2,2,498,0,4,662,-2,3,643,-2,2,695,2,4,711,-3,1,1
8,392,369,0,4,730,-3,1,690,2,2,495,0,4,661,-2,3,642,-2,2,690,2,4,711,-3,1,4
8,400,365,0,4,735,-3,1,691,2,2,497,0,4,662,-2,3,643,-2,2,688,2,4,713,-3,1,1
8,400,361,0,4,736,-3,1,688,2,2,494,0,4,661,-2,3,641,-2,2,684,2,4,713,-3,1,2
8,408,357,0,4,741,-3,1,688,2,2,497,0,4,662,-2,3,643,-2,2,681,2,4,716,-3,1,1
8,408,353,0,4,742,-3,1,686,2,2,494,0,4,661,-2,3,641,-2,2,677,2,4,716,-3,1,2
8,416,349,0,4,637,-3,3,686,2,2,497,0,4,663,-2,3,643,-2,2,674,2,4,719,-3,1,1
0,416,345,0,4,635,-3,3,684,2,2,494,0,4,661,-2,3,642,-2,2,670,2,4,719,-3,1,3
-8,408,341,0,4,631,-3,3,678,2,2,486,0,4,656,-2,3,638,-2,2,664,2,4,717,-3,1,0
-8,408,337,0,4,629,-3,3,675,2,2,483,0,4,654,-2,3,636,-2,2,659,2,4,717,-3,1,4
-8,400,333,0,4,625,-3,3,670,2,2,475,0,4,649,-2,3,633,-2,2,714,-3,1,686,-3,5,0
-8,400,329,0,4,622,-3,3,667,2,2,472,0,4,647,-2,3,631,-2,2,714,-3,1,683,-3,5,5
-8,392,325,0,4,619,-3,3,662,2,2,463,0,4,641,-2,3,627,-2,2,711,-3,1,676,-3,5,0
-8,392,321,0,4,616,-3,3,659,2,2,461,0,4,640,-2,3,626,-2,2,712,-3,1,673,-3,5,2
-8,384,318,0,4,613,-3,3,654,2,2,452,0,4,634,-2,3,622,-2,2,709,-3,1,666,-3,5,0
8,392,313,0,4,611,-3,3,654,2,2,455,0,4,636,-2,3,624,-2,2,712,-3,1,666,-3,5,1
-8,384,310,0,4,607,-3,3,649,2,2,446,0,4,631,-2,3,620,-2,2,709,-3,1,659,-3,5,0
-8,376,306,0,4,604,-3,3,644,2,2,438,0,4,625,-2,3,616,-2,2,706,-3,1,653,-3,5,0
-8,376,302,0,4,601,-3,3,642,2,2,435,0,4,624,-2,3,615,-2,2,706,-3,1,649,-3,5,4
8,384,599,-3,3,642,2,2,438,0,4,626,-2,3,616,-2,2,710,-3,1,650,-3,5,701,1,2,1
8,384,596,-3,3,639,2,2,436,0,4,624,-2,3,615,-2,2,710,-3,1,646,-3,5,699,1,2,4
8,392,594,-3,3,639,2,2,439,0,4,627,-2,3,617,-2,2,713,-3,1,647,-3,5,699,1,2,1
8,392,592,-3,3,637,2,2,437,0,4,626,-2,3,616,-2,2,713,-3,1,644,-3,5,697,1,2,4
8,400,590,-3,3,637,2,2,440,0,4,628,-2,3,617,-2,2,717,-3,1,644,-3,5,698,1,2,1
8,400,588,-3,3,634,2,2,438,0,4,627,-2,3,616,-2,2,717,-3,1,641,-3,5,695,1,2,4
-8,392,629,2,2,429,0,4,621,-2,3,612,-2,2,714,-3,1,635,-3,5,690,1,2,649,-2,2,0
-8,392,626,2,2,427,0,4,620,-2,3,611,-2,2,714,-3,1,632,-3,5,688,1,2,647,-2,2,4
8,400,626,2,2,430,0,4,623,-2,3,613,-2,2,718,-3,1,633,-3,5,689,1,2,645,-2,2,1
8,400,624,2,2,428,0,4,621,-2,3,612,-2,2,718,-3,1,630,-3,5,687,1,2,643,-2,2,5
-8,392,619,2,2,419,0,4,615,-2,3,608,-2,2,715,-3,1,623,-3,5,681,1,2,641,-2,2,0
-8,392,616,2,2,417,0,4,614,-2,3,607,-2,2,716,-3,1,620,-3,5,679,1,2,639,-2,2,5
-8,392,614,2,2,414,0,4,613,-2,3,606,-2,2,716,-3,1,618,-3,5,677,1,2,637,-2,2,2
-8,392,611,2,2,412,0,4,611,-2,3,605,-2,2,717,-3,1,615,-3,5,675,1,2,635,-2,2,5
-8,392,609,2,2,410,0,4,610,-2,3,604,-2,2,717,-3,1,612,-3,5,673,1,2,633,-2,2,5
-8,392,606,2,2,407,0,4,609,-2,3,603,-2,2,717,-3,1,610,-3,5,670,1,2,632,-2,2,5
-8,392,604,2,2,405,0,4,608,-2,3,602,-2,2,718,-3,1,607,-3,5,668,1,2,630,-2,2,4
-8,392,601,2,2,403,0,4,606,-2,3,601,-2,2,718,-3,1,605,-3,5,666,1,2,628,-2,2,5
-8,392,599,2,2,401,0,4,605,-2,3,600,-2,2,719,-3,1,602,-3,5,664,1,2,626,-2,2,4
-8,392,596,2,2,399,0,4,604,-2,3,599,-2,2,719,-3,1,600,-3,5,661,1,2,624,-2,2,2
-8,392,594,2,2,396,0,4,603,-2,3,598,-2,2,720,-3,1,597,-3,5,659,1,2,661,-2,1,5
-8,392,591,2,2,394,0,4,601,-2,3,597,-2,2,720,-3,1,595,-3,5,657,1,2,660,-2,1,2
-8,392,589,2,2,392,0,4,600,-2,3,596,-2,2,721,-3,1,593,-3,5,655,1,2,660,-2,1,5
-8,392,586,2,2,390,0,4,599,-2,3,595,-2,2,721,-3,1,591,-3,5,653,1,2,659,-2,1,2
-8,384,582,2,2,381,0,4,593,-2,3,591,-2,2,718,-3,1,584,-3,5,648,1,2,657,-2,1,0
-8,384,579,2,2,379,0,4,592,-2,3,590,-2,2,718,-3,1,581,-3,5,645,1,2,656,-2,1,2
-8,384,577,2,2,377,0,4,591,-2,3,589,-2,2,719,-3,1,579,-3,5,643,1,2,656,-2,1,2
-8,384,574,2,2,375,0,4,590,-2,3,588,-2,2,720,-3,1,577,-3,5,641,1,2,656,-2,1,2
-8,384,572,2,2,373,0,4,589,-2,3,587,-2,2,720,-3,1,575,-3,5,639,1,2,655,-2,1,5
-8,376,568,2,2,364,0,4,583,-2,3,583,-2,2,717,-3,1,568,-3,5,634,1,2,653,-2,1,0
-8,376,565,2,2,362,0,4,581,-2,3,582,-2,2,717,-3,1,566,-3,5,632,1,2,652,-2,1,4
-8,368,561,2,2,353,0,4,575,-2,3,577,-2,2,714,-3,1,559,-3,5,627,1,2,649,-2,1,0
-8,368,558,2,2,352,0,4,574,-2,3,576,-2,2,715,-3,1,557,-3,5,625,1,2,649,-2,1,2
-8,360,554,2,2,343,0,4,568,-2,3,572,-2,2,711,-3,1,550,-3,5,620,1,2,646,-2,1,0
-8,360,552,2,2,341,0,4,567,-2,3,571,-2,2,712,-3,1,548,-3,5,618,1,2,646,-2,1,2
-8,352,548,2,2,332,0,4,561,-2,3,567,-2,2,709,-3,1,541,-3,5,613,1,2,643,-2,1,0
8,360,547,2,2,337,0,4,565,-2,3,569,-2,2,713,-3,1,545,-3,5,613,1,2,645,-2,1,1
-8,352,544,2,2,328,0,4,559,-2,3,565,-2,2,710,-3,1,538,-3,5,609,1,2,643,-2,1,0
-8,352,541,2,2,327,0,4,558,-2,3,564,-2,2,710,-3,1,536,-3,5,606,1,2,642,-2,1,2
-8,344,538,2,2,318,0,4,552,-2,3,559,-2,2,707,-3,1,529,-3,5,602,1,2,639,-2,1,0
-8,336,534,2,2,309,0,4,546,-2,3,555,-2,2,704,-3,1,522,-3,5,598,1,2,637,-2,1,0
-8,328,531,2,2,300,0,4,539,-2,3,551,-2,2,701,-3,1,515,-3,5,593,1,2,634,-2,1,0
-8,320,528,2,2,291,0,4,533,-2,3,546,-2,2,697,-3,1,508,-3,5,589,1,2,632,-2,1,0
-8,312,525,2,2,282,0,4,527,-2,3,542,-2,2,694,-3,1,501,-3,5,585,1,2,629,-2,1,0
8,320,523,2,2,287,0,4,531,-2,3,544,-2,2,698,-3,1,694,-3,6,585,1,2,631,-2,1,1
-8,312,521,2,2,279,0,4,525,-2,3,540,-2,2,695,-3,1,687,-3,6,581,1,2,628,-2,1,0
-8,312,518,2,2,277,0,4,524,-2,3,539,-2,2,696,-3,1,682,-3,6,579,1,2,628,-2,1,2
-8,304,516,2,2,268,0,4,518,-2,3,535,-2,2,692,-3,1,675,-3,6,575,1,2,625,-2,1,0
-8,304,514,2,2,266,0,4,680,-2,2,534,-2,2,693,-3,1,670,-3,6,573,1,2,625,-2,1,4
8,312,512,2,2,272,0,4,679,-2,2,536,-2,2,690,-3,5,668,-3,6,572,1,2,627,-2,1,1
-8,304,509,2,2,264,0,4,676,-2,2,532,-2,2,684,-3,5,660,-3,6,569,1,2,624,-2,1,0
8,312,508,2,2,270,0,4,676,-2,2,534,-2,2,681,-3,5,658,-3,6,568,1,2,626,-2,1,1
8,312,506,2,2,268,0,4,674,-2,2,534,-2,2,677,-3,5,653,-3,6,566,1,2,625,-2,1,5
8,320,504,2,2,275,0,4,674,-2,2,536,-2,2,673,-3,5,651,-3,6,565,1,2,627,-2,1,1
8,320,502,2,2,274,0,4,672,-2,2,536,-2,2,669,-3,5,647,-3,6,563,1,2,627,-2,1,2
8,328,500,2,2,280,0,4,672,-2,2,539,-2,2,666,-3,5,645,-3,6,563,1,2,629,-2,1,1
8,328,498,2,2,279,0,4,670,-2,2,538,-2,2,662,-3,5,641,-3,6,561,1,2,629,-2,1,5
8,336,497,2,2,286,0,4,670,-2,2,541,-2,2,659,-3,5,639,-3,6,561,1,2,631,-2,1,1
-8,328,494,2,2,278,0,4,667,-2,2,536,-2,2,653,-3,5,632,-3,6,556,1,2,628,-2,1,0
-8,328,492,2,2,277,0,4,665,-2,2,536,-2,2,649,-3,5,628,-3,6,554,1,2,628,-2,1,2
8,336,490,2,2,284,0,4,666,-2,2,539,-2,2,647,-3,5,626,-3,6,554,1,2,630,-2,1,1
8,336,488,2,2,283,0,4,664,-2,2,539,-2,2,643,-3,5,622,-3,6,552,1,2,630,-2,1,2
0,336,486,2,2,282,0,4,663,-2,2,538,-2,2,639,-3,5,618,-3,6,550,1,2,630,-2,1,3
0,336,484,2,2,282,0,4,661,-2,2,537,-2,2,635,-3,5,614,-3,6,547,1,2,629,-2,1,2
0,336,482,2,2,281,0,4,660,-2,2,537,-2,2,631,-3,5,610,-3,6,545,1,2,629,-2,1,5
0,336,480,2,2,281,0,4,658,-2,2,536,-2,2,627,-3,5,606,-3,6,543,1,2,629,-2,1,2
0,336,478,2,2,280,0,4,657,-2,2,536,-2,2,623,-3,5,602,-3,6,541,1,2,629,-2,1,2
0,336,475,2,2,280,0,4,655,-2,2,535,-2,2,619,-3,5,598,-3,6,539,1,2,629,-2,1,2
0,336,280,0,4,654,-2,2,534,-2,2,615,-3,5,594,-3,6,536,1,2,628,-2,1,701,2,5,5
8,344,287,0,4,654,-2,2,538,-2,2,613,-3,5,594,-3,6,536,1,2,631,-2,1,699,2,5,1
8,344,287,0,4,653,-2,2,538,-2,2,609,-3,5,591,-3,6,534,1,2,631,-2,1,693,2,5,5
8,352,295,0,4,654,-2,2,542,-2,2,608,-3,5,591,-3,6,534,1,2,634,-2,1,691,2,5,1
8,352,295,0,4,652,-2,2,542,-2,2,605,-3,5,588,-3,6,532,1,2,634,-2,1,685,2,5,5
8,360,303,0,4,653,-2,2,546,-2,2,604,-3,5,589,-3,6,532,1,2,637,-2,1,683,2,5,1
8,360,303,0,4,652,-2,2,546,-2,2,600,-3,5,585,-3,6,530,1,2,637,-2,1,677,2,5,5
8,368,311,0,4,653,-2,2,551,-2,2,600,-3,5,586,-3,6,530,1,2,640,-2,1,675,2,5,1
8,376,319,0,4,654,-2,2,555,-2,2,599,-3,5,588,-3,6,530,1,2,644,-2,1,672,2,5,1
8,384,327,0,4,656,-2,2,560,-2,2,599,-3,5,590,-3,6,530,1,2,648,-2,1,670,2,5,1
0,384,328,0,4,655,-2,2,560,-2,2,596,-3,5,587,-3,6,528,1,2,648,-2,1,665,2,5,3
8,392,681,0,3,656,-2,2,565,-2,2,597,-3,5,589,-3,6,528,1,2,651,-2,1,663,2,5,1
8,392,678,0,3,655,-2,2,565,-2,2,593,-3,5,586,-3,6,526,1,2,652,-2,1,657,2,5,5
8,400,677,0,3,657,-2,2,570,-2,2,594,-3,5,589,-3,6,526,1,2,656,-2,1,655,2,5,1
8,400,675,0,3,656,-2,2,570,-2,2,591,-3,5,586,-3,6,524,1,2,656,-2,1,650,2,5,5
8,408,674,0,3,658,-2,2,576,-2,2,592,-3,5,589,-3,6,525,1,2,660,-2,1,648,2,5,1
8,408,672,0,3,657,-2,2,576,-2,2,589,-3,5,587,-3,6,522,1,2,660,-2,1,642,2,5,2
8,416,671,0,3,659,-2,2,581,-2,2,591,-3,5,590,-3,6,523,1,2,664,-2,1,640,2,5,1
8,416,669,0,3,658,-2,2,581,-2,2,588,-3,5,588,-3,6,521,1,2,664,-2,1,635,2,5,2
8,424,669,0,3,661,-2,2,587,-2,2,590,-3,5,592,-3,6,522,1,2,669,-2,1,633,2,5,1
8,424,666,0,3,660,-2,2,587,-2,2,587,-3,5,590,-3,6,519,1,2,669,-2,1,628,2,5,2
8,424,663,0,3,659,-2,2,587,-2,2,585,-3,5,588,-3,6,517,1,2,669,-2,1,623,2,5,2
0,424,660,0,3,658,-2,2,587,-2,2,583,-3,5,586,-3,6,515,1,2,670,-2,1,617,2,5,3
0,424,658,0,3,657,-2,2,587,-2,2,580,-3,5,585,-3,6,513,1,2,670,-2,1,612,2,5,2
0,424,655,0,3,656,-2,2,588,-2,2,578,-3,5,583,-3,6,510,1,2,670,-2,1,606,2,5,3
0,424,652,0,3,655,-2,2,588,-2,2,576,-3,5,582,-3,6,508,1,2,670,-2,1,601,2,5,2
-8,416,646,0,3,651,-2,2,582,-2,2,569,-3,5,760,-3,1,503,1,2,666,-2,1,592,2,5,0
-8,416,643,0,3,650,-2,2,582,-2,2,566,-3,5,761,-3,1,501,1,2,666,-2,1,587,2,5,2
-8,408,638,0,3,645,-2,2,576,-2,2,559,-3,5,758,-3,1,496,1,2,662,-2,1,578,2,5,0
-8,408,635,0,3,644,-2,2,576,-2,2,557,-3,5,758,-3,1,494,1,2,663,-2,1,573,2,5,2
-8,408,632,0,3,644,-2,2,577,-2,2,555,-3,5,759,-3,1,491,1,2,663,-2,1,567,2,5,4
-8,408,629,0,3,643,-2,2,577,-2,2,553,-3,5,760,-3,1,489,1,2,663,-2,1,562,2,5,5
-8,408,627,0,3,642,-2,2,693,-2,4,551,-3,5,761,-3,1,487,1,2,663,-2,1,556,2,5,2
-8,408,624,0,3,641,-2,2,690,-2,4,549,-3,5,761,-3,1,485,1,2,664,-2,1,551,2,5,5
0,408,621,0,3,640,-2,2,687,-2,4,547,-3,5,762,-3,1,482,1,2,664,-2,1,546,2,5,3
0,408,618,0,3,639,-2,2,684,-2,4,545,-3,5,763,-3,1,480,1,2,664,-2,1,540,2,5,5
-8,400,612,0,3,635,-2,2,678,-2,4,538,-3,5,759,-3,1,475,1,2,660,-2,1,531,2,5,0
-8,400,610,0,3,634,-2,2,675,-2,4,536,-3,5,760,-3,1,473,1,2,660,-2,1,526,2,5,5
8,408,610,0,3,637,-2,2,676,-2,4,540,-3,5,765,-3,1,474,1,2,665,-2,1,524,2,5,1
8,408,607,0,3,636,-2,2,673,-2,4,538,-3,5,766,-3,1,471,1,2,666,-2,1,519,2,5,5
-8,400,601,0,3,631,-2,2,667,-2,4,531,-3,5,763,-3,1,466,1,2,661,-2,1,510,2,5,0
-8,400,599,0,3,631,-2,2,664,-2,4,530,-3,5,664,-3,3,464,1,2,662,-2,1,505,2,5,2
8,408,599,0,3,634,-2,2,665,-2,4,534,-3,5,661,-3,3,465,1,2,667,-2,1,503,2,5,1
8,408,596,0,3,633,-2,2,662,-2,4,532,-3,5,659,-3,3,462,1,2,667,-2,1,497,2,5,2
8,416,596,0,3,636,-2,2,663,-2,4,537,-3,5,657,-3,3,463,1,2,672,-2,1,496,2,5,1
8,416,594,0,3,636,-2,2,661,-2,4,536,-3,5,461,1,2,672,-2,1,490,2,5,745,-1,3,2
8,416,591,0,3,635,-2,2,658,-2,4,535,-3,5,459,1,2,673,-2,1,485,2,5,743,-1,3,2
8,416,588,0,3,634,-2,2,656,-2,4,533,-3,5,456,1,2,673,-2,1,479,2,5,741,-1,3,2
8,424,589,0,3,638,-2,2,657,-2,4,539,-3,5,457,1,2,678,-2,1,478,2,5,742,-1,3,1
8,424,586,0,3,637,-2,2,655,-2,4,538,-3,5,455,1,2,679,-2,1,472,2,5,740,-1,3,2
8,424,583,0,3,637,-2,2,652,-2,4,537,-3,5,453,1,2,679,-2,1,467,2,5,737,-1,3,5
8,432,584,0,3,641,-2,2,654,-2,4,542,-3,5,453,1,2,685,-2,1,466,2,5,739,-1,3,1
8,432,581,0,3,640,-2,2,652,-2,4,542,-3,5,451,1,2,685,-2,1,460,2,5,737,-1,3,4
8,440,582,0,3,644,-2,2,654,-2,4,547,-3,5,452,1,2,691,-2,1,459,2,5,738,-1,3,1
8,440,579,0,3,644,-2,2,651,-2,4,547,-3,5,450,1,2,691,-2,1,454,2,5,736,-1,3,4
8,448,580,0,3,648,-2,2,653,-2,4,553,-3,5,451,1,2,697,-2,1,452,2,5,738,-1,3,1
8,455,581,0,3,652,-2,2,655,-2,4,559,-3,5,451,1,2,702,-2,1,451,2,5,739,-1,3,1
8,455,578,0,3,651,-2,2,653,-2,4,558,-3,5,449,1,2,703,-2,1,446,2,5,737,-1,3,1
8,455,575,0,3,651,-2,2,651,-2,4,558,-3,5,447,1,2,703,-2,1,440,2,5,735,-1,3,5
8,455,573,0,3,650,-2,2,649,-2,4,558,-3,5,445,1,2,704,-2,1,435,2,5,733,-1,3,1
8,455,570,0,3,650,-2,2,647,-2,4,558,-3,5,442,1,2,705,-2,1,430,2,5,731,-1,3,5
8,455,568,0,3,650,-2,2,645,-2,4,707,-3,4,440,1,2,705,-2,1,424,2,5,729,-1,3,1
0,455,565,0,3,649,-2,2,643,-2,4,705,-3,4,438,1,2,706,-2,1,419,2,5,727,-1,3,3
8,455,562,0,3,649,-2,2,641,-2,4,702,-3,4,436,1,2,706,-2,1,414,2,5,725,-1,3,1
8,455,560,0,3,649,-2,2,639,-2,4,700,-3,4,434,1,2,707,-2,1,409,2,5,723,-1,3,5
8,455,557,0,3,648,-2,2,637,-2,4,697,-3,4,431,1,2,689,-2,7,403,2,5,721,-1,3,1
8,455,554,0,3,648,-2,2,635,-2,4,695,-3,4,429,1,2,682,-2,7,398,2,5,719,-1,3,1
8,455,552,0,3,648,-2,2,633,-2,4,693,-3,4,427,1,2,675,-2,7,393,2,5,717,-1,3,1
8,455,549,0,3,648,-2,2,631,-2,4,690,-3,4,425,1,2,669,-2,7,387,2,5,715,-1,3,2
8,455,547,0,3,647,-2,2,629,-2,4,688,-3,4,422,1,2,662,-2,7,382,2,5,713,-1,3,1
-8,447,540,0,3,642,-2,2,623,-2,4,682,-3,4,417,1,2,654,-2,7,372,2,5,706,-1,3,0
-8,447,537,0,3,642,-2,2,621,-2,4,680,-3,4,415,1,2,367,2,5,704,-1,3,711,-3,4,5
-8,447,535,0,3,641,-2,2,619,-2,4,678,-3,4,412,1,2,362,2,5,702,-1,3,708,-3,4,2
-8,447,532,0,3,641,-2,2,617,-2,4,675,-3,4,410,1,2,357,2,5,700,-1,3,705,-3,4,5
8,455,534,0,3,646,-2,2,621,-2,4,677,-3,4,411,1,2,356,2,5,703,-1,3,705,-3,4,1
8,455,531,0,3,646,-2,2,619,-2,4,675,-3,4,409,1,2,351,2,5,701,-1,3,703,-3,4,5
-8,447,524,0,3,641,-2,2,612,-2,4,669,-3,4,403,1,2,341,2,5,694,-1,3,697,-3,4,0
-8,447,522,0,3,640,-2,2,610,-2,4,667,-3,4,401,1,2,336,2,5,693,-1,3,695,-3,4,5
-8,447,519,0,3,640,-2,2,609,-2,4,665,-3,4,399,1,2,330,2,5,691,-1,3,692,-3,4,2
-8,447,517,0,3,640,-2,2,607,-2,4,663,-3,4,397,1,2,325,2,5,689,-1,3,689,-3,4,5
-8,439,510,0,3,635,-2,2,600,-2,4,657,-3,4,391,1,2,315,2,5,682,-1,3,684,-3,4,0
-8,439,507,0,3,634,-2,2,599,-2,4,655,-3,4,389,1,2,310,2,5,680,-1,3,681,-3,4,2
-8,439,505,0,3,634,-2,2,597,-2,4,653,-3,4,387,1,2,305,2,5,678,-1,3,679,-3,4,5
-8,439,502,0,3,634,-2,2,596,-2,4,651,-3,4,385,1,2,300,2,5,676,-1,3,676,-3,4,2
0,439,500,0,3,634,-2,2,594,-2,4,649,-3,4,382,1,2,294,2,5,675,-1,3,673,-3,4,3
0,439,497,0,3,634,-2,2,593,-2,4,647,-3,4,380,1,2,289,2,5,673,-1,3,671,-3,4,2
0,439,495,0,3,634,-2,2,591,-2,4,645,-3,4,378,1,2,284,2,5,671,-1,3,669,-3,4,4
0,439,492,0,3,634,-2,2,590,-2,4,643,-3,4,376,1,2,279,2,5,669,-1,3,666,-3,4,2
8,447,494,0,3,639,-2,2,594,-2,4,645,-3,4,377,1,2,278,2,5,672,-1,3,667,-3,4,1
8,447,491,0,3,639,-2,2,593,-2,4,644,-3,4,374,1,2,273,2,5,670,-1,3,665,-3,4,2
8,447,489,0,3,639,-2,2,592,-2,4,642,-3,4,372,1,2,268,2,5,668,-1,3,662,-3,4,4
8,447,486,0,3,639,-2,2,590,-2,4,640,-3,4,370,1,2,263,2,5,666,-1,3,660,-3,4,4
0,447,484,0,3,639,-2,2,589,-2,4,639,-3,4,368,1,2,258,2,5,664,-1,3,658,-3,4,3
0,447,481,0,3,639,-2,2,588,-2,4,637,-3,4,365,1,2,252,2,5,663,-1,3,656,-3,4,4
8,455,483,0,3,645,-2,2,593,-2,4,640,-3,4,366,1,2,252,2,5,666,-1,3,657,-3,4,1
8,455,481,0,3,645,-2,2,592,-2,4,639,-3,4,364,1,2,247,2,5,664,-1,3,655,-3,4,4
-8,447,474,0,3,639,-2,2,585,-2,4,633,-3,4,359,1,2,237,2,5,657,-1,3,649,-3,4,0
-8,447,471,0,3,639,-2,2,584,-2,4,631,-3,4,357,1,2,232,2,5,656,-1,3,647,-3,4,4
0,447,469,0,3,640,-2,2,583,-2,4,630,-3,4,354,1,2,227,2,5,654,-1,3,645,-3,4,3
0,447,466,0,3,640,-2,2,582,-2,4,628,-3,4,352,1,2,222,2,5,652,-1,3,643,-3,4,4
-8,439,459,0,3,634,-2,2,574,-2,4,622,-3,4,347,1,2,211,2,5,645,-1,3,637,-3,4,0
-8,439,457,0,3,634,-2,2,573,-2,4,621,-3,4,344,1,2,206,2,5,644,-1,3,635,-3,4,5
-8,439,454,0,3,677,-2,1,573,-2,4,620,-3,4,342,1,2,201,2,5,642,-1,3,633,-3,4,4
-8,439,452,0,3,677,-2,1,572,-2,4,618,-3,4,340,1,2,196,2,5,640,-1,3,631,-3,4,5
0,439,449,0,3,676,-2,1,571,-2,4,617,-3,4,338,1,2,191,2,5,638,-1,3,629,-3,4,3
0,439,447,0,3,676,-2,1,570,-2,4,616,-3,4,336,1,2,186,2,5,637,-1,3,627,-3,4,5
8,447,449,0,3,678,-2,1,576,-2,4,620,-3,4,336,1,2,187,2,5,640,-1,3,630,-3,4,1
8,447,447,0,3,677,-2,1,575,-2,4,619,-3,4,334,1,2,182,2,5,639,-1,3,628,-3,4,5
-8,439,440,0,3,675,-2,1,568,-2,4,613,-3,4,329,1,2,171,2,5,632,-1,3,622,-3,4,0
-8,439,437,0,3,674,-2,1,567,-2,4,611,-3,4,327,1,2,166,2,5,630,-1,3,620,-3,4,5
8,447,440,0,3,676,-2,1,751,-2,5,616,-3,4,327,1,2,167,2,5,634,-1,3,623,-3,4,1
8,447,437,0,3,675,-2,1,748,-2,5,615,-3,4,325,1,2,162,2,5,632,-1,3,621,-3,4,4
8,447,435,0,3,675,-2,1,745,-2,5,614,-3,4,323,1,2,158,2,5,630,-1,3,620,-3,4,5
8,447,432,0,3,675,-2,1,742,-2,5,613,-3,4,321,1,2,153,2,5,629,-1,3,618,-3,4,4
8,455,435,0,3,677,-2,1,744,-2,5,618,-3,4,322,1,2,155,2,5,633,-1,3,621,-3,4,1
8,455,433,0,3,676,-2,1,741,-2,5,617,-3,4,320,1,2,150,2,5,631,-1,3,620,-3,4,4
-8,447,425,0,3,673,-2,1,733,-2,5,611,-3,4,314,1,2,139,2,5,624,-1,3,614,-3,4,0
-8,447,423,0,3,673,-2,1,730,-2,5,610,-3,4,312,1,2,135,2,5,623,-1,3,612,-3,4,4
8,455,426,0,3,675,-2,1,732,-2,5,615,-3,4,313,1,2,137,2,5,627,-1,3,616,-3,4,1
8,455,424,0,3,675,-2,1,729,-2,5,615,-3,4,311,1,2,133,2,5,625,-1,3,615,-3,4,4
8,455,421,0,3,675,-2,1,726,-2,5,614,-3,4,308,1,2,128,2,5,624,-1,3,613,-3,4,5
8,455,419,0,3,674,-2,1,724,-2,5,614,-3,4,306,1,2,124,2,5,622,-1,3,612,-3,4,5
8,455,417,0,3,674,-2,1,721,-2,5,613,-3,4,304,1,2,120,2,5,621,-1,3,611,-3,4,1
8,455,414,0,3,674,-2,1,718,-2,5,613,-3,4,302,1,2,116,2,5,619,-1,3,610,-3,4,5
0,455,412,0,3,673,-2,1,715,-2,5,613,-3,4,299,1,2,113,2,5,618,-1,3,609,-3,4,3
0,455,410,0,3,673,-2,1,713,-2,5,612,-3,4,297,1,2,109,2,5,617,-1,3,608,-3,4,5
8,455,408,0,3,673,-2,1,710,-2,5,612,-3,4,295,1,2,106,2,5,615,-1,3,607,-3,4,1
8,455,406,0,3,672,-2,1,708,-2,5,612,-3,4,293,1,2,102,2,5,614,-1,3,606,-3,4,5
8,455,403,0,3,672,-2,1,705,-2,5,612,-3,4,290,1,2,99,2,5,612,-1,3,605,-3,4,2
8,455,401,0,3,672,-2,1,702,-2,5,612,-3,4,288,1,2,96,2,5,611,-1,3,604,-3,4,5
8,455,399,0,3,672,-2,1,700,-2,5,666,-3,5,286,1,2,94,2,5,610,-1,3,603,-3,4,2
-8,447,391,0,3,669,-2,1,692,-2,5,660,-3,5,281,1,2,83,2,5,603,-1,3,597,-3,4,0
-8,447,389,0,3,668,-2,1,690,-2,5,656,-3,5,278,1,2,81,2,5,601,-1,3,596,-3,4,5
-8,439,381,0,3,665,-2,1,682,-2,5,650,-3,5,273,1,2,71,2,5,594,-1,3,590,-3,4,0
8,447,385,0,3,668,-2,1,685,-2,5,647,-3,5,274,1,2,78,2,5,599,-1,3,595,-3,4,1
-8,439,377,0,3,665,-2,1,677,-2,5,641,-3,5,269,1,2,68,2,5,592,-1,3,588,-3,4,0
-8,439,375,0,3,665,-2,1,675,-2,5,636,-3,5,267,1,2,68,2,5,590,-1,3,588,-3,4,2
-8,431,367,0,3,662,-2,1,667,-2,5,631,-3,5,262,1,2,751,2,4,583,-1,3,581,-3,4,0
-8,431,365,0,3,661,-2,1,665,-2,5,626,-3,5,259,1,2,747,2,4,582,-1,3,581,-3,4,5
-8,423,357,0,3,658,-2,1,657,-2,5,621,-3,5,255,1,2,738,2,4,575,-1,3,574,-3,4,0
-8,423,355,0,3,658,-2,1,655,-2,5,616,-3,5,252,1,2,734,2,4,573,-1,3,574,-3,4,4
-8,423,353,0,3,658,-2,1,652,-2,5,612,-3,5,250,1,2,730,2,4,572,-1,3,573,-3,4,4
-8,423,351,0,3,658,-2,1,650,-2,5,607,-3,5,248,1,2,725,2,4,571,-1,3,573,-3,4,2
-8,423,349,0,3,657,-2,1,702,-2,6,602,-3,5,246,1,2,721,2,4,569,-1,3,572,-3,4,4
-8,423,347,0,3,657,-2,1,697,-2,6,598,-3,5,244,1,2,716,2,4,568,-1,3,572,-3,4,4
-8,423,344,0,3,657,-2,1,693,-2,6,593,-3,5,241,1,2,712,2,4,567,-1,3,571,-3,4,4
-8,423,342,0,3,657,-2,1,688,-2,6,589,-3,5,239,1,2,707,2,4,566,-1,3,571,-3,4,2
-8,423,340,0,3,657,-2,1,684,-2,6,585,-3,5,237,1,2,703,2,4,565,-1,3,571,-3,4,4
-8,423,338,0,3,656,-2,1,679,-2,6,580,-3,5,235,1,2,698,2,4,563,-1,3,570,-3,4,4
-8,423,336,0,3,656,-2,1,675,-2,6,576,-3,5,233,1,2,694,2,4,562,-1,3,570,-3,4,4
-8,423,334,0,3,656,-2,1,670,-2,6,571,-3,5,230,1,2,689,2,4,561,-1,3,570,-3,4,2
-8,415,326,0,3,653,-2,1,662,-2,6,566,-3,5,226,1,2,681,2,4,554,-1,3,563,-3,4,0
8,423,330,0,3,656,-2,1,662,-2,6,563,-3,5,226,1,2,680,2,4,559,-1,3,753,-3,1,1
-8,415,322,0,3,652,-2,1,654,-2,6,557,-3,5,222,1,2,672,2,4,551,-1,3,750,-3,1,0
8,423,326,0,3,655,-2,1,653,-2,6,554,-3,5,222,1,2,671,2,4,557,-1,3,753,-3,1,1
-8,415,318,0,3,652,-2,1,645,-2,6,548,-3,5,217,1,2,663,2,4,549,-1,3,750,-3,1,0
-8,407,310,0,3,649,-2,1,637,-2,6,542,-3,5,213,1,2,655,2,4,542,-1,3,747,-3,1,0
-8,399,302,0,3,646,-2,1,629,-2,6,537,-3,5,210,1,2,647,2,4,535,-1,3,744,-3,1,0
-8,399,300,0,3,646,-2,1,624,-2,6,532,-3,5,208,1,2,643,2,4,533,-1,3,745,-3,1,4
-8,391,292,0,3,642,-2,1,616,-2,6,526,-3,5,204,1,2,635,2,4,526,-1,3,742,-3,1,0
0,391,290,0,3,642,-2,1,612,-2,6,522,-3,5,202,1,2,630,2,4,525,-1,3,742,-3,1,3
-8,383,282,0,3,639,-2,1,604,-2,6,516,-3,5,199,1,2,623,2,4,518,-1,3,739,-3,1,0
-8,383,280,0,3,639,-2,1,599,-2,6,512,-3,5,197,1,2,618,2,4,517,-1,3,739,-3,1,5
-8,375,272,0,3,636,-2,1,591,-2,6,506,-3,5,195,1,2,610,2,4,509,-1,3,737,-3,1,0
-8,375,270,0,3,636,-2,1,587,-2,6,502,-3,5,606,2,4,508,-1,3,737,-3,1,653,0,5,2
-8,367,262,0,3,633,-2,1,579,-2,6,496,-3,5,598,2,4,501,-1,3,734,-3,1,646,0,5,0
0,367,260,0,3,632,-2,1,575,-2,6,491,-3,5,594,2,4,500,-1,3,734,-3,1,642,0,5,3
-8,359,252,0,3,629,-2,1,566,-2,6,486,-3,5,586,2,4,670,-1,1,731,-3,1,636,0,5,0
-8,359,250,0,3,629,-2,1,562,-2,6,481,-3,5,582,2,4,669,-1,1,732,-3,1,631,0,5,4
-8,351,243,0,3,626,-2,1,554,-2,6,475,-3,5,574,2,4,667,-1,1,729,-3,1,625,0,5,0
-8,343,235,0,3,623,-2,1,546,-2,6,470,-3,5,567,2,4,665,-1,1,726,-3,1,619,0,5,0
-8,343,233,0,3,623,-2,1,542,-2,6,465,-3,5,563,2,4,664,-1,1,726,-3,1,614,0,5,5
-8,343,231,0,3,623,-2,1,537,-2,6,461,-3,5,558,2,4,663,-1,1,726,-3,1,609,0,5,5
-8,343,228,0,3,622,-2,1,533,-2,6,457,-3,5,554,2,4,663,-1,1,727,-3,1,604,0,5,5
-8,343,226,0,3,622,-2,1,529,-2,6,452,-3,5,549,2,4,662,-1,1,727,-3,1,599,0,5,5
-8,343,224,0,3,622,-2,1,525,-2,6,448,-3,5,545,2,4,661,-1,1,727,-3,1,594,0,5,5
8,351,228,0,3,624,-2,1,525,-2,6,446,-3,5,543,2,4,661,-1,1,731,-3,1,590,0,5,1
8,351,226,0,3,624,-2,1,521,-2,6,442,-3,5,539,2,4,661,-1,1,731,-3,1,585,0,5,5
8,351,224,0,3,624,-2,1,518,-2,6,438,-3,5,534,2,4,660,-1,1,732,-3,1,580,0,5,5
8,351,222,0,3,624,-2,1,514,-2,6,434,-3,5,530,2,4,659,-1,1,732,-3,1,575,0,5,5
-8,343,214,0,3,621,-2,1,505,-2,6,428,-3,5,523,2,4,657,-1,1,729,-3,1,569,0,5,0
-8,343,212,0,3,620,-2,1,502,-2,6,424,-3,5,518,2,4,656,-1,1,729,-3,1,564,0,5,4
-8,335,204,0,3,617,-2,1,493,-2,6,418,-3,5,511,2,4,654,-1,1,726,-3,1,558,0,5,0
-8,335,202,0,3,617,-2,1,490,-2,6,414,-3,5,507,2,4,653,-1,1,727,-3,1,553,0,5,4
-8,327,194,0,3,614,-2,1,481,-2,6,408,-3,5,500,2,4,651,-1,1,724,-3,1,548,0,5,0
-8,327,192,0,3,614,-2,1,477,-2,6,404,-3,5,495,2,4,650,-1,1,724,-3,1,543,0,5,4
-8,319,184,0,3,611,-2,1,469,-2,6,397,-3,5,488,2,4,648,-1,1,721,-3,1,537,0,5,0
-8,319,182,0,3,611,-2,1,465,-2,6,393,-3,5,484,2,4,647,-1,1,721,-3,1,532,0,5,4
-8,319,180,0,3,610,-2,1,462,-2,6,390,-3,5,480,2,4,646,-1,1,722,-3,1,527,0,5,2
-8,319,178,0,3,610,-2,1,458,-2,6,386,-3,5,475,2,4,646,-1,1,722,-3,1,522,0,5,4
-8,311,170,0,3,607,-2,1,450,-2,6,379,-3,5,469,2,4,644,-1,1,719,-3,1,517,0,5,0
8,319,175,0,3,610,-2,1,451,-2,6,378,-3,5,466,2,4,644,-1,1,723,-3,1,512,0,5,1
8,319,173,0,3,609,-2,1,448,-2,6,375,-3,5,462,2,4,643,-1,1,724,-3,1,507,0,5,5
8,327,178,0,3,612,-2,1,450,-2,6,374,-3,5,460,2,4,643,-1,1,728,-3,1,503,0,5,1
8,327,176,0,3,612,-2,1,447,-2,6,371,-3,5,455,2,4,643,-1,1,728,-3,1,498,0,5,5
8,335,181,0,3,615,-2,1,449,-2,6,370,-3,5,453,2,4,643,-1,1,733,-3,1,494,0,5,1
-8,327,173,0,3,612,-2,1,441,-2,6,364,-3,5,447,2,4,641,-1,1,729,-3,1,488,0,5,0
8,335,178,0,3,615,-2,1,443,-2,6,364,-3,5,445,2,4,642,-1,1,734,-3,1,484,0,5,1
0,335,176,0,3,615,-2,1,441,-2,6,361,-3,5,440,2,4,641,-1,1,727,-3,3,479,0,5,3
8,343,182,0,3,618,-2,1,444,-2,6,362,-3,5,438,2,4,641,-1,1,729,-3,3,475,0,5,1
-8,335,174,0,3,614,-2,1,435,-2,6,355,-3,5,431,2,4,639,-1,1,724,-3,3,469,0,5,0
-8,335,172,0,3,614,-2,1,433,-2,6,352,-3,5,427,2,4,638,-1,1,723,-3,3,464,0,5,2
-8,327,164,0,3,611,-2,1,424,-2,6,345,-3,5,420,2,4,636,-1,1,718,-3,3,458,0,5,0
-8,327,162,0,3,611,-2,1,422,-2,6,342,-3,5,416,2,4,635,-1,1,716,-3,3,453,0,5,2
-8,327,161,0,3,611,-2,1,419,-2,6,340,-3,5,411,2,4,635,-1,1,715,-3,3,448,0,5,2
-8,327,160,0,3,611,-2,1,417,-2,6,337,-3,5,407,2,4,634,-1,1,714,-3,3,443,0,5,2
-8,319,151,0,3,607,-2,1,408,-2,6,330,-3,5,400,2,4,631,-1,1,709,-3,3,437,0,5,0
-8,319,150,0,3,607,-2,1,406,-2,6,327,-3,5,396,2,4,631,-1,1,708,-3,3,433,0,5,2
-8,311,142,0,3,604,-2,1,398,-2,6,320,-3,5,390,2,4,628,-1,1,703,-3,3,427,0,5,0
-8,311,140,0,3,604,-2,1,396,-2,6,318,-3,5,385,2,4,628,-1,1,701,-3,3,422,0,5,2
-8,311,139,0,3,604,-2,1,394,-2,6,315,-3,5,381,2,4,627,-1,1,700,-3,3,417,0,5,5
-8,311,138,0,3,604,-2,1,392,-2,6,313,-3,5,377,2,4,626,-1,1,699,-3,3,412,0,5,4
-8,303,130,0,3,600,-2,1,383,-2,6,306,-3,5,371,2,4,624,-1,1,679,-3,7,692,-2,4,0
-8,303,129,0,3,600,-2,1,381,-2,6,304,-3,5,366,2,4,623,-1,1,672,-3,7,689,-2,4,4
-8,295,120,0,3,597,-2,1,373,-2,6,297,-3,5,361,2,4,621,-1,1,665,-3,7,683,-2,4,0
-8,295,119,0,3,597,-2,1,371,-2,6,294,-3,5,356,2,4,620,-1,1,658,-3,7,680,-2,4,4
-8,295,118,0,3,597,-2,1,370,-2,6,292,-3,5,352,2,4,619,-1,1,651,-3,7,677,-2,4,4
-8,295,118,0,3,597,-2,1,368,-2,6,290,-3,5,348,2,4,618,-1,1,644,-3,7,674,-2,4,4
0,295,117,0,3,596,-2,1,367,-2,6,288,-3,5,343,2,4,618,-1,1,637,-3,7,671,-2,4,3
0,295,116,0,3,596,-2,1,366,-2,6,286,-3,5,339,2,4,617,-1,1,630,-3,7,668,-2,4,4
0,295,116,0,3,596,-2,1,364,-2,6,285,-3,5,335,2,4,616,-1,1,624,-3,7,665,-2,4,4
0,295,115,0,3,596,-2,1,673,-2,4,283,-3,5,331,2,4,615,-1,1,617,-3,7,662,-2,4,4
0,295,115,0,3,596,-2,1,669,-2,4,281,-3,5,326,2,4,614,-1,1,610,-3,7,659,-2,4,4
0,295,115,0,3,596,-2,1,665,-2,4,280,-3,5,322,2,4,614,-1,1,603,-3,7,656,-2,4,4
0,295,114,0,3,596,-2,1,660,-2,4,279,-3,5,318,2,4,613,-1,1,596,-3,7,653,-2,4,5
0,295,114,0,3,596,-2,1,656,-2,4,278,-3,5,314,2,4,612,-1,1,589,-3,7,650,-2,4,4
0,295,114,0,3,596,-2,1,652,-2,4,276,-3,5,309,2,4,611,-1,1,583,-3,7,647,-2,4,5
0,295,114,0,3,596,-2,1,647,-2,4,276,-3,5,305,2,4,610,-1,1,576,-3,7,644,-2,4,4
-8,287,106,0,3,593,-2,1,644,-2,4,268,-3,5,300,2,4,608,-1,1,569,-3,7,638,-2,4,0
-8,287,106,0,3,593,-2,1,640,-2,4,268,-3,5,607,-1,1,562,-3,7,635,-2,4,691,-3,2,4
-8,279,99,0,3,589,-2,1,637,-2,4,261,-3,5,605,-1,1,555,-3,7,629,-2,4,690,-3,2,0
-8,279,99,0,3,589,-2,1,633,-2,4,260,-3,5,604,-1,1,548,-3,7,626,-2,4,687,-3,2,4
-8,279,99,0,3,589,-2,1,629,-2,4,259,-3,5,604,-1,1,541,-3,7,623,-2,4,685,-3,2,5
-8,279,100,0,3,589,-2,1,624,-2,4,259,-3,5,603,-1,1,534,-3,7,621,-2,4,683,-3,2,4
-8,279,671,0,5,589,-2,1,620,-2,4,259,-3,5,602,-1,1,528,-3,7,618,-2,4,680,-3,2,4
-8,279,666,0,5,589,-2,1,616,-2,4,259,-3,5,601,-1,1,521,-3,7,615,-2,4,678,-3,2,4
-8,279,661,0,5,589,-2,1,612,-2,4,259,-3,5,600,-1,1,514,-3,7,612,-2,4,676,-3,2,2
-8,279,656,0,5,589,-2,1,607,-2,4,259,-3,5,599,-1,1,508,-3,7,609,-2,4,673,-3,2,4
8,287,652,0,5,593,-2,1,602,-2,4,266,-3,5,600,-1,1,502,-3,7,610,-2,4,670,-3,2,1
8,287,647,0,5,593,-2,1,598,-2,4,267,-3,5,599,-1,1,496,-3,7,607,-2,4,668,-3,2,4
8,287,642,0,5,593,-2,1,593,-2,4,267,-3,5,598,-1,1,489,-3,7,605,-2,4,666,-3,2,5
8,287,637,0,5,593,-2,1,589,-2,4,268,-3,5,598,-1,1,483,-3,7,602,-2,4,663,-3,2,5
8,295,633,0,5,597,-2,1,584,-2,4,276,-3,5,598,-1,1,478,-3,7,603,-2,4,661,-3,2,1
8,295,628,0,5,597,-2,1,579,-2,4,277,-3,5,598,-1,1,472,-3,7,600,-2,4,658,-3,2,5
8,295,623,0,5,597,-2,1,575,-2,4,278,-3,5,597,-1,1,466,-3,7,598,-2,4,656,-3,2,2
8,295,618,0,5,598,-2,1,571,-2,4,280,-3,5,596,-1,1,459,-3,7,595,-2,4,732,-1,1,5
8,295,613,0,5,598,-2,1,567,-2,4,281,-3,5,595,-1,1,453,-3,7,593,-2,4,732,-1,1,4
8,295,608,0,5,598,-2,1,563,-2,4,282,-3,5,595,-1,1,447,-3,7,590,-2,4,731,-1,1,5
8,295,604,0,5,598,-2,1,558,-2,4,284,-3,5,594,-1,1,441,-3,7,588,-2,4,731,-1,1,2
8,295,599,0,5,598,-2,1,554,-2,4,286,-3,5,593,-1,1,435,-3,7,586,-2,4,730,-1,1,5
8,295,594,0,5,598,-2,1,550,-2,4,288,-3,5,592,-1,1,429,-3,7,583,-2,4,730,-1,1,5
8,295,589,0,5,599,-2,1,546,-2,4,289,-3,5,591,-1,1,423,-3,7,581,-2,4,729,-1,1,5
8,295,584,0,5,599,-2,1,542,-2,4,291,-3,5,591,-1,1,418,-3,7,578,-2,4,728,-1,1,5
8,295,579,0,5,599,-2,1,538,-2,4,294,-3,5,590,-1,1,412,-3,7,576,-2,4,728,-1,1,5
0,295,574,0,5,683,-2,6,533,-2,4,296,-3,5,589,-1,1,406,-3,7,574,-2,4,727,-1,1,3
0,295,569,0,5,529,-2,4,298,-3,5,588,-1,1,400,-3,7,571,-2,4,727,-1,1,674,-3,1,5
8,303,565,0,5,524,-2,4,309,-3,5,590,-1,1,398,-3,7,574,-2,4,729,-1,1,672,-3,1,1
8,303,561,0,5,520,-2,4,311,-3,5,589,-1,1,392,-3,7,571,-2,4,728,-1,1,671,-3,1,5
8,303,556,0,5,516,-2,4,314,-3,5,588,-1,1,387,-3,7,569,-2,4,728,-1,1,670,-3,1,4
8,303,551,0,5,512,-2,4,316,-3,5,587,-1,1,382,-3,7,567,-2,4,727,-1,1,669,-3,1,5
-8,295,544,0,5,508,-2,4,311,-3,5,585,-1,1,373,-3,7,560,-2,4,724,-1,1,668,-3,1,0
-8,295,539,0,5,504,-2,4,314,-3,5,584,-1,1,368,-3,7,680,-2,3,723,-1,1,667,-3,1,4
-8,295,535,0,5,500,-2,4,317,-3,5,583,-1,1,363,-3,7,676,-2,3,723,-1,1,666,-3,1,5
-8,295,530,0,5,496,-2,4,320,-3,5,583,-1,1,358,-3,7,673,-2,3,722,-1,1,665,-3,1,4
-8,295,525,0,5,492,-2,4,667,-3,5,582,-1,1,353,-3,7,670,-2,3,722,-1,1,663,-3,1,5
-8,295,520,0,5,488,-2,4,662,-3,5,581,-1,1,348,-3,7,667,-2,3,721,-1,1,693,-1,5,4
-8,287,513,0,5,484,-2,4,657,-3,5,578,-1,1,339,-3,7,664,-2,3,718,-1,1,687,-1,5,0
-8,287,508,0,5,480,-2,4,652,-3,5,578,-1,1,335,-3,7,661,-2,3,717,-1,1,682,-1,5,4
8,295,505,0,5,476,-2,4,646,-3,5,579,-1,1,334,-3,7,657,-2,3,719,-1,1,679,-1,5,1
8,295,500,0,5,471,-2,4,641,-3,5,578,-1,1,330,-3,7,654,-2,3,719,-1,1,674,-1,5,4
0,295,495,0,5,467,-2,4,636,-3,5,578,-1,1,325,-3,7,651,-2,3,718,-1,1,669,-1,5,3
-8,287,489,0,5,464,-2,4,631,-3,5,575,-1,1,317,-3,7,648,-2,3,715,-1,1,663,-1,5,0
-8,279,483,0,5,460,-2,4,626,-3,5,572,-1,1,308,-3,7,646,-2,3,711,-1,1,657,-1,5,0
-8,271,476,0,5,456,-2,4,622,-3,5,570,-1,1,300,-3,7,644,-2,3,708,-1,1,651,-1,5,0
-8,271,471,0,5,452,-2,4,617,-3,5,569,-1,1,295,-3,7,641,-2,3,707,-1,1,647,-1,5,4
-8,263,465,0,5,449,-2,4,612,-3,5,566,-1,1,287,-3,7,638,-2,3,704,-1,1,641,-1,5,0
8,271,461,0,5,606,-3,5,567,-1,1,287,-3,7,634,-2,3,706,-1,1,637,-1,5,649,-3,3,1
-8,263,455,0,5,602,-3,5,565,-1,1,279,-3,7,632,-2,3,703,-1,1,631,-1,5,647,-3,3,0
-8,263,450,0,5,596,-3,5,564,-1,1,275,-3,7,629,-2,3,702,-1,1,626,-1,5,643,-3,3,2
-8,255,444,0,5,592,-3,5,562,-1,1,266,-3,7,627,-2,3,699,-1,1,621,-1,5,642,-3,3,0
-8,255,439,0,5,587,-3,5,561,-1,1,263,-3,7,623,-2,3,698,-1,1,616,-1,5,638,-3,3,4
8,263,436,0,5,581,-3,5,562,-1,1,265,-3,7,619,-2,3,700,-1,1,612,-1,5,633,-3,3,1
-8,255,430,0,5,576,-3,5,559,-1,1,256,-3,7,617,-2,3,697,-1,1,606,-1,5,631,-3,3,0
8,263,426,0,5,570,-3,5,560,-1,1,259,-3,7,613,-2,3,699,-1,1,602,-1,5,626,-3,3,1
8,263,421,0,5,565,-3,5,560,-1,1,256,-3,7,609,-2,3,699,-1,1,597,-1,5,622,-3,3,4
8,271,417,0,5,560,-3,5,561,-1,1,260,-3,7,606,-2,3,701,-1,1,594,-1,5,618,-3,3,1
8,271,412,0,5,560,-1,1,258,-3,7,602,-2,3,701,-1,1,589,-1,5,614,-3,3,690,-2,5,4
8,279,409,0,5,561,-1,1,262,-3,7,599,-2,3,703,-1,1,585,-1,5,610,-3,3,688,-2,5,1
8,279,404,0,5,561,-1,1,260,-3,7,595,-2,3,703,-1,1,581,-1,5,606,-3,3,684,-2,5,2
8,287,401,0,5,562,-1,1,266,-3,7,592,-2,3,705,-1,1,577,-1,5,602,-3,3,682,-2,5,1
8,287,396,0,5,562,-1,1,265,-3,7,589,-2,3,705,-1,1,572,-1,5,599,-3,3,678,-2,5,4
8,287,391,0,5,561,-1,1,264,-3,7,586,-2,3,704,-1,1,568,-1,5,595,-3,3,674,-2,5,4
8,287,386,0,5,560,-1,1,263,-3,7,583,-2,3,704,-1,1,563,-1,5,592,-3,3,669,-2,5,5
8,287,381,0,5,560,-1,1,263,-3,7,579,-2,3,703,-1,1,558,-1,5,589,-3,3,665,-2,5,4
-8,279,374,0,5,557,-1,1,256,-3,7,577,-2,3,700,-1,1,552,-1,5,586,-3,3,659,-2,5,0
-8,279,370,0,5,556,-1,1,256,-3,7,574,-2,3,699,-1,1,547,-1,5,583,-3,3,655,-2,5,4
0,279,365,0,5,555,-1,1,256,-3,7,571,-2,3,699,-1,1,543,-1,5,580,-3,3,650,-2,5,3
0,279,360,0,5,555,-1,1,256,-3,7,567,-2,3,698,-1,1,538,-1,5,576,-3,3,646,-2,5,4
0,279,355,0,5,554,-1,1,257,-3,7,698,-1,1,533,-1,5,573,-3,3,642,-2,5,685,1,1,2
0,279,350,0,5,553,-1,1,258,-3,7,697,-1,1,529,-1,5,570,-3,3,638,-2,5,684,1,1,4
8,287,347,0,5,555,-1,1,267,-3,7,700,-1,1,526,-1,5,566,-3,3,637,-2,5,684,1,1,1
-8,279,340,0,5,552,-1,1,260,-3,7,696,-1,1,519,-1,5,563,-3,3,630,-2,5,682,1,1,0
-8,279,335,0,5,551,-1,1,262,-3,7,696,-1,1,515,-1,5,560,-3,3,626,-2,5,681,1,1,5
-8,271,329,0,5,548,-1,1,255,-3,7,692,-1,1,508,-1,5,558,-3,3,619,-2,5,679,1,1,0
8,279,326,0,5,550,-1,1,265,-3,7,695,-1,1,505,-1,5,554,-3,3,618,-2,5,679,1,1,1
-8,271,319,0,5,547,-1,1,260,-3,7,691,-1,1,499,-1,5,611,-2,5,677,1,1,699,-1,5,0
-8,271,314,0,5,546,-1,1,262,-3,7,690,-1,1,494,-1,5,607,-2,5,676,1,1,694,-1,5,5
-8,263,308,0,5,543,-1,1,256,-3,7,686,-1,1,488,-1,5,601,-2,5,675,1,1,688,-1,5,0
0,263,303,0,5,543,-1,1,259,-3,7,686,-1,1,483,-1,5,597,-2,5,674,1,1,683,-1,5,3
-8,255,296,0,5,540,-1,1,254,-3,7,682,-1,1,477,-1,5,590,-2,5,672,1,1,677,-1,5,0
0,255,291,0,5,539,-1,1,257,-3,7,682,-1,1,472,-1,5,586,-2,5,671,1,1,672,-1,5,3
8,263,288,0,5,541,-1,1,268,-3,7,685,-1,1,469,-1,5,585,-2,5,671,1,1,669,-1,5,1
8,263,283,0,5,540,-1,1,670,-3,1,693,-1,4,464,-1,5,581,-2,5,670,1,1,664,-1,5,4
8,271,280,0,5,542,-1,1,669,-3,1,691,-1,4,462,-1,5,580,-2,5,669,1,1,661,-1,5,1
-8,263,273,0,5,539,-1,1,686,-1,4,455,-1,5,573,-2,5,668,1,1,655,-1,5,665,-2,3,0
8,271,270,0,5,540,-1,1,684,-1,4,453,-1,5,573,-2,5,667,1,1,652,-1,5,663,-2,3,1
8,279,268,0,5,542,-1,1,682,-1,4,450,-1,5,573,-2,5,666,1,1,649,-1,5,660,-2,3,1
8,287,266,0,5,544,-1,1,680,-1,4,448,-1,5,572,-2,5,666,1,1,646,-1,5,658,-2,3,1
-8,279,258,0,5,541,-1,1,674,-1,4,441,-1,5,565,-2,5,664,1,1,640,-1,5,655,-2,3,0
8,287,256,0,5,543,-1,1,673,-1,4,439,-1,5,565,-2,5,637,-1,5,653,-2,3,668,-3,3,1
0,287,252,0,5,543,-1,1,669,-1,4,435,-1,5,562,-2,5,633,-1,5,650,-2,3,665,-3,3,3
-8,279,244,0,5,539,-1,1,664,-1,4,428,-1,5,555,-2,5,626,-1,5,646,-2,3,662,-3,3,0
0,279,239,0,5,539,-1,1,660,-1,4,423,-1,5,551,-2,5,621,-1,5,644,-2,3,659,-3,3,3
-8,271,232,0,5,535,-1,1,654,-1,4,417,-1,5,544,-2,5,615,-1,5,640,-2,3,656,-3,3,0
-8,271,227,0,5,535,-1,1,651,-1,4,412,-1,5,540,-2,5,610,-1,5,637,-2,3,653,-3,3,5
-8,263,220,0,5,532,-1,1,645,-1,4,405,-1,5,533,-2,5,604,-1,5,634,-2,3,651,-3,3,0
0,263,215,0,5,531,-1,1,642,-1,4,401,-1,5,530,-2,5,599,-1,5,631,-2,3,647,-3,3,3
-8,255,208,0,5,528,-1,1,636,-1,4,394,-1,5,522,-2,5,593,-1,5,627,-2,3,645,-3,3,0
0,255,204,0,5,527,-1,1,632,-1,4,389,-1,5,519,-2,5,588,-1,5,625,-2,3,642,-3,3,3
-8,247,197,0,5,524,-1,1,627,-1,4,383,-1,5,512,-2,5,581,-1,5,621,-2,3,639,-3,3,0
-8,247,192,0,5,523,-1,1,623,-1,4,378,-1,5,508,-2,5,577,-1,5,618,-2,3,636,-3,3,2
-8,247,187,0,5,523,-1,1,619,-1,4,374,-1,5,505,-2,5,572,-1,5,615,-2,3,632,-3,3,5
-8,247,182,0,5,522,-1,1,616,-1,4,369,-1,5,501,-2,5,568,-1,5,613,-2,3,629,-3,3,4
-8,247,521,-1,1,612,-1,4,365,-1,5,498,-2,5,563,-1,5,610,-2,3,626,-3,3,685,0,2,5
-8,247,521,-1,1,609,-1,4,360,-1,5,495,-2,5,558,-1,5,607,-2,3,623,-3,3,683,0,2,4
-8,247,520,-1,1,605,-1,4,356,-1,5,492,-2,5,554,-1,5,604,-2,3,620,-3,3,681,0,2,5
-8,239,517,-1,1,599,-1,4,349,-1,5,484,-2,5,547,-1,5,601,-2,3,617,-3,3,681,0,2,0
-8,239,516,-1,1,596,-1,4,344,-1,5,481,-2,5,543,-1,5,598,-2,3,679,0,2,632,2,2,5
-8,231,513,-1,1,590,-1,4,337,-1,5,474,-2,5,536,-1,5,594,-2,3,679,0,2,631,2,2,0
-8,231,513,-1,1,587,-1,4,333,-1,5,470,-2,5,531,-1,5,591,-2,3,678,0,2,629,2,2,5
8,239,515,-1,1,585,-1,4,331,-1,5,471,-2,5,529,-1,5,589,-2,3,673,0,2,658,-1,6,1
-8,231,511,-1,1,579,-1,4,324,-1,5,464,-2,5,522,-1,5,586,-2,3,674,0,2,651,-1,6,0
0,231,511,-1,1,576,-1,4,320,-1,5,461,-2,5,518,-1,5,583,-2,3,672,0,2,645,-1,6,3
-8,223,508,-1,1,570,-1,4,313,-1,5,453,-2,5,511,-1,5,580,-2,3,672,0,2,639,-1,6,0
0,223,507,-1,1,566,-1,4,308,-1,5,450,-2,5,506,-1,5,577,-2,3,670,0,2,633,-1,6,3
-8,215,504,-1,1,561,-1,4,301,-1,5,443,-2,5,500,-1,5,573,-2,3,671,0,2,626,-1,6,0
0,215,503,-1,1,557,-1,4,297,-1,5,710,-2,5,495,-1,5,570,-2,3,669,0,2,620,-1,6,3
-8,207,500,-1,1,552,-1,4,290,-1,5,704,-2,5,489,-1,5,567,-2,3,670,0,2,613,-1,6,0
-8,207,500,-1,1,548,-1,4,286,-1,5,700,-2,5,484,-1,5,564,-2,3,668,0,2,607,-1,6,2
-8,199,497,-1,1,543,-1,4,279,-1,5,693,-2,5,478,-1,5,561,-2,3,669,0,2,601,-1,6,0
8,207,498,-1,1,541,-1,4,277,-1,5,691,-2,5,475,-1,5,558,-2,3,664,0,2,596,-1,6,1
8,207,498,-1,1,537,-1,4,272,-1,5,687,-2,5,470,-1,5,556,-2,3,662,0,2,590,-1,6,5
-8,199,495,-1,1,532,-1,4,265,-1,5,680,-2,5,464,-1,5,552,-2,3,663,0,2,583,-1,6,0
-8,199,494,-1,1,528,-1,4,261,-1,5,676,-2,5,459,-1,5,549,-2,3,661,0,2,577,-1,6,5
-8,199,493,-1,1,524,-1,4,256,-1,5,672,-2,5,455,-1,5,546,-2,3,659,0,2,571,-1,6,5
-8,199,493,-1,1,521,-1,4,252,-1,5,668,-2,5,450,-1,5,544,-2,3,658,0,2,566,-1,6,5
-8,199,492,-1,1,517,-1,4,248,-1,5,663,-2,5,445,-1,5,541,-2,3,656,0,2,560,-1,6,4
-8,199,491,-1,1,513,-1,4,243,-1,5,659,-2,5,441,-1,5,538,-2,3,654,0,2,554,-1,6,5
0,199,491,-1,1,510,-1,4,239,-1,5,655,-2,5,436,-1,5,535,-2,3,652,0,2,548,-1,6,3
0,199,490,-1,1,506,-1,4,235,-1,5,651,-2,5,432,-1,5,533,-2,3,650,0,2,542,-1,6,5
8,207,492,-1,1,504,-1,4,234,-1,5,649,-2,5,429,-1,5,531,-2,3,645,0,2,538,-1,6,1
-8,199,489,-1,1,499,-1,4,227,-1,5,643,-2,5,422,-1,5,527,-2,3,646,0,2,531,-1,6,0
-8,199,488,-1,1,495,-1,4,222,-1,5,638,-2,5,418,-1,5,524,-2,3,644,0,2,525,-1,6,4
-8,191,485,-1,1,489,-1,4,215,-1,5,632,-2,5,411,-1,5,521,-2,3,645,0,2,518,-1,6,0
-8,191,484,-1,1,486,-1,4,211,-1,5,628,-2,5,407,-1,5,518,-2,3,644,0,2,512,-1,6,4
-8,183,481,-1,1,480,-1,4,203,-1,5,621,-2,5,400,-1,5,514,-2,3,645,0,2,505,-1,6,0
-8,183,481,-1,1,477,-1,4,199,-1,5,617,-2,5,395,-1,5,512,-2,3,643,0,2,499,-1,6,5
-8,175,478,-1,1,471,-1,4,192,-1,5,610,-2,5,389,-1,5,508,-2,3,644,0,2,493,-1,6,0
-8,175,477,-1,1,467,-1,4,188,-1,5,606,-2,5,384,-1,5,505,-2,3,642,0,2,487,-1,6,2
-8,167,474,-1,1,462,-1,4,180,-1,5,600,-2,5,378,-1,5,501,-2,3,644,0,2,480,-1,6,0
-8,167,474,-1,1,458,-1,4,176,-1,5,595,-2,5,373,-1,5,499,-2,3,642,0,2,474,-1,6,2
8,175,475,-1,1,456,-1,4,175,-1,5,594,-2,5,370,-1,5,497,-2,3,637,0,2,469,-1,6,1
8,175,474,-1,1,453,-1,4,171,-1,5,590,-2,5,366,-1,5,494,-2,3,635,0,2,464,-1,6,4
8,183,476,-1,1,451,-1,4,171,-1,5,678,-2,6,364,-1,5,493,-2,3,630,0,2,459,-1,6,1
8,183,475,-1,1,448,-1,4,168,-1,5,672,-2,6,359,-1,5,490,-2,3,628,0,2,453,-1,6,2
8,191,477,-1,1,446,-1,4,168,-1,5,663,-2,6,357,-1,5,489,-2,3,623,0,2,448,-1,6,1
8,191,477,-1,1,443,-1,4,165,-1,5,657,-2,6,353,-1,5,486,-2,3,621,0,2,443,-1,6,5
8,199,479,-1,1,442,-1,4,167,-1,5,649,-2,6,352,-1,5,485,-2,3,617,0,2,439,-1,6,1
8,199,478,-1,1,438,-1,4,164,-1,5,642,-2,6,347,-1,5,482,-2,3,615,0,2,433,-1,6,4
8,207,480,-1,1,438,-1,4,166,-1,5,634,-2,6,346,-1,5,482,-2,3,610,0,2,429,-1,6,1
8,207,480,-1,1,434,-1,4,163,-1,5,628,-2,6,342,-1,5,479,-2,3,608,0,2,423,-1,6,2
8,207,479,-1,1,431,-1,4,161,-1,5,622,-2,6,338,-1,5,477,-2,3,606,0,2,418,-1,6,5
8,215,481,-1,1,430,-1,4,164,-1,5,614,-2,6,337,-1,5,476,-2,3,601,0,2,414,-1,6,1
8,215,481,-1,1,427,-1,4,162,-1,5,607,-2,6,333,-1,5,474,-2,3,599,0,2,409,-1,6,5
8,215,480,-1,1,424,-1,4,160,-1,5,601,-2,6,329,-1,5,472,-2,3,598,0,2,403,-1,6,4
8,215,480,-1,1,420,-1,4,158,-1,5,595,-2,6,325,-1,5,469,-2,3,596,0,2,398,-1,6,5
8,215,479,-1,1,417,-1,4,156,-1,5,588,-2,6,321,-1,5,467,-2,3,594,0,2,392,-1,6,2
8,215,479,-1,1,414,-1,4,155,-1,5,582,-2,6,317,-1,5,465,-2,3,592,0,2,387,-1,6,5
8,223,481,-1,1,414,-1,4,160,-1,5,574,-2,6,318,-1,5,465,-2,3,587,0,2,384,-1,6,1
8,223,481,-1,1,411,-1,4,159,-1,5,568,-2,6,314,-1,5,463,-2,3,585,0,2,378,-1,6,5
0,223,480,-1,1,407,-1,4,158,-1,5,562,-2,6,310,-1,5,460,-2,3,584,0,2,373,-1,6,3
0,223,480,-1,1,404,-1,4,157,-1,5,555,-2,6,306,-1,5,458,-2,3,582,0,2,368,-1,6,2
0,223,479,-1,1,401,-1,4,156,-1,5,549,-2,6,303,-1,5,456,-2,3,580,0,2,362,-1,6,4
0,223,479,-1,1,398,-1,4,155,-1,5,543,-2,6,299,-1,5,454,-2,3,578,0,2,357,-1,6,2
0,223,478,-1,1,395,-1,4,155,-1,5,537,-2,6,296,-1,5,452,-2,3,576,0,2,352,-1,6,3
0,223,478,-1,1,392,-1,4,154,-1,5,530,-2,6,292,-1,5,450,-2,3,574,0,2,347,-1,6,2
0,223,477,-1,1,389,-1,4,154,-1,5,524,-2,6,289,-1,5,448,-2,3,572,0,2,341,-1,6,4
0,223,477,-1,1,386,-1,4,154,-1,5,518,-2,6,285,-1,5,445,-2,3,570,0,2,336,-1,6,2
8,231,480,-1,1,387,-1,4,162,-1,5,510,-2,6,287,-1,5,446,-2,3,566,0,2,334,-1,6,1
8,231,479,-1,1,384,-1,4,163,-1,5,504,-2,6,284,-1,5,444,-2,3,564,0,2,329,-1,6,2
8,231,479,-1,1,381,-1,4,163,-1,5,498,-2,6,281,-1,5,443,-2,3,562,0,2,324,-1,6,2
8,231,479,-1,1,378,-1,4,164,-1,5,491,-2,6,278,-1,5,441,-2,3,560,0,2,319,-1,6,2
0,231,478,-1,1,375,-1,4,165,-1,5,485,-2,6,275,-1,5,439,-2,3,558,0,2,314,-1,6,3
0,231,478,-1,1,372,-1,4,166,-1,5,479,-2,6,272,-1,5,437,-2,3,556,0,2,310,-1,6,2
0,231,477,-1,1,369,-1,4,167,-1,5,473,-2,6,269,-1,5,435,-2,3,555,0,2,305,-1,6,2
0,231,477,-1,1,366,-1,4,169,-1,5,466,-2,6,266,-1,5,433,-2,3,553,0,2,300,-1,6,2
0,231,476,-1,1,364,-1,4,170,-1,5,460,-2,6,263,-1,5,431,-2,3,551,0,2,295,-1,6,3
0,231,476,-1,1,361,-1,4,701,-1,1,454,-2,6,260,-1,5,429,-2,3,549,0,2,291,-1,6,2
8,239,479,-1,1,363,-1,4,702,-1,1,447,-2,6,264,-1,5,431,-2,3,544,0,2,290,-1,6,1
8,239,479,-1,1,360,-1,4,701,-1,1,440,-2,6,261,-1,5,429,-2,3,542,0,2,286,-1,6,2
8,239,479,-1,1,357,-1,4,701,-1,1,434,-2,6,259,-1,5,428,-2,3,540,0,2,281,-1,6,5
-8,231,474,-1,1,350,-1,4,698,-1,1,429,-2,6,250,-1,5,422,-2,3,541,0,2,272,-1,6,0
8,239,478,-1,1,352,-1,4,699,-1,1,422,-2,6,254,-1,5,424,-2,3,537,0,2,273,-1,6,1
-8,231,474,-1,1,345,-1,4,696,-1,1,417,-2,6,246,-1,5,419,-2,3,538,0,2,264,-1,6,0
-8,223,469,-1,1,337,-1,4,694,-1,1,412,-2,6,237,-1,5,413,-2,3,539,0,2,255,-1,6,0
-8,215,465,-1,1,330,-1,4,691,-1,1,407,-2,6,229,-1,5,408,-2,3,540,0,2,246,-1,6,0
-8,207,461,-1,1,323,-1,4,688,-1,1,402,-2,6,220,-1,5,403,-2,3,542,0,2,237,-1,6,0
-8,199,457,-1,1,315,-1,4,686,-1,1,397,-2,6,211,-1,5,397,-2,3,543,0,2,228,-1,6,0
0,199,457,-1,1,313,-1,4,685,-1,1,391,-2,6,209,-1,5,395,-2,3,541,0,2,224,-1,6,3
-8,191,453,-1,1,305,-1,4,683,-1,1,386,-2,6,201,-1,5,390,-2,3,543,0,2,215,-1,6,0
8,199,456,-1,1,307,-1,4,684,-1,1,378,-2,6,205,-1,5,392,-2,3,538,0,2,215,-1,6,1
8,199,455,-1,1,305,-1,4,683,-1,1,372,-2,6,203,-1,5,390,-2,3,536,0,2,211,-1,6,2
8,199,455,-1,1,302,-1,4,682,-1,1,366,-2,6,202,-1,5,389,-2,3,534,0,2,207,-1,6,5
8,199,454,-1,1,300,-1,4,681,-1,1,359,-2,6,200,-1,5,387,-2,3,532,0,2,203,-1,6,2
8,199,454,-1,1,297,-1,4,681,-1,1,353,-2,6,199,-1,5,385,-2,3,530,0,2,199,-1,6,2
8,199,454,-1,1,295,-1,4,680,-1,1,347,-2,6,197,-1,5,384,-2,3,529,0,2,195,-1,6,2
0,199,453,-1,1,292,-1,4,679,-1,1,341,-2,6,196,-1,5,382,-2,3,527,0,2,192,-1,6,3
0,199,453,-1,1,290,-1,4,678,-1,1,334,-2,6,195,-1,5,381,-2,3,525,0,2,188,-1,6,2
0,199,452,-1,1,288,-1,4,678,-1,1,328,-2,6,194,-1,5,379,-2,3,523,0,2,185,-1,6,3
0,199,452,-1,1,285,-1,4,677,-1,1,322,-2,6,193,-1,5,378,-2,3,521,0,2,182,-1,6,2
0,199,451,-1,1,283,-1,4,676,-1,1,315,-2,6,192,-1,5,376,-2,3,520,0,2,179,-1,6,2
-8,191,447,-1,1,275,-1,4,674,-1,1,311,-2,6,184,-1,5,370,-2,3,521,0,2,169,-1,6,0
-8,191,447,-1,1,273,-1,4,673,-1,1,304,-2,6,184,-1,5,369,-2,3,520,0,2,166,-1,6,5
-8,183,443,-1,1,265,-1,4,670,-1,1,300,-2,6,175,-1,5,363,-2,3,522,0,2,157,-1,6,0
0,183,442,-1,1,263,-1,4,669,-1,1,293,-2,6,175,-1,5,362,-2,3,520,0,2,155,-1,6,3
-8,175,438,-1,1,255,-1,4,667,-1,1,289,-2,6,167,-1,5,356,-2,3,522,0,2,145,-1,6,0
8,183,441,-1,1,259,-1,4,668,-1,1,281,-2,6,175,-1,5,359,-2,3,516,0,2,150,-1,6,1
-8,175,437,-1,1,251,-1,4,665,-1,1,276,-2,6,167,-1,5,353,-2,3,518,0,2,141,-1,6,0
8,183,441,-1,1,255,-1,4,667,-1,1,268,-2,6,175,-1,5,356,-2,3,513,0,2,146,-1,6,1
-8,175,436,-1,1,247,-1,4,664,-1,1,264,-2,6,168,-1,5,350,-2,3,515,0,2,137,-1,6,0
-8,175,436,-1,1,245,-1,4,663,-1,1,257,-2,6,168,-1,5,349,-2,3,513,0,2,135,-1,6,4
-8,175,436,-1,1,243,-1,4,662,-1,1,251,-2,6,169,-1,5,692,-2,7,512,0,2,134,-1,6,2
8,183,247,-1,4,664,-1,1,243,-2,6,178,-1,5,687,-2,7,506,0,2,141,-1,6,714,0,2,1
8,183,245,-1,4,663,-1,1,237,-2,6,179,-1,5,680,-2,7,504,0,2,140,-1,6,712,0,2,2
8,183,243,-1,4,662,-1,1,231,-2,6,180,-1,5,674,-2,7,502,0,2,140,-1,6,711,0,2,2
8,183,242,-1,4,661,-1,1,224,-2,6,181,-1,5,667,-2,7,501,0,2,140,-1,6,709,0,2,2
0,183,240,-1,4,661,-1,1,218,-2,6,183,-1,5,661,-2,7,499,0,2,140,-1,6,707,0,2,3
0,183,239,-1,4,660,-1,1,212,-2,6,680,-1,3,654,-2,7,497,0,2,140,-1,6,705,0,2,2
0,183,237,-1,4,659,-1,1,206,-2,6,677,-1,3,648,-2,7,495,0,2,141,-1,6,703,0,2,3
0,183,236,-1,4,659,-1,1,199,-2,6,674,-1,3,641,-2,7,494,0,2,142,-1,6,701,0,2,2
0,183,234,-1,4,658,-1,1,193,-2,6,671,-1,3,635,-2,7,492,0,2,143,-1,6,699,0,2,5
-8,175,226,-1,4,655,-1,1,188,-2,6,667,-1,3,627,-2,7,494,0,2,137,-1,6,700,0,2,0
-8,175,225,-1,4,654,-1,1,182,-2,6,665,-1,3,620,-2,7,493,0,2,138,-1,6,698,0,2,5
-8,167,217,-1,4,652,-1,1,177,-2,6,661,-1,3,612,-2,7,495,0,2,653,-1,1,699,0,2,0
-8,159,209,-1,4,649,-1,1,173,-2,6,657,-1,3,604,-2,7,498,0,2,653,-1,1,700,0,2,0
-8,151,201,-1,4,647,-1,1,169,-2,6,653,-1,3,596,-2,7,500,0,2,653,-1,1,701,0,2,0
-8,151,200,-1,4,646,-1,1,163,-2,6,651,-1,3,590,-2,7,499,0,2,652,-1,1,699,0,2,2
-8,143,192,-1,4,643,-1,1,159,-2,6,647,-1,3,582,-2,7,502,0,2,700,0,2,649,2,2,0
-8,143,190,-1,4,643,-1,1,153,-2,6,644,-1,3,575,-2,7,500,0,2,698,0,2,647,-3,1,2
-8,135,182,-1,4,640,-1,1,149,-2,6,641,-1,3,567,-2,7,503,0,2,700,0,2,647,-3,1,0
-8,135,181,-1,4,639,-1,1,143,-2,6,638,-1,3,561,-2,7,501,0,2,698,0,2,646,-3,1,4
-8,127,173,-1,4,637,-1,1,140,-2,6,634,-1,3,553,-2,7,504,0,2,699,0,2,646,-3,1,0
0,127,643,-1,4,636,-1,1,134,-2,6,631,-1,3,546,-2,7,503,0,2,697,0,2,644,-3,1,3
-8,119,638,-1,4,634,-1,1,131,-2,6,628,-1,3,538,-2,7,506,0,2,699,0,2,644,-3,1,0
0,119,634,-1,4,633,-1,1,125,-2,6,625,-1,3,532,-2,7,504,0,2,697,0,2,642,-3,1,3
-8,111,629,-1,4,631,-1,1,123,-2,6,622,-1,3,524,-2,7,508,0,2,699,0,2,643,-3,1,0
-8,103,625,-1,4,629,-1,1,122,-2,6,618,-1,3,516,-2,7,511,0,2,700,0,2,643,-3,1,0
-8,95,620,-1,4,627,-1,1,122,-2,6,615,-1,3,508,-2,7,515,0,2,702,0,2,643,-3,1,0
-8,95,616,-1,4,626,-1,1,116,-2,6,612,-1,3,501,-2,7,513,0,2,700,0,2,641,-3,1,2
-8,87,611,-1,4,624,-1,1,116,-2,6,609,-1,3,494,-2,7,517,0,2,702,0,2,641,-3,1,0
-8,87,607,-1,4,623,-1,1,111,-2,6,606,-1,3,487,-2,7,516,0,2,700,0,2,640,-3,1,2
-8,87,603,-1,4,622,-1,1,105,-2,6,603,-1,3,480,-2,7,514,0,2,699,0,2,638,-3,1,2
0,87,599,-1,4,621,-1,1,100,-2,6,600,-1,3,474,-2,7,513,0,2,697,0,2,636,-3,1,3
0,87,596,-1,4,620,-1,1,95,-2,6,597,-1,3,467,-2,7,511,0,2,695,0,2,635,-3,1,2
0,87,592,-1,4,619,-1,1,90,-2,6,594,-1,3,461,-2,7,510,0,2,693,0,2,633,-3,1,3
0,87,588,-1,4,619,-1,1,85,-2,6,591,-1,3,454,-2,7,508,0,2,692,0,2,632,-3,1,2
0,87,584,-1,4,618,-1,1,81,-2,6,588,-1,3,448,-2,7,507,0,2,690,0,2,630,-3,1,2
0,87,580,-1,4,617,-1,1,77,-2,6,585,-1,3,441,-2,7,505,0,2,688,0,2,628,-3,1,2
0,87,576,-1,4,616,-1,1,73,-2,6,582,-1,3,435,-2,7,504,0,2,686,0,2,627,-3,1,2
0,87,573,-1,4,615,-1,1,69,-2,6,579,-1,3,428,-2,7,502,0,2,685,0,2,645,2,6,2
-8,79,568,-1,4,613,-1,1,74,-2,6,576,-1,3,420,-2,7,506,0,2,687,0,2,638,2,6,0
8,87,565,-1,4,614,-1,1,63,-2,6,573,-1,3,416,-2,7,499,0,2,681,0,2,633,2,6,1
-8,79,560,-1,4,612,-1,1,69,-2,6,570,-1,3,408,-2,7,504,0,2,683,0,2,626,2,6,0
8,87,557,-1,4,612,-1,1,59,-2,6,567,-1,3,403,-2,7,497,0,2,677,0,2,620,2,6,1
0,87,554,-1,4,611,-1,1,58,-2,6,564,-1,3,397,-2,7,495,0,2,676,0,2,614,2,6,3
8,95,551,-1,4,612,-1,1,51,-2,6,562,-1,3,393,-2,7,488,0,2,670,0,2,609,2,6,1
8,95,547,-1,4,611,-1,1,655,-2,1,559,-1,3,387,-2,7,487,0,2,668,0,2,603,2,6,2
8,103,545,-1,4,612,-1,1,652,-2,1,557,-1,3,383,-2,7,480,0,2,663,0,2,597,2,6,1
8,103,541,-1,4,611,-1,1,651,-2,1,554,-1,3,377,-2,7,478,0,2,661,0,2,591,2,6,2
8,111,539,-1,4,612,-1,1,648,-2,1,551,-1,3,652,-2,1,471,0,2,656,0,2,586,2,6,1
0,111,535,-1,4,611,-1,1,647,-2,1,548,-1,3,651,-2,1,470,0,2,654,0,2,580,2,6,3
-8,103,530,-1,4,716,-1,3,647,-2,1,545,-1,3,651,-2,1,474,0,2,656,0,2,572,2,6,0
-8,103,526,-1,4,713,-1,3,645,-2,1,542,-1,3,649,-2,1,472,0,2,654,0,2,566,2,6,5
-8,95,521,-1,4,712,-1,3,645,-2,1,538,-1,3,649,-2,1,477,0,2,656,0,2,559,2,6,0
8,103,519,-1,4,707,-1,3,643,-2,1,536,-1,3,647,-2,1,470,0,2,651,0,2,554,2,6,1
-8,95,514,-1,4,706,-1,3,643,-2,1,533,-1,3,647,-2,1,474,0,2,653,0,2,547,2,6,0
-8,95,510,-1,4,703,-1,3,641,-2,1,530,-1,3,645,-2,1,472,0,2,651,0,2,541,2,6,2
-8,87,505,-1,4,702,-1,3,641,-2,1,526,-1,3,645,-2,1,477,0,2,653,0,2,534,2,6,0
-8,87,501,-1,4,699,-1,3,523,-1,3,644,-2,1,475,0,2,651,0,2,528,2,6,647,-1,3,2
-8,79,496,-1,4,698,-1,3,520,-1,3,644,-2,1,480,0,2,654,0,2,522,2,6,646,-1,3,0
-8,79,492,-1,4,695,-1,3,517,-1,3,643,-2,1,478,0,2,652,0,2,515,2,6,642,-1,3,2
-8,71,487,-1,4,695,-1,3,514,-1,3,483,0,2,654,0,2,509,2,6,641,-1,3,712,-2,5,0
-8,71,483,-1,4,692,-1,3,511,-1,3,482,0,2,653,0,2,503,2,6,638,-1,3,707,-2,5,2
-8,63,478,-1,4,691,-1,3,507,-1,3,486,0,2,655,0,2,497,2,6,636,-1,3,704,-2,5,0
8,71,475,-1,4,685,-1,3,505,-1,3,479,0,2,649,0,2,632,-1,3,696,-2,5,712,2,1,1
-8,63,470,-1,4,685,-1,3,501,-1,3,484,0,2,652,0,2,630,-1,3,693,-2,5,715,2,1,0
-8,63,466,-1,4,682,-1,3,482,0,2,650,0,2,627,-1,3,688,-2,5,715,2,1,653,1,6,5
-8,55,461,-1,4,681,-1,3,487,0,2,653,0,2,626,-1,3,685,-2,5,719,2,1,649,1,6,0
-8,55,458,-1,4,678,-1,3,486,0,2,651,0,2,622,-1,3,680,-2,5,719,2,1,643,1,6,2
-8,47,452,-1,4,678,-1,3,491,0,2,654,0,2,621,-1,3,677,-2,5,723,2,1,640,1,6,0
-8,47,449,-1,4,675,-1,3,489,0,2,652,0,2,618,-1,3,672,-2,5,723,2,1,634,1,6,5
-8,39,444,-1,4,675,-1,3,494,0,2,655,0,2,617,-1,3,669,-2,5,727,2,1,631,1,6,0
-8,39,655,-1,5,672,-1,3,493,0,2,653,0,2,614,-1,3,664,-2,5,727,2,1,625,1,6,2
-8,31,651,-1,5,672,-1,3,498,0,2,656,0,2,613,-1,3,661,-2,5,731,2,1,622,1,6,0
8,39,645,-1,5,665,-1,3,491,0,2,650,0,2,607,-1,3,653,-2,5,727,2,1,614,1,6,1
-8,31,641,-1,5,665,-1,3,496,0,2,653,0,2,606,-1,3,651,-2,5,731,2,1,611,1,6,0
-8,25,637,-1,5,664,-1,3,500,0,2,655,0,2,605,-1,3,648,-2,5,735,2,1,607,1,6,0
-8,25,632,-1,5,661,-1,3,498,0,2,653,0,2,602,-1,3,642,-2,5,735,2,1,602,1,6,0
-8,25,627,-1,5,658,-1,3,497,0,2,652,0,2,598,-1,3,637,-2,5,735,2,1,596,1,6,5
-8,25,622,-1,5,655,-1,3,496,0,2,650,0,2,595,-1,3,631,-2,5,735,2,1,591,1,6,0
-8,25,617,-1,5,652,-1,3,495,0,2,648,0,2,592,-1,3,626,-2,5,735,2,1,586,1,6,4
-8,25,612,-1,5,649,-1,3,494,0,2,647,0,2,589,-1,3,621,-2,5,736,2,1,580,1,6,2
8,33,605,-1,5,642,-1,3,486,0,2,640,0,2,584,-1,3,612,-2,5,732,2,1,572,1,6,1
8,33,600,-1,5,639,-1,3,485,0,2,639,0,2,580,-1,3,607,-2,5,732,2,1,567,1,6,2
8,41,594,-1,5,633,-1,3,477,0,2,633,0,2,575,-1,3,599,-2,5,728,2,1,559,1,6,1
8,41,588,-1,5,630,-1,3,476,0,2,631,0,2,572,-1,3,593,-2,5,728,2,1,554,1,6,2
0,41,583,-1,5,627,-1,3,475,0,2,629,0,2,569,-1,3,588,-2,5,728,2,1,548,1,6,3
0,41,578,-1,5,623,-1,3,474,0,2,628,0,2,566,-1,3,582,-2,5,728,2,1,543,1,6,2
8,49,572,-1,5,617,-1,3,466,0,2,621,0,2,561,-1,3,574,-2,5,724,2,1,535,1,6,1
8,49,567,-1,5,614,-1,3,465,0,2,620,0,2,558,-1,3,569,-2,5,725,2,1,530,1,6,2
8,49,562,-1,5,611,-1,3,464,0,2,618,0,2,555,-1,3,563,-2,5,725,2,1,524,1,6,2
8,49,556,-1,5,608,-1,3,463,0,2,616,0,2,551,-1,3,558,-2,5,725,2,1,519,1,6,5
8,57,550,-1,5,602,-1,3,455,0,2,610,0,2,546,-1,3,550,-2,5,721,2,1,511,1,6,1
8,57,545,-1,5,599,-1,3,454,0,2,609,0,2,543,-1,3,545,-2,5,721,2,1,506,1,6,5
8,65,539,-1,5,592,-1,3,446,0,2,602,0,2,539,-1,3,537,-2,5,717,2,1,498,1,6,1
8,65,534,-1,5,589,-1,3,445,0,2,601,0,2,535,-1,3,531,-2,5,717,2,1,492,1,6,5
8,65,529,-1,5,586,-1,3,444,0,2,599,0,2,532,-1,3,526,-2,5,718,2,1,487,1,6,2
8,65,524,-1,5,583,-1,3,443,0,2,597,0,2,529,-1,3,521,-2,5,718,2,1,482,1,6,5
8,65,518,-1,5,580,-1,3,442,0,2,596,0,2,526,-1,3,515,-2,5,718,2,1,477,1,6,5
8,65,513,-1,5,577,-1,3,440,0,2,594,0,2,523,-1,3,510,-2,5,718,2,1,471,1,6,5
8,65,508,-1,5,574,-1,3,439,0,2,593,0,2,520,-1,3,504,-2,5,718,2,1,466,1,6,2
8,65,503,-1,5,570,-1,3,438,0,2,591,0,2,517,-1,3,499,-2,5,719,2,1,461,1,6,4
8,65,498,-1,5,567,-1,3,437,0,2,589,0,2,513,-1,3,494,-2,5,684,2,3,456,1,6,5
8,65,493,-1,5,564,-1,3,436,0,2,588,0,2,510,-1,3,488,-2,5,682,2,3,451,1,6,4
-8,57,489,-1,5,564,-1,3,442,0,2,591,0,2,509,-1,3,485,-2,5,682,2,3,449,1,6,0
-8,57,484,-1,5,561,-1,3,441,0,2,589,0,2,506,-1,3,480,-2,5,679,2,3,444,1,6,4
-8,57,479,-1,5,557,-1,3,439,0,2,588,0,2,502,-1,3,475,-2,5,677,2,3,438,1,6,5
-8,57,474,-1,5,554,-1,3,438,0,2,586,0,2,499,-1,3,469,-2,5,675,2,3,433,1,6,4
-8,49,470,-1,5,554,-1,3,444,0,2,589,0,2,498,-1,3,467,-2,5,675,2,3,432,1,6,0
-8,49,465,-1,5,551,-1,3,443,0,2,588,0,2,495,-1,3,461,-2,5,673,2,3,427,1,6,4
-8,49,460,-1,5,548,-1,3,442,0,2,586,0,2,492,-1,3,456,-2,5,671,2,3,422,1,6,5
-8,41,456,-1,5,548,-1,3,448,0,2,590,0,2,490,-1,3,453,-2,5,671,2,3,421,1,6,0
-8,41,451,-1,5,545,-1,3,447,0,2,588,0,2,487,-1,3,448,-2,5,669,2,3,417,1,6,5
-8,33,447,-1,5,545,-1,3,453,0,2,592,0,2,486,-1,3,445,-2,5,670,2,3,416,1,6,0
-8,33,442,-1,5,542,-1,3,452,0,2,590,0,2,483,-1,3,440,-2,5,668,2,3,411,1,6,5
-8,25,439,-1,5,542,-1,3,458,0,2,594,0,2,482,-1,3,438,-2,5,669,2,3,411,1,6,0
0,25,433,-1,5,539,-1,3,457,0,2,592,0,2,478,-1,3,432,-2,5,666,2,3,407,1,6,3
-8,25,428,-1,5,535,-1,3,456,0,2,591,0,2,475,-1,3,427,-2,5,664,2,3,402,1,6,0
-8,25,423,-1,5,532,-1,3,455,0,2,589,0,2,472,-1,3,421,-2,5,662,2,3,398,1,6,2
-8,25,418,-1,5,529,-1,3,454,0,2,588,0,2,469,-1,3,416,-2,5,660,2,3,393,1,6,0
8,33,411,-1,5,523,-1,3,446,0,2,581,0,2,464,-1,3,408,-2,5,655,2,3,385,1,6,1
-8,25,408,-1,5,523,-1,3,453,0,2,585,0,2,463,-1,3,405,-2,5,657,2,3,385,1,6,0
-8,25,403,-1,5,520,-1,3,452,0,2,583,0,2,459,-1,3,400,-2,5,655,2,3,381,1,6,0
-8,25,398,-1,5,517,-1,3,451,0,2,582,0,2,456,-1,3,394,-2,5,653,2,3,377,1,6,0
-8,25,393,-1,5,514,-1,3,450,0,2,580,0,2,453,-1,3,389,-2,5,651,2,3,373,1,6,2
-8,25,388,-1,5,510,-1,3,449,0,2,579,0,2,450,-1,3,384,-2,5,649,2,3,369,1,6,0
-8,25,382,-1,5,507,-1,3,448,0,2,577,0,2,447,-1,3,378,-2,5,647,2,3,365,1,6,5
-8,25,377,-1,5,504,-1,3,447,0,2,576,0,2,444,-1,3,373,-2,5,645,2,3,361,1,6,0
-8,25,372,-1,5,501,-1,3,446,0,2,574,0,2,440,-1,3,368,-2,5,643,2,3,357,1,6,0
-8,25,367,-1,5,498,-1,3,446,0,2,573,0,2,437,-1,3,362,-2,5,641,2,3,353,1,6,0
-8,25,362,-1,5,495,-1,3,445,0,2,571,0,2,434,-1,3,357,-2,5,640,2,3,349,1,6,4
-8,25,357,-1,5,492,-1,3,444,0,2,570,0,2,431,-1,3,351,-2,5,638,2,3,346,1,6,2
-8,25,352,-1,5,488,-1,3,443,0,2,568,0,2,428,-1,3,346,-2,5,636,2,3,342,1,6,4
-8,25,347,-1,5,485,-1,3,442,0,2,567,0,2,425,-1,3,341,-2,5,634,2,3,339,1,6,2
-8,25,342,-1,5,482,-1,3,441,0,2,565,0,2,422,-1,3,335,-2,5,632,2,3,335,1,6,4
-8,25,337,-1,5,479,-1,3,441,0,2,564,0,2,418,-1,3,330,-2,5,631,2,3,332,1,6,2
-8,25,331,-1,5,476,-1,3,440,0,2,562,0,2,415,-1,3,324,-2,5,629,2,3,329,1,6,0
-8,25,326,-1,5,473,-1,3,439,0,2,561,0,2,412,-1,3,319,-2,5,627,2,3,326,1,6,2
-8,25,321,-1,5,470,-1,3,438,0,2,559,0,2,409,-1,3,314,-2,5,625,2,3,322,1,6,2
-8,25,316,-1,5,466,-1,3,438,0,2,558,0,2,406,-1,3,308,-2,5,624,2,3,319,1,6,2
-8,25,311,-1,5,463,-1,3,437,0,2,557,0,2,403,-1,3,303,-2,5,622,2,3,316,1,6,5
-8,25,306,-1,5,460,-1,3,436,0,2,555,0,2,399,-1,3,298,-2,5,620,2,3,314,1,6,4
-8,25,301,-1,5,457,-1,3,435,0,2,554,0,2,396,-1,3,292,-2,5,619,2,3,311,1,6,4
-8,25,296,-1,5,454,-1,3,435,0,2,552,0,2,393,-1,3,287,-2,5,617,2,3,308,1,6,4
-8,25,291,-1,5,451,-1,3,434,0,2,551,0,2,390,-1,3,281,-2,5,616,2,3,306,1,6,4
-8,25,286,-1,5,448,-1,3,433,0,2,549,0,2,387,-1,3,276,-2,5,614,2,3,303,1,6,4
-8,25,280,-1,5,445,-1,3,432,0,2,548,0,2,384,-1,3,271,-2,5,612,2,3,301,1,6,0
-8,25,275,-1,5,441,-1,3,432,0,2,547,0,2,381,-1,3,265,-2,5,611,2,3,299,1,6,4
-8,25,270,-1,5,438,-1,3,431,0,2,545,0,2,377,-1,3,260,-2,5,609,2,3,296,1,6,4
-8,25,265,-1,5,435,-1,3,430,0,2,544,0,2,374,-1,3,254,-2,5,608,2,3,294,1,6,4
-8,25,260,-1,5,432,-1,3,430,0,2,542,0,2,371,-1,3,249,-2,5,606,2,3,292,1,6,5
-8,25,255,-1,5,429,-1,3,429,0,2,541,0,2,368,-1,3,244,-2,5,605,2,3,291,1,6,5
-8,25,250,-1,5,426,-1,3,428,0,2,540,0,2,365,-1,3,238,-2,5,603,2,3,289,1,6,4
-8,25,245,-1,5,423,-1,3,428,0,2,538,0,2,362,-1,3,233,-2,5,602,2,3,287,1,6,5
-8,25,240,-1,5,419,-1,3,427,0,2,537,0,2,358,-1,3,228,-2,5,600,2,3,286,1,6,4
-8,25,235,-1,5,416,-1,3,426,0,2,535,0,2,355,-1,3,222,-2,5,599,2,3,285,1,6,5
-8,25,230,-1,5,413,-1,3,426,0,2,534,0,2,352,-1,3,217,-2,5,598,2,3,283,1,6,2
-8,25,224,-1,5,410,-1,3,425,0,2,533,0,2,349,-1,3,211,-2,5,596,2,3,282,1,6,5
-8,25,219,-1,5,407,-1,3,424,0,2,531,0,2,346,-1,3,206,-2,5,595,2,3,281,1,6,2
-8,25,214,-1,5,404,-1,3,424,0,2,530,0,2,343,-1,3,201,-2,5,594,2,3,281,1,6,5
0,25,209,-1,5,401,-1,3,423,0,2,529,0,2,340,-1,3,195,-2,5,592,2,3,280,1,6,3
-8,25,204,-1,5,398,-1,3,423,0,2,527,0,2,336,-1,3,190,-2,5,591,2,3,279,1,6,0
0,25,199,-1,5,394,-1,3,422,0,2,526,0,2,333,-1,3,184,-2,5,590,2,3,279,1,6,3
-8,25,194,-1,5,391,-1,3,421,0,2,524,0,2,330,-1,3,179,-2,5,588,2,3,279,1,6,0
0,25,189,-1,5,388,-1,3,421,0,2,523,0,2,327,-1,3,174,-2,5,587,2,3,279,1,6,3
-8,25,184,-1,5,385,-1,3,420,0,2,522,0,2,324,-1,3,168,-2,5,586,2,3,278,1,6,0
0,25,179,-1,5,382,-1,3,420,0,2,520,0,2,321,-1,3,163,-2,5,585,2,3,279,1,6,3
-8,25,173,-1,5,379,-1,3,419,0,2,519,0,2,318,-1,3,158,-2,5,584,2,3,279,1,6,0
-8,25,168,-1,5,376,-1,3,419,0,2,518,0,2,314,-1,3,152,-2,5,582,2,3,279,1,6,2
-8,25,163,-1,5,373,-1,3,418,0,2,516,0,2,311,-1,3,147,-2,5,581,2,3,280,1,6,0
-8,25,158,-1,5,370,-1,3,418,0,2,515,0,2,308,-1,3,141,-2,5,580,2,3,280,1,6,5
8,33,151,-1,5,363,-1,3,409,0,2,508,0,2,303,-1,3,133,-2,5,574,2,3,273,1,6,1
0,33,146,-1,5,360,-1,3,409,0,2,506,0,2,300,-1,3,128,-2,5,573,2,3,274,1,6,3
8,41,140,-1,5,353,-1,3,401,0,2,499,0,2,295,-1,3,120,-2,5,567,2,3,267,1,6,1
8,41,135,-1,5,350,-1,3,400,0,2,498,0,2,292,-1,3,114,-2,5,566,2,3,268,1,6,4
8,49,129,-1,5,343,-1,3,392,0,2,491,0,2,288,-1,3,107,-2,5,560,2,3,261,1,6,1
8,49,340,-1,3,391,0,2,489,0,2,285,-1,3,101,-2,5,559,2,3,691,1,6,706,-3,5,2
8,57,334,-1,3,383,0,2,482,0,2,281,-1,3,95,-2,5,553,2,3,684,1,6,698,-3,5,1
8,57,330,-1,3,383,0,2,481,0,2,278,-1,3,90,-2,5,551,2,3,678,1,6,692,-3,5,4
8,65,324,-1,3,374,0,2,473,0,2,274,-1,3,84,-2,5,545,2,3,671,1,6,683,-3,5,1
8,73,318,-1,3,366,0,2,466,0,2,270,-1,3,539,2,3,664,1,6,675,-3,5,679,-2,4,1
-8,65,318,-1,3,374,0,2,471,0,2,268,-1,3,543,2,3,660,1,6,672,-3,5,676,-2,4,0
-8,57,318,-1,3,381,0,2,475,0,2,265,-1,3,547,2,3,655,1,6,669,-3,5,673,-2,4,0
-8,49,318,-1,3,388,0,2,480,0,2,263,-1,3,551,2,3,651,1,6,666,-3,5,670,-2,4,0
-8,41,318,-1,3,396,0,2,485,0,2,261,-1,3,556,2,3,647,1,6,663,-3,5,667,-2,4,0
-8,33,319,-1,3,403,0,2,489,0,2,259,-1,3,560,2,3,643,1,6,661,-3,5,665,-2,4,0
0,33,316,-1,3,403,0,2,488,0,2,256,-1,3,560,2,3,637,1,6,655,-3,5,660,-2,4,3
-8,25,317,-1,3,410,0,2,493,0,2,255,-1,3,564,2,3,634,1,6,652,-3,5,658,-2,4,0
-8,25,314,-1,3,410,0,2,492,0,2,251,-1,3,564,2,3,628,1,6,646,-3,5,653,-2,4,5
-8,25,310,-1,3,410,0,2,491,0,2,248,-1,3,563,2,3,623,1,6,641,-3,5,649,-2,4,0
-8,25,307,-1,3,409,0,2,489,0,2,245,-1,3,562,2,3,617,1,6,635,-3,5,645,-2,4,0
-8,25,304,-1,3,409,0,2,488,0,2,242,-1,3,561,2,3,611,1,6,629,-3,5,640,-2,4,0
-8,25,301,-1,3,409,0,2,487,0,2,239,-1,3,561,2,3,606,1,6,623,-3,5,636,-2,4,2
-8,25,298,-1,3,408,0,2,486,0,2,236,-1,3,560,2,3,600,1,6,618,-3,5,632,-2,4,0
-8,25,295,-1,3,408,0,2,485,0,2,233,-1,3,560,2,3,595,1,6,612,-3,5,627,-2,4,0
-8,25,292,-1,3,408,0,2,483,0,2,229,-1,3,559,2,3,589,1,6,606,-3,5,623,-2,4,0
-8,25,289,-1,3,408,0,2,482,0,2,226,-1,3,558,2,3,584,1,6,600,-3,5,619,-2,4,2
-8,25,286,-1,3,407,0,2,481,0,2,223,-1,3,558,2,3,578,1,6,594,-3,5,614,-2,4,0
8,33,279,-1,3,399,0,2,473,0,2,219,-1,3,551,2,3,571,1,6,586,-3,5,609,-2,4,1
-8,25,280,-1,3,407,0,2,479,0,2,217,-1,3,557,2,3,568,1,6,583,-3,5,606,-2,4,0
8,33,272,-1,3,399,0,2,471,0,2,212,-1,3,550,2,3,560,1,6,574,-3,5,600,-2,4,1
8,33,269,-1,3,398,0,2,470,0,2,209,-1,3,550,2,3,554,1,6,568,-3,5,596,-2,4,4
8,41,262,-1,3,390,0,2,462,0,2,205,-1,3,543,2,3,547,1,6,560,-3,5,590,-2,4,1
8,41,259,-1,3,390,0,2,461,0,2,202,-1,3,543,2,3,541,1,6,554,-3,5,586,-2,4,4
8,41,256,-1,3,390,0,2,460,0,2,199,-1,3,543,2,3,536,1,6,548,-3,5,581,-2,4,4
8,41,253,-1,3,390,0,2,459,0,2,196,-1,3,542,2,3,530,1,6,543,-3,5,577,-2,4,4
8,49,246,-1,3,382,0,2,451,0,2,192,-1,3,536,2,3,522,1,6,534,-3,5,572,-2,4,1
8,49,243,-1,3,381,0,2,450,0,2,189,-1,3,725,2,2,517,1,6,528,-3,5,568,-2,4,4
0,49,240,-1,3,381,0,2,449,0,2,186,-1,3,724,2,2,511,1,6,523,-3,5,563,-2,4,3
0,49,237,-1,3,381,0,2,447,0,2,183,-1,3,724,2,2,506,1,6,517,-3,5,559,-2,4,4
0,49,234,-1,3,381,0,2,446,0,2,180,-1,3,723,2,2,501,1,6,511,-3,5,555,-2,4,2
8,57,227,-1,3,373,0,2,439,0,2,718,2,2,493,1,6,503,-3,5,550,-2,4,656,-3,3,1
8,57,224,-1,3,373,0,2,437,0,2,717,2,2,487,1,6,497,-3,5,545,-2,4,653,-3,3,5
8,65,217,-1,3,365,0,2,430,0,2,713,2,2,480,1,6,489,-3,5,540,-2,4,648,-3,3,1
0,65,214,-1,3,364,0,2,429,0,2,712,2,2,474,1,6,484,-3,5,536,-2,4,644,-3,3,3
8,73,207,-1,3,356,0,2,421,0,2,707,2,2,466,1,6,476,-3,5,531,-2,4,639,-3,3,1
0,73,204,-1,3,356,0,2,420,0,2,706,2,2,461,1,6,470,-3,5,527,-2,4,636,-3,3,3
8,81,198,-1,3,348,0,2,412,0,2,702,2,2,453,1,6,463,-3,5,523,-2,4,631,-3,3,1
0,81,195,-1,3,348,0,2,411,0,2,701,2,2,448,1,6,457,-3,5,519,-2,4,628,-3,3,3
8,89,189,-1,3,340,0,2,403,0,2,696,2,2,440,1,6,450,-3,5,514,-2,4,624,-3,3,1
0,89,186,-1,3,340,0,2,402,0,2,696,2,2,434,1,6,444,-3,5,510,-2,4,621,-3,3,3
0,89,183,-1,3,340,0,2,401,0,2,695,2,2,429,1,6,439,-3,5,506,-2,4,617,-3,3,4
-8,81,182,-1,3,348,0,2,406,0,2,698,2,2,426,1,6,435,-3,5,502,-2,4,615,-3,3,0
-8,81,179,-1,3,348,0,2,405,0,2,697,2,2,421,1,6,429,-3,5,498,-2,4,611,-3,3,4
-8,81,176,-1,3,348,0,2,404,0,2,696,2,2,415,1,6,424,-3,5,494,-2,4,608,-3,3,5
-8,81,173,-1,3,348,0,2,403,0,2,696,2,2,410,1,6,418,-3,5,490,-2,4,605,-3,3,4
8,89,167,-1,3,340,0,2,395,0,2,691,2,2,402,1,6,411,-3,5,486,-2,4,601,-3,3,1
8,89,164,-1,3,340,0,2,394,0,2,690,2,2,397,1,6,406,-3,5,482,-2,4,598,-3,3,4
-8,81,163,-1,3,348,0,2,399,0,2,693,2,2,394,1,6,402,-3,5,478,-2,4,595,-3,3,0
-8,81,160,-1,3,348,0,2,398,0,2,693,2,2,389,1,6,396,-3,5,474,-2,4,592,-3,3,4
8,89,154,-1,3,340,0,2,391,0,2,688,2,2,381,1,6,389,-3,5,470,-2,4,588,-3,3,1
8,89,151,-1,3,340,0,2,389,0,2,687,2,2,375,1,6,384,-3,5,466,-2,4,585,-3,3,5
8,89,148,-1,3,340,0,2,388,0,2,687,2,2,370,1,6,379,-3,5,462,-2,4,582,-3,3,4
8,89,145,-1,3,341,0,2,387,0,2,686,2,2,365,1,6,373,-3,5,458,-2,4,579,-3,3,5
8,89,142,-1,3,683,0,7,386,0,2,685,2,2,360,1,6,368,-3,5,454,-2,4,576,-3,3,2
8,89,139,-1,3,677,0,7,385,0,2,684,2,2,355,1,6,362,-3,5,450,-2,4,572,-3,3,5
-8,81,138,-1,3,673,0,7,391,0,2,688,2,2,353,1,6,358,-3,5,446,-2,4,570,-3,3,0
-8,81,135,-1,3,666,0,7,390,0,2,687,2,2,348,1,6,353,-3,5,442,-2,4,566,-3,3,5
-8,81,132,-1,3,660,0,7,388,0,2,687,2,2,343,1,6,347,-3,5,438,-2,4,563,-3,3,5
-8,81,129,-1,3,653,0,7,387,0,2,686,2,2,338,1,6,342,-3,5,434,-2,4,560,-3,3,5
-8,81,126,-1,3,647,0,7,386,0,2,686,2,2,333,1,6,337,-3,5,430,-2,4,557,-3,3,5
-8,81,122,-1,3,640,0,7,385,0,2,694,2,4,328,1,6,331,-3,5,554,-3,3,658,0,2,4
-8,81,119,-1,3,634,0,7,384,0,2,691,2,4,323,1,6,326,-3,5,551,-3,3,656,0,2,4
-8,81,116,-1,3,627,0,7,383,0,2,688,2,4,318,1,6,321,-3,5,548,-3,3,654,0,2,4
-8,81,113,-1,3,621,0,7,382,0,2,684,2,4,313,1,6,316,-3,5,545,-3,3,652,0,2,5
-8,81,110,-1,3,614,0,7,381,0,2,681,2,4,309,1,6,310,-3,5,542,-3,3,650,0,2,4
-8,81,107,-1,3,608,0,7,380,0,2,678,2,4,304,1,6,305,-3,5,539,-3,3,648,0,2,5
-8,81,103,-1,3,601,0,7,379,0,2,675,2,4,299,1,6,300,-3,5,536,-3,3,646,0,2,4
-8,81,100,-1,3,595,0,7,378,0,2,671,2,4,295,1,6,295,-3,5,533,-3,3,644,0,2,4
-8,81,97,-1,3,588,0,7,377,0,2,668,2,4,290,1,6,289,-3,5,530,-3,3,642,0,2,4
-8,73,98,-1,3,585,0,7,383,0,2,668,2,4,291,1,6,527,-3,3,642,0,2,672,1,1,0
-8,73,94,-1,3,579,0,7,382,0,2,664,2,4,286,1,6,524,-3,3,641,0,2,671,1,1,4
-8,65,95,-1,3,576,0,7,389,0,2,664,2,4,287,1,6,521,-3,3,641,0,2,672,1,1,0
-8,65,92,-1,3,569,0,7,388,0,2,661,2,4,283,1,6,518,-3,3,639,0,2,671,1,1,4
-8,57,94,-1,3,567,0,7,394,0,2,661,2,4,284,1,6,639,0,2,671,1,1,697,1,1,0
-8,57,91,-1,3,560,0,7,393,0,2,658,2,4,280,1,6,637,0,2,670,1,1,696,1,1,4
-8,57,88,-1,3,554,0,7,392,0,2,655,2,4,277,1,6,635,0,2,669,1,1,696,1,1,5
-8,57,85,-1,3,548,0,7,391,0,2,652,2,4,273,1,6,633,0,2,669,1,1,695,1,1,4
0,57,82,-1,3,542,0,7,391,0,2,649,2,4,269,1,6,631,0,2,668,1,1,695,1,1,3
0,57,79,-1,3,536,0,7,390,0,2,646,2,4,266,1,6,629,0,2,667,1,1,694,1,1,4
0,57,76,-1,3,529,0,7,389,0,2,643,2,4,263,1,6,627,0,2,666,1,1,694,1,1,2
0,57,74,-1,3,523,0,7,388,0,2,640,2,4,259,1,6,626,0,2,665,1,1,693,1,1,2
-8,49,77,-1,3,521,0,7,395,0,2,640,2,4,262,1,6,626,0,2,666,1,1,696,1,1,0
-8,49,74,-1,3,515,0,7,394,0,2,638,2,4,259,1,6,624,0,2,665,1,1,695,1,1,2
-8,49,71,-1,3,509,0,7,393,0,2,635,2,4,257,1,6,622,0,2,664,1,1,695,1,1,2
-8,49,69,-1,3,503,0,7,392,0,2,632,2,4,254,1,6,620,0,2,664,1,1,694,1,1,2
-8,49,66,-1,3,497,0,7,391,0,2,629,2,4,251,1,6,618,0,2,663,1,1,694,1,1,5
-8,49,64,-1,3,491,0,7,391,0,2,627,2,4,249,1,6,616,0,2,662,1,1,693,1,1,2
-8,49,61,-1,3,485,0,7,390,0,2,624,2,4,246,1,6,615,0,2,661,1,1,693,1,1,5
-8,49,59,-1,3,480,0,7,389,0,2,621,2,4,244,1,6,613,0,2,660,1,1,692,1,1,2
-8,49,56,-1,3,474,0,7,388,0,2,619,2,4,242,1,6,611,0,2,660,1,1,692,1,1,5
-8,49,54,-1,3,468,0,7,388,0,2,616,2,4,240,1,6,609,0,2,659,1,1,691,1,1,4
-8,49,52,-1,3,462,0,7,387,0,2,613,2,4,238,1,6,607,0,2,658,1,1,691,1,1,2
-8,49,50,-1,3,456,0,7,386,0,2,611,2,4,237,1,6,605,0,2,657,1,1,690,1,1,4
8,57,40,-1,3,446,0,7,378,0,2,604,2,4,228,1,6,601,0,2,655,1,1,686,1,1,1
8,57,39,-1,3,440,0,7,377,0,2,602,2,4,226,1,6,599,0,2,654,1,1,686,1,1,4
8,65,29,-1,3,430,0,7,369,0,2,595,2,4,218,1,6,595,0,2,652,1,1,682,1,1,1
8,65,27,-1,3,424,0,7,369,0,2,593,2,4,216,1,6,593,0,2,651,1,1,682,1,1,4
-8,57,34,-1,3,423,0,7,375,0,2,594,2,4,223,1,6,593,0,2,652,1,1,684,1,1,0
-8,57,33,-1,3,418,0,7,375,0,2,591,2,4,222,1,6,591,0,2,651,1,1,684,1,1,4
-8,57,32,-1,3,412,0,7,374,0,2,589,2,4,221,1,6,589,0,2,650,1,1,684,1,1,2
-8,57,32,-1,3,407,0,7,373,0,2,586,2,4,221,1,6,587,0,2,649,1,1,683,1,1,5
-8,57,32,-1,3,401,0,7,373,0,2,584,2,4,221,1,6,585,0,2,649,1,1,683,1,1,5
-8,57,32,-1,3,396,0,7,372,0,2,582,2,4,220,1,6,583,0,2,648,1,1,682,1,1,5
8,65,26,-1,3,386,0,7,364,0,2,575,2,4,213,1,6,579,0,2,645,1,1,678,1,1,1
8,65,27,-1,3,380,0,7,363,0,2,573,2,4,213,1,6,577,0,2,645,1,1,678,1,1,5
8,65,671,-1,1,375,0,7,363,0,2,570,2,4,213,1,6,575,0,2,644,1,1,677,1,1,2
8,65,670,-1,1,370,0,7,362,0,2,568,2,4,214,1,6,573,0,2,643,1,1,677,1,1,5
-8,57,669,-1,1,370,0,7,369,0,2,570,2,4,222,1,6,574,0,2,644,1,1,680,1,1,0
-8,57,668,-1,1,365,0,7,369,0,2,568,2,4,223,1,6,572,0,2,643,1,1,679,1,1,5
-8,49,666,-1,1,366,0,7,376,0,2,570,2,4,232,1,6,573,0,2,644,1,1,682,1,1,0
8,57,666,-1,1,355,0,7,368,0,2,563,2,4,225,1,6,568,0,2,642,1,1,678,1,1,1
8,57,665,-1,1,350,0,7,367,0,2,561,2,4,226,1,6,566,0,2,641,1,1,678,1,1,4
8,65,664,-1,1,340,0,7,359,0,2,554,2,4,723,1,5,562,0,2,638,1,1,674,1,1,1
8,65,663,-1,1,335,0,7,358,0,2,552,2,4,718,1,5,560,0,2,638,1,1,674,1,1,5
8,73,663,-1,1,324,0,7,350,0,2,545,2,4,711,1,5,556,0,2,635,1,1,670,1,1,1
-8,65,661,-1,1,326,0,7,357,0,2,548,2,4,710,1,5,556,0,2,636,1,1,673,1,1,0
8,73,661,-1,1,315,0,7,349,0,2,541,2,4,702,1,5,552,0,2,634,1,1,669,1,1,1
8,73,660,-1,1,310,0,7,349,0,2,539,2,4,698,1,5,550,0,2,633,1,1,668,1,1,4
8,81,660,-1,1,300,0,7,340,0,2,532,2,4,691,1,5,546,0,2,631,1,1,664,1,1,1
8,81,659,-1,1,295,0,7,340,0,2,530,2,4,687,1,5,544,0,2,630,1,1,664,1,1,2
-8,73,657,-1,1,297,0,7,347,0,2,533,2,4,686,1,5,544,0,2,631,1,1,667,1,1,0
-8,73,657,-1,1,293,0,7,347,0,2,531,2,4,681,1,5,542,0,2,630,1,1,666,1,1,2
-8,65,655,-1,1,296,0,7,354,0,2,534,2,4,680,1,5,543,0,2,631,1,1,670,1,1,0
-8,65,654,-1,1,292,0,7,354,0,2,532,2,4,676,1,5,541,0,2,630,1,1,669,1,1,4
-8,57,653,-1,1,295,0,7,361,0,2,535,2,4,675,1,5,542,0,2,631,1,1,672,1,1,0
-8,57,292,0,7,361,0,2,533,2,4,671,1,5,540,0,2,631,1,1,672,1,1,688,-3,5,4
-8,49,296,0,7,368,0,2,536,2,4,671,1,5,541,0,2,632,1,1,675,1,1,685,-3,5,0
-8,49,292,0,7,368,0,2,535,2,4,667,1,5,539,0,2,631,1,1,675,1,1,679,-3,5,2
-8,41,297,0,7,375,0,2,539,2,4,666,1,5,540,0,2,633,1,1,679,1,1,676,-3,5,0
-8,41,294,0,7,375,0,2,537,2,4,662,1,5,538,0,2,632,1,1,678,1,1,670,-3,5,4
8,49,284,0,7,367,0,2,530,2,4,655,1,5,533,0,2,629,1,1,674,1,1,662,-3,5,1
8,49,281,0,7,366,0,2,528,2,4,651,1,5,531,0,2,628,1,1,674,1,1,657,-3,5,4
8,57,271,0,7,358,0,2,521,2,4,643,1,5,527,0,2,626,1,1,669,1,1,649,-3,5,1
-8,49,277,0,7,366,0,2,525,2,4,643,1,5,528,0,2,627,1,1,673,1,1,645,-3,5,0
8,57,267,0,7,358,0,2,518,2,4,635,1,5,523,0,2,624,1,1,668,1,1,638,-3,5,1
8,57,265,0,7,357,0,2,517,2,4,631,1,5,521,0,2,624,1,1,668,1,1,632,-3,5,2
8,65,255,0,7,349,0,2,510,2,4,624,1,5,516,0,2,621,1,1,664,1,1,625,-3,5,1
8,65,254,0,7,349,0,2,508,2,4,620,1,5,515,0,2,620,1,1,663,1,1,619,-3,5,5
8,73,244,0,7,341,0,2,501,2,4,612,1,5,510,0,2,617,1,1,659,1,1,612,-3,5,1
8,73,243,0,7,340,0,2,500,2,4,608,1,5,508,0,2,617,1,1,659,1,1,607,-3,5,2
8,73,242,0,7,340,0,2,499,2,4,604,1,5,506,0,2,616,1,1,658,1,1,601,-3,5,2
8,81,233,0,7,332,0,2,491,2,4,596,1,5,502,0,2,613,1,1,654,1,1,594,-3,5,1
8,81,232,0,7,332,0,2,490,2,4,592,1,5,500,0,2,612,1,1,654,1,1,589,-3,5,2
8,81,232,0,7,332,0,2,489,2,4,589,1,5,498,0,2,612,1,1,653,1,1,583,-3,5,4
8,81,231,0,7,331,0,2,488,2,4,585,1,5,496,0,2,611,1,1,653,1,1,578,-3,5,2
-8,73,239,0,7,339,0,2,492,2,4,585,1,5,497,0,2,612,1,1,656,1,1,574,-3,5,0
-8,73,239,0,7,339,0,2,491,2,4,581,1,5,495,0,2,612,1,1,656,1,1,568,-3,5,2
-8,73,239,0,7,339,0,2,490,2,4,577,1,5,493,0,2,611,1,1,656,1,1,563,-3,5,5
-8,73,240,0,7,339,0,2,489,2,4,573,1,5,491,0,2,610,1,1,655,1,1,557,-3,5,2
-8,73,748,0,1,339,0,2,488,2,4,570,1,5,489,0,2,609,1,1,655,1,1,552,-3,5,2
8,81,744,0,1,331,0,2,481,2,4,562,1,5,485,0,2,607,1,1,651,1,1,545,-3,5,1
8,81,743,0,1,330,0,2,480,2,4,558,1,5,483,0,2,606,1,1,650,1,1,540,-3,5,5
8,89,738,0,1,322,0,2,472,2,4,550,1,5,478,0,2,603,1,1,646,1,1,533,-3,5,1
8,89,737,0,1,322,0,2,471,2,4,546,1,5,477,0,2,602,1,1,646,1,1,528,-3,5,5
8,97,733,0,1,314,0,2,538,1,5,472,0,2,600,1,1,641,1,1,522,-3,5,666,-3,1,1
8,97,732,0,1,314,0,2,535,1,5,470,0,2,599,1,1,641,1,1,517,-3,5,665,-3,1,2
8,105,728,0,1,306,0,2,527,1,5,466,0,2,596,1,1,637,1,1,511,-3,5,666,-3,1,1
0,105,727,0,1,306,0,2,523,1,5,464,0,2,596,1,1,636,1,1,505,-3,5,665,-3,1,3
8,113,723,0,1,298,0,2,515,1,5,460,0,2,593,1,1,632,1,1,500,-3,5,666,-3,1,1
8,113,722,0,1,298,0,2,511,1,5,458,0,2,592,1,1,632,1,1,495,-3,5,665,-3,1,4
8,113,721,0,1,298,0,2,508,1,5,456,0,2,592,1,1,631,1,1,489,-3,5,665,-3,1,5
8,113,720,0,1,298,0,2,504,1,5,454,0,2,591,1,1,631,1,1,484,-3,5,664,-3,1,5
8,113,719,0,1,298,0,2,500,1,5,452,0,2,590,1,1,630,1,1,479,-3,5,664,-3,1,5
8,113,718,0,1,298,0,2,496,1,5,451,0,2,589,1,1,630,1,1,474,-3,5,663,-3,1,2
8,113,717,0,1,298,0,2,493,1,5,449,0,2,589,1,1,630,1,1,469,-3,5,663,-3,1,5
8,113,716,0,1,298,0,2,489,1,5,447,0,2,588,1,1,629,1,1,464,-3,5,662,-3,1,2
8,113,715,0,1,298,0,2,486,1,5,445,0,2,587,1,1,629,1,1,459,-3,5,662,-3,1,5
8,113,714,0,1,298,0,2,482,1,5,443,0,2,586,1,1,628,1,1,454,-3,5,662,-3,1,2
8,113,713,0,1,298,0,2,479,1,5,441,0,2,586,1,1,628,1,1,449,-3,5,661,-3,1,5
0,113,713,0,1,299,0,2,475,1,5,439,0,2,585,1,1,628,1,1,444,-3,5,739,-3,3,3
0,113,712,0,1,682,0,5,472,1,5,437,0,2,584,1,1,627,1,1,439,-3,5,735,-3,3,2
0,113,711,0,1,678,0,5,468,1,5,435,0,2,584,1,1,627,1,1,434,-3,5,731,-3,3,2
0,113,710,0,1,673,0,5,465,1,5,433,0,2,583,1,1,627,1,1,429,-3,5,727,-3,3,2
8,121,706,0,1,666,0,5,457,1,5,429,0,2,580,1,1,622,1,1,425,-3,5,720,-3,3,1
8,121,705,0,1,661,0,5,453,1,5,427,0,2,579,1,1,622,1,1,420,-3,5,716,-3,3,2
8,121,704,0,1,656,0,5,450,1,5,425,0,2,579,1,1,621,1,1,415,-3,5,712,-3,3,5
8,121,703,0,1,651,0,5,447,1,5,423,0,2,578,1,1,621,1,1,708,-3,3,708,0,6,2
8,121,702,0,1,647,0,5,443,1,5,421,0,2,577,1,1,621,1,1,704,-3,3,702,0,6,4
8,121,701,0,1,642,0,5,440,1,5,420,0,2,577,1,1,620,1,1,700,-3,3,697,0,6,2
8,121,700,0,1,637,0,5,437,1,5,418,0,2,576,1,1,620,1,1,696,-3,3,691,0,6,5
-8,113,703,0,1,635,0,5,439,1,5,418,0,2,577,1,1,624,1,1,696,-3,3,687,0,6,0
-8,113,702,0,1,630,0,5,436,1,5,416,0,2,577,1,1,623,1,1,692,-3,3,681,0,6,2
-8,105,704,0,1,628,0,5,438,1,5,416,0,2,578,1,1,627,1,1,691,-3,3,678,0,6,0
8,113,700,0,1,620,0,5,430,1,5,412,0,2,575,1,1,623,1,1,684,-3,3,670,0,6,1
-8,105,703,0,1,618,0,5,432,1,5,413,0,2,577,1,1,626,1,1,683,-3,3,666,0,6,0
-8,105,702,0,1,614,0,5,429,1,5,411,0,2,576,1,1,626,1,1,679,-3,3,661,0,6,2
-8,97,704,0,1,612,0,5,432,1,5,411,0,2,578,1,1,630,1,1,678,-3,3,657,0,6,0
-8,97,704,0,1,607,0,5,429,1,5,410,0,2,577,1,1,630,1,1,674,-3,3,652,0,6,5
-8,89,706,0,1,605,0,5,433,1,5,410,0,2,579,1,1,634,1,1,674,-3,3,649,0,6,0
8,97,702,0,1,597,0,5,424,1,5,406,0,2,576,1,1,629,1,1,666,-3,3,640,0,6,1
8,105,697,0,1,590,0,5,415,1,5,401,0,2,573,1,1,624,1,1,659,-3,3,632,0,6,1
8,105,696,0,1,585,0,5,413,1,5,399,0,2,572,1,1,624,1,1,655,-3,3,626,0,6,2
8,113,692,0,1,578,0,5,404,1,5,395,0,2,569,1,1,620,1,1,648,-3,3,618,0,6,1
-8,105,695,0,1,576,0,5,408,1,5,396,0,2,571,1,1,624,1,1,647,-3,3,615,0,6,0
8,113,690,0,1,568,0,5,399,1,5,391,0,2,568,1,1,619,1,1,640,-3,3,607,0,6,1
0,113,689,0,1,564,0,5,397,1,5,389,0,2,567,1,1,619,1,1,637,-3,3,601,0,6,3
8,121,685,0,1,556,0,5,388,1,5,385,0,2,564,1,1,614,1,1,630,-3,3,593,0,6,1
-8,113,687,0,1,554,0,5,392,1,5,385,0,2,566,1,1,618,1,1,629,-3,3,590,0,6,0
8,121,683,0,1,547,0,5,383,1,5,381,0,2,563,1,1,613,1,1,622,-3,3,582,0,6,1
-8,113,686,0,1,545,0,5,387,1,5,382,0,2,564,1,1,617,1,1,621,-3,3,578,0,6,0
8,121,681,0,1,538,0,5,379,1,5,377,0,2,561,1,1,613,1,1,614,-3,3,570,0,6,1
-8,113,684,0,1,536,0,5,383,1,5,378,0,2,563,1,1,617,1,1,613,-3,3,567,0,6,0
8,121,679,0,1,528,0,5,374,1,5,374,0,2,560,1,1,612,1,1,607,-3,3,559,0,6,1
0,121,678,0,1,524,0,5,372,1,5,372,0,2,559,1,1,612,1,1,603,-3,3,553,0,6,3
8,129,674,0,1,516,0,5,364,1,5,367,0,2,556,1,1,607,1,1,596,-3,3,545,0,6,1
0,129,673,0,1,511,0,5,361,1,5,365,0,2,556,1,1,607,1,1,592,-3,3,539,0,6,3
8,137,669,0,1,504,0,5,353,1,5,361,0,2,553,1,1,602,1,1,586,-3,3,531,0,6,1
8,137,668,0,1,499,0,5,351,1,5,359,0,2,552,1,1,602,1,1,582,-3,3,525,0,6,2
8,145,664,0,1,492,0,5,342,1,5,355,0,2,549,1,1,724,1,4,576,-3,3,517,0,6,1
0,145,663,0,1,487,0,5,340,1,5,353,0,2,548,1,1,721,1,4,572,-3,3,511,0,6,3
8,153,659,0,1,480,0,5,332,1,5,350,0,2,546,1,1,715,1,4,566,-3,3,503,0,6,1
8,161,655,0,1,472,0,5,323,1,5,346,0,2,543,1,1,709,1,4,561,-3,3,495,0,6,1
8,169,651,0,1,465,0,5,315,1,5,342,0,2,540,1,1,702,1,4,555,-3,3,487,0,6,1
8,169,650,0,1,460,0,5,313,1,5,340,0,2,539,1,1,699,1,4,551,-3,3,481,0,6,5
8,177,646,0,1,453,0,5,304,1,5,337,0,2,537,1,1,693,1,4,546,-3,3,474,0,6,1
8,185,642,0,1,446,0,5,296,1,5,334,0,2,534,1,1,687,1,4,541,-3,3,466,0,6,1
8,193,638,0,1,439,0,5,287,1,5,331,0,2,532,1,1,681,1,4,536,-3,3,458,0,6,1
0,193,637,0,1,434,0,5,285,1,5,329,0,2,531,1,1,677,1,4,532,-3,3,452,0,6,3
0,193,636,0,1,430,0,5,284,1,5,327,0,2,530,1,1,674,1,4,529,-3,3,446,0,6,3
0,193,635,0,1,425,0,5,282,1,5,325,0,2,529,1,1,670,1,4,525,-3,3,440,0,6,3
0,193,634,0,1,420,0,5,280,1,5,323,0,2,529,1,1,667,1,4,522,-3,3,435,0,6,3
0,193,633,0,1,415,0,5,279,1,5,321,0,2,528,1,1,663,1,4,518,-3,3,429,0,6,3
0,193,632,0,1,410,0,5,278,1,5,319,0,2,527,1,1,660,1,4,515,-3,3,423,0,6,3
0,193,631,0,1,406,0,5,277,1,5,317,0,2,526,1,1,657,1,4,512,-3,3,417,0,6,3
0,193,631,0,1,401,0,5,275,1,5,315,0,2,526,1,1,653,1,4,508,-3,3,411,0,6,3
0,193,630,0,1,396,0,5,274,1,5,313,0,2,525,1,1,650,1,4,505,-3,3,406,0,6,3
0,193,629,0,1,391,0,5,273,1,5,311,0,2,524,1,1,646,1,4,501,-3,3,400,0,6,3
0,193,628,0,1,387,0,5,272,1,5,309,0,2,523,1,1,643,1,4,498,-3,3,394,0,6,3
0,193,627,0,1,382,0,5,272,1,5,307,0,2,523,1,1,640,1,4,495,-3,3,388,0,6,3
0,193,626,0,1,377,0,5,271,1,5,305,0,2,522,1,1,636,1,4,491,-3,3,383,0,6,3
0,193,625,0,1,372,0,5,270,1,5,303,0,2,521,1,1,633,1,4,488,-3,3,377,0,6,3
0,193,624,0,1,367,0,5,270,1,5,301,0,2,520,1,1,630,1,4,485,-3,3,371,0,6,3
0,193,623,0,1,363,0,5,270,1,5,299,0,2,520,1,1,626,1,4,481,-3,3,365,0,6,3
0,193,622,0,1,358,0,5,269,1,5,297,0,2,519,1,1,623,1,4,478,-3,3,360,0,6,3
0,193,621,0,1,353,0,5,269,1,5,295,0,2,518,1,1,620,1,4,475,-3,3,354,0,6,3
0,193,620,0,1,349,0,5,269,1,5,293,0,2,518,1,1,616,1,4,472,-3,3,348,0,6,3
0,193,619,0,1,344,0,5,269,1,5,291,0,2,517,1,1,613,1,4,468,-3,3,342,0,6,3
0,193,618,0,1,339,0,5,655,1,6,289,0,2,516,1,1,610,1,4,465,-3,3,337,0,6,3
0,193,617,0,1,334,0,5,649,1,6,287,0,2,515,1,1,607,1,4,462,-3,3,331,0,6,3
0,193,617,0,1,330,0,5,643,1,6,285,0,2,515,1,1,603,1,4,459,-3,3,325,0,6,3
0,193,616,0,1,325,0,5,638,1,6,283,0,2,514,1,1,600,1,4,456,-3,3,320,0,6,3
0,193,615,0,1,320,0,5,632,1,6,281,0,2,513,1,1,597,1,4,452,-3,3,314,0,6,3
0,193,614,0,1,316,0,5,626,1,6,279,0,2,513,1,1,594,1,4,449,-3,3,309,0,6,3
0,193,613,0,1,311,0,5,620,1,6,277,0,2,512,1,1,591,1,4,446,-3,3,303,0,6,3
0,193,612,0,1,306,0,5,615,1,6,275,0,2,511,1,1,587,1,4,443,-3,3,297,0,6,3
0,193,611,0,1,302,0,5,609,1,6,273,0,2,511,1,1,584,1,4,440,-3,3,292,0,6,3
0,193,610,0,1,297,0,5,603,1,6,271,0,2,510,1,1,581,1,4,437,-3,3,286,0,6,3
0,193,609,0,1,293,0,5,598,1,6,269,0,2,509,1,1,578,1,4,434,-3,3,281,0,6,3
0,193,608,0,1,288,0,5,592,1,6,267,0,2,509,1,1,575,1,4,431,-3,3,275,0,6,3
0,193,607,0,1,283,0,5,586,1,6,265,0,2,508,1,1,572,1,4,428,-3,3,270,0,6,3
0,193,606,0,1,279,0,5,581,1,6,263,0,2,507,1,1,568,1,4,425,-3,3,264,0,6,3
0,193,605,0,1,274,0,5,575,1,6,261,0,2,506,1,1,565,1,4,422,-3,3,259,0,6,3
0,193,604,0,1,270,0,5,569,1,6,259,0,2,506,1,1,562,1,4,419,-3,3,253,0,6,3
0,193,604,0,1,265,0,5,563,1,6,257,0,2,505,1,1,559,1,4,416,-3,3,248,0,6,3
0,193,603,0,1,261,0,5,558,1,6,255,0,2,505,1,1,556,1,4,413,-3,3,242,0,6,3
0,193,602,0,1,256,0,5,552,1,6,253,0,2,504,1,1,553,1,4,411,-3,3,237,0,6,3
0,193,601,0,1,252,0,5,547,1,6,251,0,2,503,1,1,550,1,4,408,-3,3,232,0,6,3
0,193,600,0,1,247,0,5,541,1,6,249,0,2,503,1,1,547,1,4,405,-3,3,226,0,6,3
0,193,599,0,1,243,0,5,535,1,6,247,0,2,502,1,1,710,1,4,402,-3,3,221,0,6,3
0,193,598,0,1,239,0,5,530,1,6,245,0,2,501,1,1,706,1,4,399,-3,3,216,0,6,3
0,193,597,0,1,234,0,5,524,1,6,243,0,2,501,1,1,703,1,4,397,-3,3,211,0,6,3
0,193,596,0,1,230,0,5,519,1,6,242,0,2,500,1,1,699,1,4,394,-3,3,206,0,6,3
0,193,595,0,1,226,0,5,513,1,6,240,0,2,499,1,1,695,1,4,391,-3,3,201,0,6,3
0,193,594,0,1,221,0,5,507,1,6,238,0,2,499,1,1,692,1,4,389,-3,3,196,0,6,3
0,193,593,0,1,217,0,5,502,1,6,236,0,2,498,1,1,688,1,4,386,-3,3,191,0,6,3
0,193,592,0,1,213,0,5,496,1,6,234,0,2,497,1,1,685,1,4,383,-3,3,186,0,6,3
0,193,591,0,1,209,0,5,491,1,6,232,0,2,497,1,1,681,1,4,381,-3,3,181,0,6,3
0,193,591,0,1,204,0,5,485,1,6,230,0,2,496,1,1,678,1,4,378,-3,3,176,0,6,3
0,193,590,0,1,200,0,5,480,1,6,228,0,2,496,1,1,674,1,4,376,-3,3,171,0,6,3
0,193,589,0,1,196,0,5,474,1,6,226,0,2,495,1,1,671,1,4,373,-3,3,167,0,6,3
0,193,588,0,1,192,0,5,469,1,6,224,0,2,494,1,1,667,1,4,371,-3,3,162,0,6,3
0,193,587,0,1,188,0,5,463,1,6,222,0,2,494,1,1,664,1,4,369,-3,3,158,0,6,3
0,193,586,0,1,184,0,5,458,1,6,220,0,2,493,1,1,660,1,4,366,-3,3,153,0,6,3
0,193,585,0,1,180,0,5,453,1,6,218,0,2,493,1,1,657,1,4,364,-3,3,149,0,6,3
0,193,584,0,1,177,0,5,447,1,6,216,0,2,492,1,1,653,1,4,362,-3,3,145,0,6,3
0,193,583,0,1,173,0,5,442,1,6,214,0,2,491,1,1,650,1,4,359,-3,3,141,0,6,3
0,193,582,0,1,169,0,5,436,1,6,212,0,2,491,1,1,646,1,4,357,-3,3,137,0,6,3
0,193,581,0,1,165,0,5,431,1,6,210,0,2,490,1,1,643,1,4,355,-3,3,134,0,6,3
0,193,580,0,1,162,0,5,426,1,6,208,0,2,490,1,1,639,1,4,353,-3,3,130,0,6,3
0,193,579,0,1,158,0,5,420,1,6,206,0,2,489,1,1,636,1,4,351,-3,3,127,0,6,3
0,193,579,0,1,155,0,5,415,1,6,204,0,2,488,1,1,632,1,4,348,-3,3,124,0,6,3
0,193,578,0,1,152,0,5,410,1,6,202,0,2,488,1,1,629,1,4,346,-3,3,121,0,6,3
0,193,577,0,1,149,0,5,405,1,6,200,0,2,487,1,1,625,1,4,344,-3,3,119,0,6,3
0,193,576,0,1,145,0,5,399,1,6,198,0,2,487,1,1,622,1,4,342,-3,3,116,0,6,3
0,193,575,0,1,142,0,5,394,1,6,196,0,2,486,1,1,618,1,4,341,-3,3,114,0,6,3
0,193,574,0,1,140,0,5,389,1,6,194,0,2,486,1,1,615,1,4,339,-3,3,112,0,6,3
-8,232,648,-2,3,655,1,1,680,-1,1,679,2,3,672,-1,6,671,-1,6,650,1,1,665,-3,7,0
-8,224,645,-2,3,653,1,1,677,-1,1,676,2,3,668,-1,6,664,-1,6,648,1,1,659,-3,7,0
8,232,641,-2,3,653,1,1,678,-1,1,673,2,3,660,-1,6,660,-1,6,648,1,1,650,-3,7,1
8,232,638,-2,3,652,1,1,678,-1,1,670,2,3,654,-1,6,655,-1,6,647,1,1,642,-3,7,4
8,232,635,-2,3,651,1,1,677,-1,1,667,2,3,648,-1,6,649,-1,6,646,1,1,634,-3,7,5
8,232,632,-2,3,649,1,1,676,-1,1,664,2,3,642,-1,6,643,-1,6,645,1,1,627,-3,7,5
8,232,628,-2,3,648,1,1,675,-1,1,661,2,3,636,-1,6,638,-1,6,643,1,1,619,-3,7,5
8,232,625,-2,3,647,1,1,675,-1,1,658,2,3,630,-1,6,632,-1,6,642,1,1,612,-3,7,4
8,232,622,-2,3,646,1,1,674,-1,1,655,2,3,624,-1,6,627,-1,6,641,1,1,604,-3,7,5
8,240,618,-2,3,646,1,1,675,-1,1,652,2,3,616,-1,6,623,-1,6,641,1,1,595,-3,7,1
-8,232,616,-2,3,644,1,1,673,-1,1,649,2,3,612,-1,6,616,-1,6,639,1,1,589,-3,7,0
0,232,613,-2,3,643,1,1,672,-1,1,646,2,3,606,-1,6,610,-1,6,637,1,1,582,-3,7,3
0,232,610,-2,3,641,1,1,671,-1,1,643,2,3,600,-1,6,605,-1,6,636,1,1,574,-3,7,5
0,232,606,-2,3,640,1,1,670,-1,1,640,2,3,594,-1,6,599,-1,6,635,1,1,567,-3,7,5
0,232,603,-2,3,639,1,1,670,-1,1,637,2,3,588,-1,6,594,-1,6,634,1,1,559,-3,7,4
0,232,600,-2,3,638,1,1,669,-1,1,634,2,3,581,-1,6,588,-1,6,633,1,1,552,-3,7,5
8,240,597,-2,3,638,1,1,670,-1,1,631,2,3,573,-1,6,585,-1,6,633,1,1,542,-3,7,1
8,240,594,-2,3,637,1,1,670,-1,1,628,2,3,567,-1,6,580,-1,6,632,1,1,535,-3,7,4
-8,232,591,-2,3,635,1,1,667,-1,1,626,2,3,563,-1,6,572,-1,6,629,1,1,529,-3,7,0
-8,232,588,-2,3,633,1,1,666,-1,1,623,2,3,557,-1,6,566,-1,6,628,1,1,521,-3,7,5
-8,232,585,-2,3,632,1,1,665,-1,1,620,2,3,551,-1,6,561,-1,6,627,1,1,514,-3,7,4
0,232,582,-2,3,631,1,1,665,-1,1,617,2,3,545,-1,6,556,-1,6,626,1,1,506,-3,7,3
0,232,578,-2,3,630,1,1,664,-1,1,614,2,3,539,-1,6,550,-1,6,624,1,1,499,-3,7,5
0,232,575,-2,3,629,1,1,663,-1,1,611,2,3,533,-1,6,545,-1,6,623,1,1,491,-3,7,3
0,232,572,-2,3,628,1,1,663,-1,1,608,2,3,527,-1,6,540,-1,6,622,1,1,484,-3,7,4
0,232,569,-2,3,627,1,1,662,-1,1,605,2,3,521,-1,6,534,-1,6,621,1,1,476,-3,7,2
0,232,566,-2,3,626,1,1,661,-1,1,602,2,3,515,-1,6,529,-1,6,620,1,1,469,-3,7,4
8,240,563,-2,3,626,1,1,663,-1,1,599,2,3,507,-1,6,526,-1,6,620,1,1,460,-3,7,1
-8,232,560,-2,3,623,1,1,660,-1,1,597,2,3,503,-1,6,518,-1,6,617,1,1,454,-3,7,0
-8,232,557,-2,3,622,1,1,659,-1,1,594,2,3,497,-1,6,513,-1,6,616,1,1,446,-3,7,2
-8,224,554,-2,3,620,1,1,656,-1,1,592,2,3,494,-1,6,505,-1,6,614,1,1,441,-3,7,0
0,224,551,-2,3,619,1,1,656,-1,1,589,2,3,488,-1,6,500,-1,6,613,1,1,433,-3,7,3
0,224,548,-2,3,618,1,1,655,-1,1,586,2,3,482,-1,6,494,-1,6,611,1,1,426,-3,7,3
0,224,545,-2,3,617,1,1,654,-1,1,584,2,3,476,-1,6,489,-1,6,610,1,1,418,-3,7,4
0,224,542,-2,3,616,1,1,653,-1,1,581,2,3,470,-1,6,484,-1,6,609,1,1,411,-3,7,4
0,224,539,-2,3,615,1,1,653,-1,1,578,2,3,464,-1,6,479,-1,6,608,1,1,403,-3,7,4
8,232,536,-2,3,614,1,1,654,-1,1,574,2,3,455,-1,6,477,-1,6,608,1,1,394,-3,7,1
-8,224,533,-2,3,612,1,1,651,-1,1,573,2,3,452,-1,6,468,-1,6,606,1,1,388,-3,7,0
-8,216,530,-2,3,610,1,1,649,-1,1,571,2,3,449,-1,6,460,-1,6,603,1,1,383,-3,7,0
-8,216,527,-2,3,609,1,1,648,-1,1,568,2,3,443,-1,6,455,-1,6,602,1,1,375,-3,7,2
-8,216,524,-2,3,608,1,1,647,-1,1,566,2,3,437,-1,6,450,-1,6,601,1,1,368,-3,7,4
-8,216,607,1,1,646,-1,1,563,2,3,431,-1,6,445,-1,6,600,1,1,360,-3,7,710,-2,4,4
-8,216,606,1,1,646,-1,1,560,2,3,425,-1,6,440,-1,6,599,1,1,353,-3,7,705,-2,4,5
-8,216,605,1,1,645,-1,1,558,2,3,419,-1,6,435,-1,6,598,1,1,345,-3,7,701,-2,4,2
8,224,605,1,1,647,-1,1,554,2,3,410,-1,6,433,-1,6,598,1,1,336,-3,7,695,-2,4,1
8,224,604,1,1,646,-1,1,551,2,3,404,-1,6,428,-1,6,597,1,1,329,-3,7,690,-2,4,4
8,224,603,1,1,645,-1,1,548,2,3,398,-1,6,423,-1,6,595,1,1,321,-3,7,686,-2,4,2
8,224,601,1,1,645,-1,1,546,2,3,392,-1,6,418,-1,6,594,1,1,314,-3,7,682,-2,4,5
8,224,600,1,1,644,-1,1,543,2,3,386,-1,6,413,-1,6,593,1,1,307,-3,7,677,-2,4,2
8,224,599,1,1,643,-1,1,541,2,3,380,-1,6,408,-1,6,592,1,1,299,-3,7,673,-2,4,5
0,224,598,1,1,643,-1,1,538,2,3,374,-1,6,404,-1,6,591,1,1,292,-3,7,669,-2,4,3
0,224,597,1,1,642,-1,1,535,2,3,368,-1,6,399,-1,6,590,1,1,285,-3,7,664,-2,4,3
8,232,597,1,1,644,-1,1,531,2,3,359,-1,6,398,-1,6,590,1,1,276,-3,7,658,-2,4,1
8,240,596,1,1,646,-1,1,527,2,3,351,-1,6,398,-1,6,590,1,1,268,-3,7,652,-2,4,1
8,240,595,1,1,645,-1,1,525,2,3,345,-1,6,393,-1,6,589,1,1,261,-3,7,648,-2,4,5
8,248,595,1,1,647,-1,1,521,2,3,336,-1,6,393,-1,6,589,1,1,254,-3,7,642,-2,4,1
8,248,594,1,1,647,-1,1,518,2,3,330,-1,6,389,-1,6,588,1,1,247,-3,7,638,-2,4,4
8,248,593,1,1,646,-1,1,516,2,3,324,-1,6,385,-1,6,587,1,1,240,-3,7,633,-2,4,5
0,248,592,1,1,645,-1,1,513,2,3,318,-1,6,380,-1,6,585,1,1,233,-3,7,629,-2,4,3
0,248,591,1,1,645,-1,1,510,2,3,312,-1,6,376,-1,6,584,1,1,226,-3,7,625,-2,4,4
0,248,590,1,1,644,-1,1,508,2,3,306,-1,6,372,-1,6,583,1,1,219,-3,7,620,-2,4,3
8,256,647,-1,1,504,2,3,297,-1,6,373,-1,6,583,1,1,615,-2,4,659,2,1,679,-3,4,1
-8,248,643,-1,1,503,2,3,294,-1,6,364,-1,6,581,1,1,612,-2,4,659,2,1,676,-3,4,0
0,248,643,-1,1,500,2,3,288,-1,6,360,-1,6,580,1,1,608,-2,4,658,2,1,672,-3,4,3
0,248,642,-1,1,498,2,3,282,-1,6,356,-1,6,579,1,1,603,-2,4,657,2,1,667,-3,4,3
0,248,641,-1,1,495,2,3,276,-1,6,352,-1,6,577,1,1,599,-2,4,656,2,1,663,-3,4,5
8,256,644,-1,1,491,2,3,267,-1,6,354,-1,6,578,1,1,594,-2,4,655,2,1,657,-3,4,1
-8,248,640,-1,1,490,2,3,264,-1,6,345,-1,6,575,1,1,591,-2,4,654,2,1,654,-3,4,0
8,256,643,-1,1,486,2,3,255,-1,6,346,-1,6,575,1,1,585,-2,4,653,2,1,649,-3,4,1
8,264,645,-1,1,482,2,3,247,-1,6,349,-1,6,575,1,1,580,-2,4,651,2,1,643,-3,4,1
8,264,645,-1,1,479,2,3,241,-1,6,345,-1,6,574,1,1,576,-2,4,651,2,1,639,-3,4,2
8,264,644,-1,1,477,2,3,235,-1,6,342,-1,6,573,1,1,571,-2,4,650,2,1,635,-3,4,4
8,264,644,-1,1,474,2,3,229,-1,6,339,-1,6,572,1,1,567,-2,4,649,2,1,630,-3,4,2
0,264,643,-1,1,472,2,3,223,-1,6,336,-1,6,571,1,1,563,-2,4,648,2,1,626,-3,4,3
8,272,646,-1,1,467,2,3,214,-1,6,339,-1,6,571,1,1,558,-2,4,647,2,1,621,-3,4,1
-8,264,642,-1,1,467,2,3,211,-1,6,330,-1,6,569,1,1,554,-2,4,646,2,1,618,-3,4,0
-8,264,642,-1,1,464,2,3,205,-1,6,327,-1,6,567,1,1,550,-2,4,645,2,1,613,-3,4,4
8,272,644,-1,1,460,2,3,196,-1,6,330,-1,6,568,1,1,545,-2,4,644,2,1,609,-3,4,1
-8,264,641,-1,1,459,2,3,193,-1,6,321,-1,6,565,1,1,542,-2,4,643,2,1,605,-3,4,0
0,264,640,-1,1,457,2,3,187,-1,6,319,-1,6,564,1,1,538,-2,4,643,2,1,601,-3,4,3
0,264,640,-1,1,455,2,3,181,-1,6,316,-1,6,563,1,1,534,-2,4,642,2,1,596,-3,4,3
0,264,639,-1,1,452,2,3,175,-1,6,314,-1,6,529,-2,4,641,2,1,592,-3,4,686,-3,5,5
0,264,639,-1,1,450,2,3,169,-1,6,311,-1,6,525,-2,4,640,2,1,588,-3,4,681,-3,5,2
8,272,641,-1,1,445,2,3,160,-1,6,316,-1,6,520,-2,4,639,2,1,584,-3,4,673,-3,5,1
8,272,641,-1,1,443,2,3,154,-1,6,314,-1,6,516,-2,4,638,2,1,579,-3,4,668,-3,5,4
0,272,641,-1,1,441,2,3,148,-1,6,312,-1,6,512,-2,4,637,2,1,575,-3,4,662,-3,5,3
0,272,640,-1,1,438,2,3,142,-1,6,310,-1,6,508,-2,4,636,2,1,571,-3,4,657,-3,5,2
0,272,640,-1,1,436,2,3,137,-1,6,309,-1,6,504,-2,4,635,2,1,567,-3,4,651,-3,5,4
0,272,639,-1,1,434,2,3,131,-1,6,307,-1,6,500,-2,4,634,2,1,563,-3,4,646,-3,5,5
0,272,639,-1,1,431,2,3,125,-1,6,306,-1,6,496,-2,4,633,2,1,559,-3,4,640,-3,5,4
0,272,638,-1,1,429,2,3,119,-1,6,304,-1,6,492,-2,4,633,2,1,555,-3,4,635,-3,5,2
8,280,641,-1,1,425,2,3,110,-1,6,310,-1,6,487,-2,4,631,2,1,551,-3,4,628,-3,5,1
8,280,641,-1,1,422,2,3,104,-1,6,309,-1,6,483,-2,4,630,2,1,547,-3,4,623,-3,5,5
8,280,640,-1,1,420,2,3,98,-1,6,308,-1,6,479,-2,4,629,2,1,543,-3,4,617,-3,5,4
0,280,640,-1,1,418,2,3,92,-1,6,307,-1,6,475,-2,4,629,2,1,539,-3,4,612,-3,5,3
-8,272,636,-1,1,418,2,3,90,-1,6,299,-1,6,471,-2,4,629,2,1,535,-3,4,608,-3,5,0
-8,272,635,-1,1,416,2,3,85,-1,6,298,-1,6,467,-2,4,628,2,1,531,-3,4,602,-3,5,5
-8,264,631,-1,1,417,2,3,84,-1,6,290,-1,6,463,-2,4,628,2,1,527,-3,4,598,-3,5,0
8,272,635,-1,1,412,2,3,74,-1,6,297,-1,6,459,-2,4,626,2,1,591,-3,5,653,1,1,1
0,272,634,-1,1,410,2,3,68,-1,6,297,-1,6,455,-2,4,626,2,1,586,-3,5,652,1,1,3
0,272,634,-1,1,408,2,3,63,-1,6,297,-1,6,451,-2,4,625,2,1,581,-3,5,651,1,1,5
0,272,633,-1,1,406,2,3,58,-1,6,297,-1,6,447,-2,4,624,2,1,575,-3,5,650,1,1,3
0,272,633,-1,1,404,2,3,53,-1,6,297,-1,6,443,-2,4,623,2,1,570,-3,5,649,1,1,4
-8,264,629,-1,1,405,2,3,55,-1,6,289,-1,6,624,2,1,566,-3,5,648,1,1,668,-2,7,0
-8,256,625,-1,1,406,2,3,59,-1,6,282,-1,6,624,2,1,561,-3,5,647,1,1,661,-2,7,0
-8,248,621,-1,1,408,2,3,63,-1,6,274,-1,6,625,2,1,557,-3,5,646,1,1,653,-2,7,0
-8,240,617,-1,1,410,2,3,69,-1,6,653,-1,7,626,2,1,553,-3,5,646,1,1,645,-2,7,0
-8,232,693,-1,4,412,2,3,75,-1,6,647,-1,7,627,2,1,549,-3,5,645,1,1,637,-2,7,0
8,240,687,-1,4,406,2,3,66,-1,6,639,-1,7,625,2,1,542,-3,5,644,1,1,632,-2,7,1
8,248,681,-1,4,401,2,3,57,-1,6,630,-1,7,623,2,1,536,-3,5,643,1,1,626,-2,7,1
8,248,677,-1,4,399,2,3,57,-1,6,623,-1,7,622,2,1,530,-3,5,642,1,1,620,-2,7,5
8,256,670,-1,4,394,2,3,51,-1,6,615,-1,7,620,2,1,524,-3,5,640,1,1,615,-2,7,1
0,256,666,-1,4,392,2,3,673,-1,6,608,-1,7,619,2,1,518,-3,5,639,1,1,608,-2,7,3
0,256,662,-1,4,390,2,3,668,-1,6,601,-1,7,619,2,1,513,-3,5,638,1,1,602,-2,7,3
0,256,658,-1,4,389,2,3,662,-1,6,594,-1,7,618,2,1,508,-3,5,637,1,1,595,-2,7,4
8,264,652,-1,4,383,2,3,659,-1,6,586,-1,7,616,2,1,501,-3,5,636,1,1,590,-2,7,1
8,264,648,-1,4,382,2,3,654,-1,6,579,-1,7,615,2,1,496,-3,5,635,1,1,584,-2,7,4
8,264,644,-1,4,380,2,3,649,-1,6,572,-1,7,615,2,1,491,-3,5,634,1,1,578,-2,7,5
0,264,640,-1,4,687,2,3,643,-1,6,565,-1,7,614,2,1,486,-3,5,633,1,1,571,-2,7,3
0,264,635,-1,4,684,2,3,638,-1,6,558,-1,7,614,2,1,481,-3,5,632,1,1,565,-2,7,3
-8,256,633,-1,4,682,2,3,630,-1,6,552,-1,7,615,2,1,476,-3,5,632,1,1,557,-2,7,0
-8,256,629,-1,4,680,2,3,625,-1,6,545,-1,7,614,2,1,471,-3,5,631,1,1,551,-2,7,5
-8,256,625,-1,4,677,2,3,619,-1,6,537,-1,7,614,2,1,465,-3,5,630,1,1,544,-2,7,2
-8,256,621,-1,4,674,2,3,614,-1,6,530,-1,7,613,2,1,460,-3,5,629,1,1,538,-2,7,4
-8,248,619,-1,4,673,2,3,606,-1,6,524,-1,7,615,2,1,456,-3,5,628,1,1,530,-2,7,0
0,248,615,-1,4,670,2,3,601,-1,6,517,-1,7,614,2,1,628,1,1,523,-2,7,682,2,4,3
0,248,611,-1,4,668,2,3,595,-1,6,510,-1,7,614,2,1,627,1,1,517,-2,7,679,2,4,5
-8,240,609,-1,4,667,2,3,587,-1,6,504,-1,7,615,2,1,626,1,1,509,-2,7,677,2,4,0
-8,240,605,-1,4,664,2,3,582,-1,6,497,-1,7,615,2,1,625,1,1,503,-2,7,673,2,4,2
-8,232,603,-1,4,663,2,3,574,-1,6,492,-1,7,617,2,1,625,1,1,494,-2,7,671,2,4,0
8,240,596,-1,4,659,2,3,571,-1,6,483,-1,7,614,2,1,624,1,1,490,-2,7,666,2,4,1
-8,232,594,-1,4,658,2,3,563,-1,6,477,-1,7,616,2,1,624,1,1,482,-2,7,664,2,4,0
-8,232,590,-1,4,656,2,3,558,-1,6,470,-1,7,616,2,1,623,1,1,476,-2,7,660,2,4,2
-8,232,586,-1,4,653,2,3,553,-1,6,463,-1,7,615,2,1,622,1,1,470,-2,7,657,2,4,4
-8,232,582,-1,4,651,2,3,547,-1,6,456,-1,7,615,2,1,621,1,1,463,-2,7,653,2,4,4
-8,232,578,-1,4,648,2,3,542,-1,6,449,-1,7,614,2,1,620,1,1,457,-2,7,650,2,4,5
-8,224,576,-1,4,648,2,3,534,-1,6,444,-1,7,617,2,1,620,1,1,449,-2,7,648,2,4,0
-8,224,572,-1,4,645,2,3,529,-1,6,437,-1,7,616,2,1,619,1,1,443,-2,7,645,2,4,5
-8,216,570,-1,4,645,2,3,521,-1,6,431,-1,7,619,2,1,619,1,1,434,-2,7,644,2,4,0
8,224,564,-1,4,641,2,3,518,-1,6,422,-1,7,616,2,1,617,1,1,431,-2,7,638,2,4,1
8,224,560,-1,4,638,2,3,513,-1,6,415,-1,7,615,2,1,617,1,1,425,-2,7,635,2,4,2
8,224,556,-1,4,636,2,3,508,-1,6,408,-1,7,615,2,1,616,1,1,419,-2,7,631,2,4,4
8,224,552,-1,4,634,2,3,502,-1,6,401,-1,7,615,2,1,615,1,1,413,-2,7,628,2,4,2
8,224,547,-1,4,631,2,3,497,-1,6,394,-1,7,615,2,1,614,1,1,407,-2,7,625,2,4,4
8,224,543,-1,4,629,2,3,492,-1,6,387,-1,7,614,2,1,613,1,1,401,-2,7,621,2,4,5
8,224,539,-1,4,627,2,3,487,-1,6,380,-1,7,614,2,1,612,1,1,396,-2,7,618,2,4,4
0,224,535,-1,4,624,2,3,482,-1,6,373,-1,7,614,2,1,612,1,1,390,-2,7,615,2,4,3
-8,216,533,-1,4,625,2,3,474,-1,6,368,-1,7,617,2,1,612,1,1,381,-2,7,614,2,4,0
-8,216,529,-1,4,622,2,3,469,-1,6,361,-1,7,617,2,1,611,1,1,375,-2,7,611,2,4,4
8,224,523,-1,4,618,2,3,467,-1,6,352,-1,7,613,2,1,609,1,1,373,-2,7,605,2,4,1
8,224,519,-1,4,615,2,3,462,-1,6,345,-1,7,613,2,1,608,1,1,368,-2,7,602,2,4,2
8,224,515,-1,4,613,2,3,457,-1,6,338,-1,7,613,2,1,607,1,1,362,-2,7,599,2,4,5
8,224,510,-1,4,611,2,3,452,-1,6,331,-1,7,613,2,1,606,1,1,357,-2,7,595,2,4,5
8,232,504,-1,4,606,2,3,450,-1,6,322,-1,7,610,2,1,604,1,1,355,-2,7,590,2,4,1
-8,224,502,-1,4,607,2,3,442,-1,6,317,-1,7,696,2,4,605,1,1,346,-2,7,589,2,4,0
8,232,496,-1,4,602,2,3,441,-1,6,308,-1,7,690,2,4,603,1,1,345,-2,7,583,2,4,1
0,232,491,-1,4,600,2,3,436,-1,6,301,-1,7,687,2,4,602,1,1,340,-2,7,580,2,4,3
-8,224,490,-1,4,600,2,3,427,-1,6,295,-1,7,686,2,4,602,1,1,331,-2,7,580,2,4,0
0,224,486,-1,4,598,2,3,423,-1,6,288,-1,7,683,2,4,602,1,1,326,-2,7,577,2,4,3
8,232,479,-1,4,593,2,3,422,-1,6,280,-1,7,677,2,4,599,1,1,326,-2,7,571,2,4,1
8,232,475,-1,4,591,2,3,417,-1,6,273,-1,7,674,2,4,599,1,1,322,-2,7,568,2,4,5
-8,224,473,-1,4,592,2,3,408,-1,6,267,-1,7,673,2,4,599,1,1,312,-2,7,568,2,4,0
-8,216,472,-1,4,593,2,3,400,-1,6,262,-1,7,673,2,4,600,1,1,303,-2,7,567,2,4,0
-8,216,468,-1,4,591,2,3,395,-1,6,255,-1,7,670,2,4,599,1,1,299,-2,7,565,2,4,4
-8,208,466,-1,4,592,2,3,386,-1,6,250,-1,7,670,2,4,600,1,1,290,-2,7,565,2,4,0
8,216,460,-1,4,587,2,3,386,-1,6,241,-1,7,664,2,4,597,1,1,290,-2,7,559,2,4,1
8,216,455,-1,4,585,2,3,381,-1,6,234,-1,7,661,2,4,597,1,1,286,-2,7,556,2,4,2
8,224,449,-1,4,579,2,3,381,-1,6,225,-1,7,655,2,4,594,1,1,287,-2,7,550,2,4,1
0,224,445,-1,4,577,2,3,377,-1,6,218,-1,7,641,2,1,593,1,1,284,-2,7,547,2,4,3
-8,216,443,-1,4,579,2,3,368,-1,6,213,-1,7,642,2,1,594,1,1,274,-2,7,547,2,4,0
-8,216,439,-1,4,577,2,3,363,-1,6,206,-1,7,641,2,1,593,1,1,271,-2,7,544,2,4,4
8,224,432,-1,4,572,2,3,364,-1,6,197,-1,7,639,2,1,591,1,1,273,-2,7,538,2,4,1
8,224,428,-1,4,646,2,1,360,-1,6,190,-1,7,638,2,1,590,1,1,270,-2,7,536,2,4,5
8,224,424,-1,4,644,2,1,355,-1,6,183,-1,7,638,2,1,590,1,1,267,-2,7,533,2,4,4
8,224,420,-1,4,643,2,1,351,-1,6,176,-1,7,637,2,1,589,1,1,264,-2,7,530,2,4,2
8,224,416,-1,4,642,2,1,347,-1,6,169,-1,7,636,2,1,588,1,1,262,-2,7,527,2,4,5
8,224,412,-1,4,641,2,1,343,-1,6,162,-1,7,636,2,1,587,1,1,259,-2,7,525,2,4,5
0,224,408,-1,4,639,2,1,340,-1,6,155,-1,7,635,2,1,586,1,1,257,-2,7,677,2,4,3
0,224,404,-1,4,638,2,1,336,-1,6,148,-1,7,634,2,1,586,1,1,255,-2,7,673,2,4,2
0,224,399,-1,4,637,2,1,332,-1,6,141,-1,7,634,2,1,585,1,1,253,-2,7,668,2,4,2
-8,216,398,-1,4,635,2,1,323,-1,6,137,-1,7,634,2,1,586,1,1,244,-2,7,662,2,4,0
-8,216,394,-1,4,633,2,1,319,-1,6,130,-1,7,634,2,1,585,1,1,242,-2,7,658,2,4,4
8,224,387,-1,4,633,2,1,321,-1,6,120,-1,7,632,2,1,583,1,1,248,-2,7,655,2,4,1
8,224,383,-1,4,632,2,1,318,-1,6,113,-1,7,631,2,1,582,1,1,247,-2,7,651,2,4,2
8,232,376,-1,4,632,2,1,320,-1,6,104,-1,7,629,2,1,579,1,1,254,-2,7,648,2,4,1
8,240,370,-1,4,631,2,1,323,-1,6,95,-1,7,627,2,1,577,1,1,261,-2,7,646,2,4,1
0,240,366,-1,4,630,2,1,320,-1,6,88,-1,7,626,2,1,576,1,1,260,-2,7,642,2,4,3
0,240,362,-1,4,629,2,1,317,-1,6,81,-1,7,626,2,1,575,1,1,260,-2,7,637,2,4,2