0,0,0,0,0,0,0,0,0,0,0,0,0,0,0,0,0,0,0,0,0,0,0,0,0,0,0,0,0,0,0,0,0,0,0,0,0,0,0,0,0,0,0,0,0,0,0,0,0,0,0,0,0,0,0,0,0,0,0,0,0,0,0,0,0,0,0,0,0,0,0,0,0,0,0,0,0,0,0,0,0,0,240,654,-1,7,649,1,2,641,-2,5,678,-3,4,680,-3,1,668,0,2,653,-2,2,658,-1,5,4
0,0,0,0,0,0,0,0,0,0,0,0,0,0,0,0,0,0,0,0,0,0,0,0,0,0,0,0,0,0,0,0,0,0,0,0,0,0,0,0,0,0,0,0,0,0,0,0,0,0,0,0,0,0,0,240,654,-1,7,649,1,2,641,-2,5,678,-3,4,680,-3,1,668,0,2,653,-2,2,658,-1,5,4,0,240,647,-1,7,647,1,2,636,-2,5,674,-3,4,680,-3,1,666,0,2,651,-2,2,653,-1,5,4
0,0,0,0,0,0,0,0,0,0,0,0,0,0,0,0,0,0,0,0,0,0,0,0,0,0,0,0,240,654,-1,7,649,1,2,641,-2,5,678,-3,4,680,-3,1,668,0,2,653,-2,2,658,-1,5,4,0,240,647,-1,7,647,1,2,636,-2,5,674,-3,4,680,-3,1,666,0,2,651,-2,2,653,-1,5,4,8,248,642,-1,7,645,1,2,630,-2,5,673,-3,4,683,-3,1,664,0,2,650,-2,2,649,-1,5,1
0,240,654,-1,7,649,1,2,641,-2,5,678,-3,4,680,-3,1,668,0,2,653,-2,2,658,-1,5,4,0,240,647,-1,7,647,1,2,636,-2,5,674,-3,4,680,-3,1,666,0,2,651,-2,2,653,-1,5,4,8,248,642,-1,7,645,1,2,630,-2,5,673,-3,4,683,-3,1,664,0,2,650,-2,2,649,-1,5,1,8,256,636,-1,7,644,1,2,624,-2,5,671,-3,4,686,-3,1,662,0,2,649,-2,2,645,-1,5,1
0,240,647,-1,7,647,1,2,636,-2,5,674,-3,4,680,-3,1,666,0,2,651,-2,2,653,-1,5,4,8,248,642,-1,7,645,1,2,630,-2,5,673,-3,4,683,-3,1,664,0,2,650,-2,2,649,-1,5,1,8,256,636,-1,7,644,1,2,624,-2,5,671,-3,4,686,-3,1,662,0,2,649,-2,2,645,-1,5,1,8,264,630,-1,7,643,1,2,618,-2,5,670,-3,4,689,-3,1,660,0,2,648,-2,2,641,-1,5,1
8,248,642,-1,7,645,1,2,630,-2,5,673,-3,4,683,-3,1,664,0,2,650,-2,2,649,-1,5,1,8,256,636,-1,7,644,1,2,624,-2,5,671,-3,4,686,-3,1,662,0,2,649,-2,2,645,-1,5,1,8,264,630,-1,7,643,1,2,618,-2,5,670,-3,4,689,-3,1,660,0,2,648,-2,2,641,-1,5,1,8,272,625,-1,7,642,1,2,613,-2,5,669,-3,4,693,-3,1,658,0,2,648,-2,2,637,-1,5,1
8,256,636,-1,7,644,1,2,624,-2,5,671,-3,4,686,-3,1,662,0,2,649,-2,2,645,-1,5,1,8,264,630,-1,7,643,1,2,618,-2,5,670,-3,4,689,-3,1,660,0,2,648,-2,2,641,-1,5,1,8,272,625,-1,7,642,1,2,613,-2,5,669,-3,4,693,-3,1,658,0,2,648,-2,2,637,-1,5,1,8,280,620,-1,7,641,1,2,607,-2,5,668,-3,4,696,-3,1,657,0,2,647,-2,2,634,-1,5,1
8,264,630,-1,7,643,1,2,618,-2,5,670,-3,4,689,-3,1,660,0,2,648,-2,2,641,-1,5,1,8,272,625,-1,7,642,1,2,613,-2,5,669,-3,4,693,-3,1,658,0,2,648,-2,2,637,-1,5,1,8,280,620,-1,7,641,1,2,607,-2,5,668,-3,4,696,-3,1,657,0,2,647,-2,2,634,-1,5,1,8,288,615,-1,7,640,1,2,602,-2,5,668,-3,4,700,-3,1,655,0,2,647,-2,2,630,-1,5,1
8,272,625,-1,7,642,1,2,613,-2,5,669,-3,4,693,-3,1,658,0,2,648,-2,2,637,-1,5,1,8,280,620,-1,7,641,1,2,607,-2,5,668,-3,4,696,-3,1,657,0,2,647,-2,2,634,-1,5,1,8,288,615,-1,7,640,1,2,602,-2,5,668,-3,4,700,-3,1,655,0,2,647,-2,2,630,-1,5,1,8,296,610,-1,7,639,1,2,597,-2,5,668,-3,4,704,-3,1,654,0,2,647,-2,2,627,-1,5,1
8,280,620,-1,7,641,1,2,607,-2,5,668,-3,4,696,-3,1,657,0,2,647,-2,2,634,-1,5,1,8,288,615,-1,7,640,1,2,602,-2,5,668,-3,4,700,-3,1,655,0,2,647,-2,2,630,-1,5,1,8,296,610,-1,7,639,1,2,597,-2,5,668,-3,4,704,-3,1,654,0,2,647,-2,2,627,-1,5,1,8,296,603,-1,7,637,1,2,592,-2,5,665,-3,4,704,-3,1,652,0,2,645,-2,2,622,-1,5,4
8,288,615,-1,7,640,1,2,602,-2,5,668,-3,4,700,-3,1,655,0,2,647,-2,2,630,-1,5,1,8,296,610,-1,7,639,1,2,597,-2,5,668,-3,4,704,-3,1,654,0,2,647,-2,2,627,-1,5,1,8,296,603,-1,7,637,1,2,592,-2,5,665,-3,4,704,-3,1,652,0,2,645,-2,2,622,-1,5,4,8,304,599,-1,7,636,1,2,587,-2,5,665,-3,4,708,-3,1,651,0,2,645,-2,2,619,-1,5,1
8,296,610,-1,7,639,1,2,597,-2,5,668,-3,4,704,-3,1,654,0,2,647,-2,2,627,-1,5,1,8,296,603,-1,7,637,1,2,592,-2,5,665,-3,4,704,-3,1,652,0,2,645,-2,2,622,-1,5,4,8,304,599,-1,7,636,1,2,587,-2,5,665,-3,4,708,-3,1,651,0,2,645,-2,2,619,-1,5,1,8,304,592,-1,7,634,1,2,582,-2,5,662,-3,4,708,-3,1,649,0,2,644,-2,2,615,-1,5,2
8,296,603,-1,7,637,1,2,592,-2,5,665,-3,4,704,-3,1,652,0,2,645,-2,2,622,-1,5,4,8,304,599,-1,7,636,1,2,587,-2,5,665,-3,4,708,-3,1,651,0,2,645,-2,2,619,-1,5,1,8,304,592,-1,7,634,1,2,582,-2,5,662,-3,4,708,-3,1,649,0,2,644,-2,2,615,-1,5,2,8,304,586,-1,7,632,1,2,577,-2,5,659,-3,4,709,-3,1,647,0,2,642,-2,2,610,-1,5,4
8,304,599,-1,7,636,1,2,587,-2,5,665,-3,4,708,-3,1,651,0,2,645,-2,2,619,-1,5,1,8,304,592,-1,7,634,1,2,582,-2,5,662,-3,4,708,-3,1,649,0,2,644,-2,2,615,-1,5,2,8,304,586,-1,7,632,1,2,577,-2,5,659,-3,4,709,-3,1,647,0,2,642,-2,2,610,-1,5,4,8,312,581,-1,7,631,1,2,573,-2,5,660,-3,4,713,-3,1,645,0,2,642,-2,2,607,-1,5,1
8,304,592,-1,7,634,1,2,582,-2,5,662,-3,4,708,-3,1,649,0,2,644,-2,2,615,-1,5,2,8,304,586,-1,7,632,1,2,577,-2,5,659,-3,4,709,-3,1,647,0,2,642,-2,2,610,-1,5,4,8,312,581,-1,7,631,1,2,573,-2,5,660,-3,4,713,-3,1,645,0,2,642,-2,2,607,-1,5,1,8,312,575,-1,7,629,1,2,568,-2,5,657,-3,4,634,-3,1,643,0,2,641,-2,2,603,-1,5,4
8,304,586,-1,7,632,1,2,577,-2,5,659,-3,4,709,-3,1,647,0,2,642,-2,2,610,-1,5,4,8,312,581,-1,7,631,1,2,573,-2,5,660,-3,4,713,-3,1,645,0,2,642,-2,2,607,-1,5,1,8,312,575,-1,7,629,1,2,568,-2,5,657,-3,4,634,-3,1,643,0,2,641,-2,2,603,-1,5,4,-8,304,566,-1,7,625,1,2,563,-2,5,651,-3,4,632,-3,1,641,0,2,637,-2,2,596,-1,5,0
8,312,581,-1,7,631,1,2,573,-2,5,660,-3,4,713,-3,1,645,0,2,642,-2,2,607,-1,5,1,8,312,575,-1,7,629,1,2,568,-2,5,657,-3,4,634,-3,1,643,0,2,641,-2,2,603,-1,5,4,-8,304,566,-1,7,625,1,2,563,-2,5,651,-3,4,632,-3,1,641,0,2,637,-2,2,596,-1,5,0,-8,304,560,-1,7,623,1,2,558,-2,5,649,-3,4,631,-3,1,639,0,2,636,-2,2,592,-1,5,4
8,312,575,-1,7,629,1,2,568,-2,5,657,-3,4,634,-3,1,643,0,2,641,-2,2,603,-1,5,4,-8,304,566,-1,7,625,1,2,563,-2,5,651,-3,4,632,-3,1,641,0,2,637,-2,2,596,-1,5,0,-8,304,560,-1,7,623,1,2,558,-2,5,649,-3,4,631,-3,1,639,0,2,636,-2,2,592,-1,5,4,-8,304,553,-1,7,621,1,2,553,-2,5,646,-3,4,631,-3,1,637,0,2,635,-2,2,587,-1,5,4
-8,304,566,-1,7,625,1,2,563,-2,5,651,-3,4,632,-3,1,641,0,2,637,-2,2,596,-1,5,0,-8,304,560,-1,7,623,1,2,558,-2,5,649,-3,4,631,-3,1,639,0,2,636,-2,2,592,-1,5,4,-8,304,553,-1,7,621,1,2,553,-2,5,646,-3,4,631,-3,1,637,0,2,635,-2,2,587,-1,5,4,-8,304,547,-1,7,619,1,2,548,-2,5,644,-3,4,630,-3,1,635,0,2,633,-2,2,582,-1,5,4
-8,304,560,-1,7,623,1,2,558,-2,5,649,-3,4,631,-3,1,639,0,2,636,-2,2,592,-1,5,4,-8,304,553,-1,7,621,1,2,553,-2,5,646,-3,4,631,-3,1,637,0,2,635,-2,2,587,-1,5,4,-8,304,547,-1,7,619,1,2,548,-2,5,644,-3,4,630,-3,1,635,0,2,633,-2,2,582,-1,5,4,-8,296,538,-1,7,616,1,2,543,-2,5,638,-3,4,629,-3,1,632,0,2,630,-2,2,576,-1,5,0
-8,304,553,-1,7,621,1,2,553,-2,5,646,-3,4,631,-3,1,637,0,2,635,-2,2,587,-1,5,4,-8,304,547,-1,7,619,1,2,548,-2,5,644,-3,4,630,-3,1,635,0,2,633,-2,2,582,-1,5,4,-8,296,538,-1,7,616,1,2,543,-2,5,638,-3,4,629,-3,1,632,0,2,630,-2,2,576,-1,5,0,-8,296,532,-1,7,613,1,2,538,-2,5,636,-3,4,628,-3,1,630,0,2,628,-2,2,571,-1,5,4
-8,304,547,-1,7,619,1,2,548,-2,5,644,-3,4,630,-3,1,635,0,2,633,-2,2,582,-1,5,4,-8,296,538,-1,7,616,1,2,543,-2,5,638,-3,4,629,-3,1,632,0,2,630,-2,2,576,-1,5,0,-8,296,532,-1,7,613,1,2,538,-2,5,636,-3,4,628,-3,1,630,0,2,628,-2,2,571,-1,5,4,8,304,528,-1,7,613,1,2,533,-2,5,636,-3,4,627,-3,1,629,0,2,629,-2,2,569,-1,5,1
-8,296,538,-1,7,616,1,2,543,-2,5,638,-3,4,629,-3,1,632,0,2,630,-2,2,576,-1,5,0,-8,296,532,-1,7,613,1,2,538,-2,5,636,-3,4,628,-3,1,630,0,2,628,-2,2,571,-1,5,4,8,304,528,-1,7,613,1,2,533,-2,5,636,-3,4,627,-3,1,629,0,2,629,-2,2,569,-1,5,1,8,304,521,-1,7,610,1,2,528,-2,5,634,-3,4,626,-3,1,627,0,2,627,-2,2,564,-1,5,5
-8,296,532,-1,7,613,1,2,538,-2,5,636,-3,4,628,-3,1,630,0,2,628,-2,2,571,-1,5,4,8,304,528,-1,7,613,1,2,533,-2,5,636,-3,4,627,-3,1,629,0,2,629,-2,2,569,-1,5,1,8,304,521,-1,7,610,1,2,528,-2,5,634,-3,4,626,-3,1,627,0,2,627,-2,2,564,-1,5,5,8,304,515,-1,7,608,1,2,524,-2,5,632,-3,4,626,-3,1,625,0,2,626,-2,2,559,-1,5,2
8,304,528,-1,7,613,1,2,533,-2,5,636,-3,4,627,-3,1,629,0,2,629,-2,2,569,-1,5,1,8,304,521,-1,7,610,1,2,528,-2,5,634,-3,4,626,-3,1,627,0,2,627,-2,2,564,-1,5,5,8,304,515,-1,7,608,1,2,524,-2,5,632,-3,4,626,-3,1,625,0,2,626,-2,2,559,-1,5,2,8,304,509,-1,7,606,1,2,519,-2,5,629,-3,4,625,-3,1,623,0,2,624,-2,2,555,-1,5,5
8,304,521,-1,7,610,1,2,528,-2,5,634,-3,4,626,-3,1,627,0,2,627,-2,2,564,-1,5,5,8,304,515,-1,7,608,1,2,524,-2,5,632,-3,4,626,-3,1,625,0,2,626,-2,2,559,-1,5,2,8,304,509,-1,7,606,1,2,519,-2,5,629,-3,4,625,-3,1,623,0,2,624,-2,2,555,-1,5,5,8,304,503,-1,7,604,1,2,514,-2,5,627,-3,4,624,-3,1,621,0,2,623,-2,2,550,-1,5,4
8,304,515,-1,7,608,1,2,524,-2,5,632,-3,4,626,-3,1,625,0,2,626,-2,2,559,-1,5,2,8,304,509,-1,7,606,1,2,519,-2,5,629,-3,4,625,-3,1,623,0,2,624,-2,2,555,-1,5,5,8,304,503,-1,7,604,1,2,514,-2,5,627,-3,4,624,-3,1,621,0,2,623,-2,2,550,-1,5,4,8,304,496,-1,7,602,1,2,509,-2,5,625,-3,4,623,-3,1,619,0,2,622,-2,2,546,-1,5,5
8,304,509,-1,7,606,1,2,519,-2,5,629,-3,4,625,-3,1,623,0,2,624,-2,2,555,-1,5,5,8,304,503,-1,7,604,1,2,514,-2,5,627,-3,4,624,-3,1,621,0,2,623,-2,2,550,-1,5,4,8,304,496,-1,7,602,1,2,509,-2,5,625,-3,4,623,-3,1,619,0,2,622,-2,2,546,-1,5,5,0,304,490,-1,7,600,1,2,504,-2,5,623,-3,4,623,-3,1,617,0,2,620,-2,2,541,-1,5,3
8,304,503,-1,7,604,1,2,514,-2,5,627,-3,4,624,-3,1,621,0,2,623,-2,2,550,-1,5,4,8,304,496,-1,7,602,1,2,509,-2,5,625,-3,4,623,-3,1,619,0,2,622,-2,2,546,-1,5,5,0,304,490,-1,7,600,1,2,504,-2,5,623,-3,4,623,-3,1,617,0,2,620,-2,2,541,-1,5,3,0,304,484,-1,7,598,1,2,500,-2,5,620,-3,4,622,-3,1,615,0,2,619,-2,2,537,-1,5,5
8,304,496,-1,7,602,1,2,509,-2,5,625,-3,4,623,-3,1,619,0,2,622,-2,2,546,-1,5,5,0,304,490,-1,7,600,1,2,504,-2,5,623,-3,4,623,-3,1,617,0,2,620,-2,2,541,-1,5,3,0,304,484,-1,7,598,1,2,500,-2,5,620,-3,4,622,-3,1,615,0,2,619,-2,2,537,-1,5,5,0,304,478,-1,7,595,1,2,495,-2,5,618,-3,4,621,-3,1,613,0,2,617,-2,2,532,-1,5,4
0,304,490,-1,7,600,1,2,504,-2,5,623,-3,4,623,-3,1,617,0,2,620,-2,2,541,-1,5,3,0,304,484,-1,7,598,1,2,500,-2,5,620,-3,4,622,-3,1,615,0,2,619,-2,2,537,-1,5,5,0,304,478,-1,7,595,1,2,495,-2,5,618,-3,4,621,-3,1,613,0,2,617,-2,2,532,-1,5,4,0,304,471,-1,7,593,1,2,490,-2,5,616,-3,4,621,-3,1,611,0,2,616,-2,2,528,-1,5,5
0,304,484,-1,7,598,1,2,500,-2,5,620,-3,4,622,-3,1,615,0,2,619,-2,2,537,-1,5,5,0,304,478,-1,7,595,1,2,495,-2,5,618,-3,4,621,-3,1,613,0,2,617,-2,2,532,-1,5,4,0,304,471,-1,7,593,1,2,490,-2,5,616,-3,4,621,-3,1,611,0,2,616,-2,2,528,-1,5,5,0,304,465,-1,7,591,1,2,485,-2,5,614,-3,4,620,-3,1,609,0,2,615,-2,2,523,-1,5,5
0,304,478,-1,7,595,1,2,495,-2,5,618,-3,4,621,-3,1,613,0,2,617,-2,2,532,-1,5,4,0,304,471,-1,7,593,1,2,490,-2,5,616,-3,4,621,-3,1,611,0,2,616,-2,2,528,-1,5,5,0,304,465,-1,7,591,1,2,485,-2,5,614,-3,4,620,-3,1,609,0,2,615,-2,2,523,-1,5,5,0,304,459,-1,7,589,1,2,481,-2,5,612,-3,4,619,-3,1,607,0,2,613,-2,2,519,-1,5,2
0,304,471,-1,7,593,1,2,490,-2,5,616,-3,4,621,-3,1,611,0,2,616,-2,2,528,-1,5,5,0,304,465,-1,7,591,1,2,485,-2,5,614,-3,4,620,-3,1,609,0,2,615,-2,2,523,-1,5,5,0,304,459,-1,7,589,1,2,481,-2,5,612,-3,4,619,-3,1,607,0,2,613,-2,2,519,-1,5,2,0,304,453,-1,7,587,1,2,610,-3,4,619,-3,1,605,0,2,612,-2,2,514,-1,5,657,1,6,5
0,304,465,-1,7,591,1,2,485,-2,5,614,-3,4,620,-3,1,609,0,2,615,-2,2,523,-1,5,5,0,304,459,-1,7,589,1,2,481,-2,5,612,-3,4,619,-3,1,607,0,2,613,-2,2,519,-1,5,2,0,304,453,-1,7,587,1,2,610,-3,4,619,-3,1,605,0,2,612,-2,2,514,-1,5,657,1,6,5,0,304,447,-1,7,585,1,2,608,-3,4,618,-3,1,603,0,2,611,-2,2,510,-1,5,652,1,6,2
0,304,459,-1,7,589,1,2,481,-2,5,612,-3,4,619,-3,1,607,0,2,613,-2,2,519,-1,5,2,0,304,453,-1,7,587,1,2,610,-3,4,619,-3,1,605,0,2,612,-2,2,514,-1,5,657,1,6,5,0,304,447,-1,7,585,1,2,608,-3,4,618,-3,1,603,0,2,611,-2,2,510,-1,5,652,1,6,2,0,304,441,-1,7,583,1,2,606,-3,4,617,-3,1,601,0,2,609,-2,2,505,-1,5,646,1,6,2
0,304,453,-1,7,587,1,2,610,-3,4,619,-3,1,605,0,2,612,-2,2,514,-1,5,657,1,6,5,0,304,447,-1,7,585,1,2,608,-3,4,618,-3,1,603,0,2,611,-2,2,510,-1,5,652,1,6,2,0,304,441,-1,7,583,1,2,606,-3,4,617,-3,1,601,0,2,609,-2,2,505,-1,5,646,1,6,2,0,304,435,-1,7,581,1,2,604,-3,4,617,-3,1,599,0,2,608,-2,2,501,-1,5,640,1,6,2
0,304,447,-1,7,585,1,2,608,-3,4,618,-3,1,603,0,2,611,-2,2,510,-1,5,652,1,6,2,0,304,441,-1,7,583,1,2,606,-3,4,617,-3,1,601,0,2,609,-2,2,505,-1,5,646,1,6,2,0,304,435,-1,7,581,1,2,604,-3,4,617,-3,1,599,0,2,608,-2,2,501,-1,5,640,1,6,2,0,304,429,-1,7,578,1,2,602,-3,4,616,-3,1,597,0,2,607,-2,2,496,-1,5,635,1,6,3
0,304,441,-1,7,583,1,2,606,-3,4,617,-3,1,601,0,2,609,-2,2,505,-1,5,646,1,6,2,0,304,435,-1,7,581,1,2,604,-3,4,617,-3,1,599,0,2,608,-2,2,501,-1,5,640,1,6,2,0,304,429,-1,7,578,1,2,602,-3,4,616,-3,1,597,0,2,607,-2,2,496,-1,5,635,1,6,3,0,304,423,-1,7,576,1,2,600,-3,4,616,-3,1,595,0,2,606,-2,2,492,-1,5,629,1,6,2
0,304,435,-1,7,581,1,2,604,-3,4,617,-3,1,599,0,2,608,-2,2,501,-1,5,640,1,6,2,0,304,429,-1,7,578,1,2,602,-3,4,616,-3,1,597,0,2,607,-2,2,496,-1,5,635,1,6,3,0,304,423,-1,7,576,1,2,600,-3,4,616,-3,1,595,0,2,606,-2,2,492,-1,5,629,1,6,2,0,304,417,-1,7,574,1,2,598,-3,4,615,-3,1,593,0,2,604,-2,2,488,-1,5,623,1,6,5
0,304,429,-1,7,578,1,2,602,-3,4,616,-3,1,597,0,2,607,-2,2,496,-1,5,635,1,6,3,0,304,423,-1,7,576,1,2,600,-3,4,616,-3,1,595,0,2,606,-2,2,492,-1,5,629,1,6,2,0,304,417,-1,7,574,1,2,598,-3,4,615,-3,1,593,0,2,604,-2,2,488,-1,5,623,1,6,5,0,304,411,-1,7,572,1,2,596,-3,4,615,-3,1,591,0,2,603,-2,2,483,-1,5,617,1,6,2
0,304,423,-1,7,576,1,2,600,-3,4,616,-3,1,595,0,2,606,-2,2,492,-1,5,629,1,6,2,0,304,417,-1,7,574,1,2,598,-3,4,615,-3,1,593,0,2,604,-2,2,488,-1,5,623,1,6,5,0,304,411,-1,7,572,1,2,596,-3,4,615,-3,1,591,0,2,603,-2,2,483,-1,5,617,1,6,2,0,304,405,-1,7,570,1,2,595,-3,4,614,-3,1,589,0,2,602,-2,2,479,-1,5,612,1,6,2
0,304,417,-1,7,574,1,2,598,-3,4,615,-3,1,593,0,2,604,-2,2,488,-1,5,623,1,6,5,0,304,411,-1,7,572,1,2,596,-3,4,615,-3,1,591,0,2,603,-2,2,483,-1,5,617,1,6,2,0,304,405,-1,7,570,1,2,595,-3,4,614,-3,1,589,0,2,602,-2,2,479,-1,5,612,1,6,2,0,304,399,-1,7,568,1,2,593,-3,4,614,-3,1,587,0,2,601,-2,2,475,-1,5,606,1,6,2
0,304,411,-1,7,572,1,2,596,-3,4,615,-3,1,591,0,2,603,-2,2,483,-1,5,617,1,6,2,0,304,405,-1,7,570,1,2,595,-3,4,614,-3,1,589,0,2,602,-2,2,479,-1,5,612,1,6,2,0,304,399,-1,7,568,1,2,593,-3,4,614,-3,1,587,0,2,601,-2,2,475,-1,5,606,1,6,2,0,304,394,-1,7,591,-3,4,613,-3,1,585,0,2,599,-2,2,470,-1,5,600,1,6,684,-1,3,2
0,304,405,-1,7,570,1,2,595,-3,4,614,-3,1,589,0,2,602,-2,2,479,-1,5,612,1,6,2,0,304,399,-1,7,568,1,2,593,-3,4,614,-3,1,587,0,2,601,-2,2,475,-1,5,606,1,6,2,0,304,394,-1,7,591,-3,4,613,-3,1,585,0,2,599,-2,2,470,-1,5,600,1,6,684,-1,3,2,0,304,388,-1,7,658,-3,3,613,-3,1,583,0,2,598,-2,2,466,-1,5,595,1,6,682,-1,3,2
0,304,399,-1,7,568,1,2,593,-3,4,614,-3,1,587,0,2,601,-2,2,475,-1,5,606,1,6,2,0,304,394,-1,7,591,-3,4,613,-3,1,585,0,2,599,-2,2,470,-1,5,600,1,6,684,-1,3,2,0,304,388,-1,7,658,-3,3,613,-3,1,583,0,2,598,-2,2,466,-1,5,595,1,6,682,-1,3,2,-8,296,378,-1,7,654,-3,3,611,-3,1,580,0,2,594,-2,2,459,-1,5,591,1,6,677,-1,3,0
0,304,394,-1,7,591,-3,4,613,-3,1,585,0,2,599,-2,2,470,-1,5,600,1,6,684,-1,3,2,0,304,388,-1,7,658,-3,3,613,-3,1,583,0,2,598,-2,2,466,-1,5,595,1,6,682,-1,3,2,-8,296,378,-1,7,654,-3,3,611,-3,1,580,0,2,594,-2,2,459,-1,5,591,1,6,677,-1,3,0,-8,296,373,-1,7,652,-3,3,610,-3,1,578,0,2,593,-2,2,454,-1,5,585,1,6,674,-1,3,2
0,304,388,-1,7,658,-3,3,613,-3,1,583,0,2,598,-2,2,466,-1,5,595,1,6,682,-1,3,2,-8,296,378,-1,7,654,-3,3,611,-3,1,580,0,2,594,-2,2,459,-1,5,591,1,6,677,-1,3,0,-8,296,373,-1,7,652,-3,3,610,-3,1,578,0,2,593,-2,2,454,-1,5,585,1,6,674,-1,3,2,8,304,371,-1,7,651,-3,3,611,-3,1,577,0,2,595,-2,2,453,-1,5,578,1,6,674,-1,3,1
-8,296,378,-1,7,654,-3,3,611,-3,1,580,0,2,594,-2,2,459,-1,5,591,1,6,677,-1,3,0,-8,296,373,-1,7,652,-3,3,610,-3,1,578,0,2,593,-2,2,454,-1,5,585,1,6,674,-1,3,2,8,304,371,-1,7,651,-3,3,611,-3,1,577,0,2,595,-2,2,453,-1,5,578,1,6,674,-1,3,1,8,304,365,-1,7,649,-3,3,611,-3,1,575,0,2,593,-2,2,449,-1,5,572,1,6,672,-1,3,2
-8,296,373,-1,7,652,-3,3,610,-3,1,578,0,2,593,-2,2,454,-1,5,585,1,6,674,-1,3,2,8,304,371,-1,7,651,-3,3,611,-3,1,577,0,2,595,-2,2,453,-1,5,578,1,6,674,-1,3,1,8,304,365,-1,7,649,-3,3,611,-3,1,575,0,2,593,-2,2,449,-1,5,572,1,6,672,-1,3,2,8,304,360,-1,7,647,-3,3,611,-3,1,573,0,2,592,-2,2,445,-1,5,566,1,6,669,-1,3,5
8,304,371,-1,7,651,-3,3,611,-3,1,577,0,2,595,-2,2,453,-1,5,578,1,6,674,-1,3,1,8,304,365,-1,7,649,-3,3,611,-3,1,575,0,2,593,-2,2,449,-1,5,572,1,6,672,-1,3,2,8,304,360,-1,7,647,-3,3,611,-3,1,573,0,2,592,-2,2,445,-1,5,566,1,6,669,-1,3,5,8,304,355,-1,7,645,-3,3,610,-3,1,571,0,2,591,-2,2,440,-1,5,561,1,6,667,-1,3,2
8,304,365,-1,7,649,-3,3,611,-3,1,575,0,2,593,-2,2,449,-1,5,572,1,6,672,-1,3,2,8,304,360,-1,7,647,-3,3,611,-3,1,573,0,2,592,-2,2,445,-1,5,566,1,6,669,-1,3,5,8,304,355,-1,7,645,-3,3,610,-3,1,571,0,2,591,-2,2,440,-1,5,561,1,6,667,-1,3,2,8,304,349,-1,7,642,-3,3,610,-3,1,569,0,2,590,-2,2,436,-1,5,555,1,6,664,-1,3,2
8,304,360,-1,7,647,-3,3,611,-3,1,573,0,2,592,-2,2,445,-1,5,566,1,6,669,-1,3,5,8,304,355,-1,7,645,-3,3,610,-3,1,571,0,2,591,-2,2,440,-1,5,561,1,6,667,-1,3,2,8,304,349,-1,7,642,-3,3,610,-3,1,569,0,2,590,-2,2,436,-1,5,555,1,6,664,-1,3,2,8,312,348,-1,7,642,-3,3,611,-3,1,568,0,2,592,-2,2,435,-1,5,548,1,6,664,-1,3,1
8,304,355,-1,7,645,-3,3,610,-3,1,571,0,2,591,-2,2,440,-1,5,561,1,6,667,-1,3,2,8,304,349,-1,7,642,-3,3,610,-3,1,569,0,2,590,-2,2,436,-1,5,555,1,6,664,-1,3,2,8,312,348,-1,7,642,-3,3,611,-3,1,568,0,2,592,-2,2,435,-1,5,548,1,6,664,-1,3,1,8,312,343,-1,7,640,-3,3,611,-3,1,566,0,2,591,-2,2,431,-1,5,542,1,6,662,-1,3,5
8,304,349,-1,7,642,-3,3,610,-3,1,569,0,2,590,-2,2,436,-1,5,555,1,6,664,-1,3,2,8,312,348,-1,7,642,-3,3,611,-3,1,568,0,2,592,-2,2,435,-1,5,548,1,6,664,-1,3,1,8,312,343,-1,7,640,-3,3,611,-3,1,566,0,2,591,-2,2,431,-1,5,542,1,6,662,-1,3,5,8,320,343,-1,7,640,-3,3,613,-3,1,565,0,2,593,-2,2,431,-1,5,535,1,6,662,-1,3,1
8,312,348,-1,7,642,-3,3,611,-3,1,568,0,2,592,-2,2,435,-1,5,548,1,6,664,-1,3,1,8,312,343,-1,7,640,-3,3,611,-3,1,566,0,2,591,-2,2,431,-1,5,542,1,6,662,-1,3,5,8,320,343,-1,7,640,-3,3,613,-3,1,565,0,2,593,-2,2,431,-1,5,535,1,6,662,-1,3,1,8,320,338,-1,7,638,-3,3,613,-3,1,563,0,2,592,-2,2,427,-1,5,529,1,6,660,-1,3,4
8,312,343,-1,7,640,-3,3,611,-3,1,566,0,2,591,-2,2,431,-1,5,542,1,6,662,-1,3,5,8,320,343,-1,7,640,-3,3,613,-3,1,565,0,2,593,-2,2,431,-1,5,535,1,6,662,-1,3,1,8,320,338,-1,7,638,-3,3,613,-3,1,563,0,2,592,-2,2,427,-1,5,529,1,6,660,-1,3,4,8,328,338,-1,7,639,-3,3,615,-3,1,562,0,2,594,-2,2,426,-1,5,522,1,6,660,-1,3,1
8,320,343,-1,7,640,-3,3,613,-3,1,565,0,2,593,-2,2,431,-1,5,535,1,6,662,-1,3,1,8,320,338,-1,7,638,-3,3,613,-3,1,563,0,2,592,-2,2,427,-1,5,529,1,6,660,-1,3,4,8,328,338,-1,7,639,-3,3,615,-3,1,562,0,2,594,-2,2,426,-1,5,522,1,6,660,-1,3,1,8,328,334,-1,7,637,-3,3,615,-3,1,560,0,2,593,-2,2,423,-1,5,516,1,6,658,-1,3,5
8,320,338,-1,7,638,-3,3,613,-3,1,563,0,2,592,-2,2,427,-1,5,529,1,6,660,-1,3,4,8,328,338,-1,7,639,-3,3,615,-3,1,562,0,2,594,-2,2,426,-1,5,522,1,6,660,-1,3,1,8,328,334,-1,7,637,-3,3,615,-3,1,560,0,2,593,-2,2,423,-1,5,516,1,6,658,-1,3,5,8,336,335,-1,7,637,-3,3,617,-3,1,559,0,2,596,-2,2,423,-1,5,509,1,6,658,-1,3,1
8,328,338,-1,7,639,-3,3,615,-3,1,562,0,2,594,-2,2,426,-1,5,522,1,6,660,-1,3,1,8,328,334,-1,7,637,-3,3,615,-3,1,560,0,2,593,-2,2,423,-1,5,516,1,6,658,-1,3,5,8,336,335,-1,7,637,-3,3,617,-3,1,559,0,2,596,-2,2,423,-1,5,509,1,6,658,-1,3,1,8,336,330,-1,7,635,-3,3,617,-3,1,557,0,2,595,-2,2,419,-1,5,503,1,6,656,-1,3,5
8,328,334,-1,7,637,-3,3,615,-3,1,560,0,2,593,-2,2,423,-1,5,516,1,6,658,-1,3,5,8,336,335,-1,7,637,-3,3,617,-3,1,559,0,2,596,-2,2,423,-1,5,509,1,6,658,-1,3,1,8,336,330,-1,7,635,-3,3,617,-3,1,557,0,2,595,-2,2,419,-1,5,503,1,6,656,-1,3,5,8,344,332,-1,7,636,-3,3,619,-3,1,557,0,2,598,-2,2,419,-1,5,496,1,6,657,-1,3,1
8,336,335,-1,7,637,-3,3,617,-3,1,559,0,2,596,-2,2,423,-1,5,509,1,6,658,-1,3,1,8,336,330,-1,7,635,-3,3,617,-3,1,557,0,2,595,-2,2,419,-1,5,503,1,6,656,-1,3,5,8,344,332,-1,7,636,-3,3,619,-3,1,557,0,2,598,-2,2,419,-1,5,496,1,6,657,-1,3,1,-8,336,322,-1,7,632,-3,3,617,-3,1,553,0,2,593,-2,2,411,-1,5,492,1,6,651,-1,3,0
8,336,330,-1,7,635,-3,3,617,-3,1,557,0,2,595,-2,2,419,-1,5,503,1,6,656,-1,3,5,8,344,332,-1,7,636,-3,3,619,-3,1,557,0,2,598,-2,2,419,-1,5,496,1,6,657,-1,3,1,-8,336,322,-1,7,632,-3,3,617,-3,1,553,0,2,593,-2,2,411,-1,5,492,1,6,651,-1,3,0,8,344,324,-1,7,633,-3,3,619,-3,1,553,0,2,596,-2,2,412,-1,5,484,1,6,652,-1,3,1
8,344,332,-1,7,636,-3,3,619,-3,1,557,0,2,598,-2,2,419,-1,5,496,1,6,657,-1,3,1,-8,336,322,-1,7,632,-3,3,617,-3,1,553,0,2,593,-2,2,411,-1,5,492,1,6,651,-1,3,0,8,344,324,-1,7,633,-3,3,619,-3,1,553,0,2,596,-2,2,412,-1,5,484,1,6,652,-1,3,1,8,344,320,-1,7,631,-3,3,619,-3,1,551,0,2,595,-2,2,408,-1,5,479,1,6,650,-1,3,4
-8,336,322,-1,7,632,-3,3,617,-3,1,553,0,2,593,-2,2,411,-1,5,492,1,6,651,-1,3,0,8,344,324,-1,7,633,-3,3,619,-3,1,553,0,2,596,-2,2,412,-1,5,484,1,6,652,-1,3,1,8,344,320,-1,7,631,-3,3,619,-3,1,551,0,2,595,-2,2,408,-1,5,479,1,6,650,-1,3,4,8,352,322,-1,7,632,-3,3,622,-3,1,550,0,2,598,-2,2,409,-1,5,471,1,6,651,-1,3,1
8,344,324,-1,7,633,-3,3,619,-3,1,553,0,2,596,-2,2,412,-1,5,484,1,6,652,-1,3,1,8,344,320,-1,7,631,-3,3,619,-3,1,551,0,2,595,-2,2,408,-1,5,479,1,6,650,-1,3,4,8,352,322,-1,7,632,-3,3,622,-3,1,550,0,2,598,-2,2,409,-1,5,471,1,6,651,-1,3,1,8,352,319,-1,7,631,-3,3,622,-3,1,548,0,2,597,-2,2,406,-1,5,466,1,6,649,-1,3,5
8,344,320,-1,7,631,-3,3,619,-3,1,551,0,2,595,-2,2,408,-1,5,479,1,6,650,-1,3,4,8,352,322,-1,7,632,-3,3,622,-3,1,550,0,2,598,-2,2,409,-1,5,471,1,6,651,-1,3,1,8,352,319,-1,7,631,-3,3,622,-3,1,548,0,2,597,-2,2,406,-1,5,466,1,6,649,-1,3,5,8,360,322,-1,7,632,-3,3,625,-3,1,548,0,2,600,-2,2,407,-1,5,459,1,6,650,-1,3,1
8,352,322,-1,7,632,-3,3,622,-3,1,550,0,2,598,-2,2,409,-1,5,471,1,6,651,-1,3,1,8,352,319,-1,7,631,-3,3,622,-3,1,548,0,2,597,-2,2,406,-1,5,466,1,6,649,-1,3,5,8,360,322,-1,7,632,-3,3,625,-3,1,548,0,2,600,-2,2,407,-1,5,459,1,6,650,-1,3,1,8,368,325,-1,7,634,-3,3,628,-3,1,548,0,2,604,-2,2,409,-1,5,451,1,6,651,-1,3,1
8,352,319,-1,7,631,-3,3,622,-3,1,548,0,2,597,-2,2,406,-1,5,466,1,6,649,-1,3,5,8,360,322,-1,7,632,-3,3,625,-3,1,548,0,2,600,-2,2,407,-1,5,459,1,6,650,-1,3,1,8,368,325,-1,7,634,-3,3,628,-3,1,548,0,2,604,-2,2,409,-1,5,451,1,6,651,-1,3,1,8,376,329,-1,7,636,-3,3,632,-3,1,547,0,2,607,-2,2,410,-1,5,444,1,6,653,-1,3,1
8,360,322,-1,7,632,-3,3,625,-3,1,548,0,2,600,-2,2,407,-1,5,459,1,6,650,-1,3,1,8,368,325,-1,7,634,-3,3,628,-3,1,548,0,2,604,-2,2,409,-1,5,451,1,6,651,-1,3,1,8,376,329,-1,7,636,-3,3,632,-3,1,547,0,2,607,-2,2,410,-1,5,444,1,6,653,-1,3,1,8,376,326,-1,7,635,-3,3,632,-3,1,545,0,2,607,-2,2,407,-1,5,438,1,6,650,-1,3,5
8,368,325,-1,7,634,-3,3,628,-3,1,548,0,2,604,-2,2,409,-1,5,451,1,6,651,-1,3,1,8,376,329,-1,7,636,-3,3,632,-3,1,547,0,2,607,-2,2,410,-1,5,444,1,6,653,-1,3,1,8,376,326,-1,7,635,-3,3,632,-3,1,545,0,2,607,-2,2,407,-1,5,438,1,6,650,-1,3,5,8,384,330,-1,7,637,-3,3,636,-3,1,545,0,2,610,-2,2,409,-1,5,431,1,6,652,-1,3,1
8,376,329,-1,7,636,-3,3,632,-3,1,547,0,2,607,-2,2,410,-1,5,444,1,6,653,-1,3,1,8,376,326,-1,7,635,-3,3,632,-3,1,545,0,2,607,-2,2,407,-1,5,438,1,6,650,-1,3,5,8,384,330,-1,7,637,-3,3,636,-3,1,545,0,2,610,-2,2,409,-1,5,431,1,6,652,-1,3,1,8,384,328,-1,7,636,-3,3,636,-3,1,544,0,2,610,-2,2,406,-1,5,426,1,6,650,-1,3,4
8,376,326,-1,7,635,-3,3,632,-3,1,545,0,2,607,-2,2,407,-1,5,438,1,6,650,-1,3,5,8,384,330,-1,7,637,-3,3,636,-3,1,545,0,2,610,-2,2,409,-1,5,431,1,6,652,-1,3,1,8,384,328,-1,7,636,-3,3,636,-3,1,544,0,2,610,-2,2,406,-1,5,426,1,6,650,-1,3,4,8,392,333,-1,7,638,-3,3,640,-3,1,544,0,2,614,-2,2,409,-1,5,419,1,6,652,-1,3,1
8,384,330,-1,7,637,-3,3,636,-3,1,545,0,2,610,-2,2,409,-1,5,431,1,6,652,-1,3,1,8,384,328,-1,7,636,-3,3,636,-3,1,544,0,2,610,-2,2,406,-1,5,426,1,6,650,-1,3,4,8,392,333,-1,7,638,-3,3,640,-3,1,544,0,2,614,-2,2,409,-1,5,419,1,6,652,-1,3,1,-8,384,323,-1,7,633,-3,3,637,-3,1,540,0,2,609,-2,2,400,-1,5,414,1,6,646,-1,3,0
8,384,328,-1,7,636,-3,3,636,-3,1,544,0,2,610,-2,2,406,-1,5,426,1,6,650,-1,3,4,8,392,333,-1,7,638,-3,3,640,-3,1,544,0,2,614,-2,2,409,-1,5,419,1,6,652,-1,3,1,-8,384,323,-1,7,633,-3,3,637,-3,1,540,0,2,609,-2,2,400,-1,5,414,1,6,646,-1,3,0,8,392,329,-1,7,636,-3,3,641,-3,1,540,0,2,613,-2,2,403,-1,5,407,1,6,648,-1,3,1
8,392,333,-1,7,638,-3,3,640,-3,1,544,0,2,614,-2,2,409,-1,5,419,1,6,652,-1,3,1,-8,384,323,-1,7,633,-3,3,637,-3,1,540,0,2,609,-2,2,400,-1,5,414,1,6,646,-1,3,0,8,392,329,-1,7,636,-3,3,641,-3,1,540,0,2,613,-2,2,403,-1,5,407,1,6,648,-1,3,1,8,392,327,-1,7,635,-3,3,641,-3,1,538,0,2,612,-2,2,400,-1,5,401,1,6,646,-1,3,4
-8,384,323,-1,7,633,-3,3,637,-3,1,540,0,2,609,-2,2,400,-1,5,414,1,6,646,-1,3,0,8,392,329,-1,7,636,-3,3,641,-3,1,540,0,2,613,-2,2,403,-1,5,407,1,6,648,-1,3,1,8,392,327,-1,7,635,-3,3,641,-3,1,538,0,2,612,-2,2,400,-1,5,401,1,6,646,-1,3,4,8,400,333,-1,7,637,-3,3,645,-3,1,538,0,2,616,-2,2,403,-1,5,716,1,7,648,-1,3,1
8,392,329,-1,7,636,-3,3,641,-3,1,540,0,2,613,-2,2,403,-1,5,407,1,6,648,-1,3,1,8,392,327,-1,7,635,-3,3,641,-3,1,538,0,2,612,-2,2,400,-1,5,401,1,6,646,-1,3,4,8,400,333,-1,7,637,-3,3,645,-3,1,538,0,2,616,-2,2,403,-1,5,716,1,7,648,-1,3,1,8,400,331,-1,7,636,-3,3,646,-3,1,536,0,2,616,-2,2,401,-1,5,709,1,7,646,-1,3,2
8,392,327,-1,7,635,-3,3,641,-3,1,538,0,2,612,-2,2,400,-1,5,401,1,6,646,-1,3,4,8,400,333,-1,7,637,-3,3,645,-3,1,538,0,2,616,-2,2,403,-1,5,716,1,7,648,-1,3,1,8,400,331,-1,7,636,-3,3,646,-3,1,536,0,2,616,-2,2,401,-1,5,709,1,7,646,-1,3,2,8,408,337,-1,7,640,-3,3,650,-3,1,537,0,2,620,-2,2,404,-1,5,704,1,7,648,-1,3,1
8,400,333,-1,7,637,-3,3,645,-3,1,538,0,2,616,-2,2,403,-1,5,716,1,7,648,-1,3,1,8,400,331,-1,7,636,-3,3,646,-3,1,536,0,2,616,-2,2,401,-1,5,709,1,7,646,-1,3,2,8,408,337,-1,7,640,-3,3,650,-3,1,537,0,2,620,-2,2,404,-1,5,704,1,7,648,-1,3,1,8,408,336,-1,7,639,-3,3,651,-3,1,535,0,2,620,-2,2,402,-1,5,697,1,7,646,-1,3,2
8,400,331,-1,7,636,-3,3,646,-3,1,536,0,2,616,-2,2,401,-1,5,709,1,7,646,-1,3,2,8,408,337,-1,7,640,-3,3,650,-3,1,537,0,2,620,-2,2,404,-1,5,704,1,7,648,-1,3,1,8,408,336,-1,7,639,-3,3,651,-3,1,535,0,2,620,-2,2,402,-1,5,697,1,7,646,-1,3,2,8,416,343,-1,7,642,-3,3,656,-3,1,535,0,2,625,-2,2,405,-1,5,693,1,7,648,-1,3,1
8,408,337,-1,7,640,-3,3,650,-3,1,537,0,2,620,-2,2,404,-1,5,704,1,7,648,-1,3,1,8,408,336,-1,7,639,-3,3,651,-3,1,535,0,2,620,-2,2,402,-1,5,697,1,7,646,-1,3,2,8,416,343,-1,7,642,-3,3,656,-3,1,535,0,2,625,-2,2,405,-1,5,693,1,7,648,-1,3,1,0,416,342,-1,7,641,-3,3,656,-3,1,533,0,2,624,-2,2,403,-1,5,686,1,7,646,-1,3,3
8,408,336,-1,7,639,-3,3,651,-3,1,535,0,2,620,-2,2,402,-1,5,697,1,7,646,-1,3,2,8,416,343,-1,7,642,-3,3,656,-3,1,535,0,2,625,-2,2,405,-1,5,693,1,7,648,-1,3,1,0,416,342,-1,7,641,-3,3,656,-3,1,533,0,2,624,-2,2,403,-1,5,686,1,7,646,-1,3,3,-8,408,334,-1,7,636,-3,3,653,-3,1,529,0,2,619,-2,2,394,-1,5,676,1,7,640,-1,3,0
8,416,343,-1,7,642,-3,3,656,-3,1,535,0,2,625,-2,2,405,-1,5,693,1,7,648,-1,3,1,0,416,342,-1,7,641,-3,3,656,-3,1,533,0,2,624,-2,2,403,-1,5,686,1,7,646,-1,3,3,-8,408,334,-1,7,636,-3,3,653,-3,1,529,0,2,619,-2,2,394,-1,5,676,1,7,640,-1,3,0,-8,408,333,-1,7,635,-3,3,653,-3,1,527,0,2,619,-2,2,392,-1,5,669,1,7,638,-1,3,4
0,416,342,-1,7,641,-3,3,656,-3,1,533,0,2,624,-2,2,403,-1,5,686,1,7,646,-1,3,3,-8,408,334,-1,7,636,-3,3,653,-3,1,529,0,2,619,-2,2,394,-1,5,676,1,7,640,-1,3,0,-8,408,333,-1,7,635,-3,3,653,-3,1,527,0,2,619,-2,2,392,-1,5,669,1,7,638,-1,3,4,-8,400,325,-1,7,630,-3,3,650,-3,1,523,0,2,613,-2,2,383,-1,5,660,1,7,632,-1,3,0
-8,408,334,-1,7,636,-3,3,653,-3,1,529,0,2,619,-2,2,394,-1,5,676,1,7,640,-1,3,0,-8,408,333,-1,7,635,-3,3,653,-3,1,527,0,2,619,-2,2,392,-1,5,669,1,7,638,-1,3,4,-8,400,325,-1,7,630,-3,3,650,-3,1,523,0,2,613,-2,2,383,-1,5,660,1,7,632,-1,3,0,-8,400,325,-1,7,629,-3,3,651,-3,1,521,0,2,613,-2,2,381,-1,5,653,1,7,630,-1,3,5
-8,408,333,-1,7,635,-3,3,653,-3,1,527,0,2,619,-2,2,392,-1,5,669,1,7,638,-1,3,4,-8,400,325,-1,7,630,-3,3,650,-3,1,523,0,2,613,-2,2,383,-1,5,660,1,7,632,-1,3,0,-8,400,325,-1,7,629,-3,3,651,-3,1,521,0,2,613,-2,2,381,-1,5,653,1,7,630,-1,3,5,-8,392,317,-1,7,624,-3,3,647,-3,1,517,0,2,608,-2,2,373,-1,5,644,1,7,623,-1,3,0
-8,400,325,-1,7,630,-3,3,650,-3,1,523,0,2,613,-2,2,383,-1,5,660,1,7,632,-1,3,0,-8,400,325,-1,7,629,-3,3,651,-3,1,521,0,2,613,-2,2,381,-1,5,653,1,7,630,-1,3,5,-8,392,317,-1,7,624,-3,3,647,-3,1,517,0,2,608,-2,2,373,-1,5,644,1,7,623,-1,3,0,-8,392,317,-1,7,623,-3,3,648,-3,1,515,0,2,607,-2,2,370,-1,5,637,1,7,621,-1,3,2
-8,400,325,-1,7,629,-3,3,651,-3,1,521,0,2,613,-2,2,381,-1,5,653,1,7,630,-1,3,5,-8,392,317,-1,7,624,-3,3,647,-3,1,517,0,2,608,-2,2,373,-1,5,644,1,7,623,-1,3,0,-8,392,317,-1,7,623,-3,3,648,-3,1,515,0,2,607,-2,2,370,-1,5,637,1,7,621,-1,3,2,-8,384,309,-1,7,618,-3,3,645,-3,1,511,0,2,602,-2,2,362,-1,5,627,1,7,615,-1,3,0
-8,392,317,-1,7,624,-3,3,647,-3,1,517,0,2,608,-2,2,373,-1,5,644,1,7,623,-1,3,0,-8,392,317,-1,7,623,-3,3,648,-3,1,515,0,2,607,-2,2,370,-1,5,637,1,7,621,-1,3,2,-8,384,309,-1,7,618,-3,3,645,-3,1,511,0,2,602,-2,2,362,-1,5,627,1,7,615,-1,3,0,8,392,317,-1,7,621,-3,3,649,-3,1,511,0,2,607,-2,2,366,-1,5,623,1,7,617,-1,3,1
-8,392,317,-1,7,623,-3,3,648,-3,1,515,0,2,607,-2,2,370,-1,5,637,1,7,621,-1,3,2,-8,384,309,-1,7,618,-3,3,645,-3,1,511,0,2,602,-2,2,362,-1,5,627,1,7,615,-1,3,0,8,392,317,-1,7,621,-3,3,649,-3,1,511,0,2,607,-2,2,366,-1,5,623,1,7,617,-1,3,1,-8,384,310,-1,7,616,-3,3,646,-3,1,507,0,2,601,-2,2,358,-1,5,613,1,7,611,-1,3,0
-8,384,309,-1,7,618,-3,3,645,-3,1,511,0,2,602,-2,2,362,-1,5,627,1,7,615,-1,3,0,8,392,317,-1,7,621,-3,3,649,-3,1,511,0,2,607,-2,2,366,-1,5,623,1,7,617,-1,3,1,-8,384,310,-1,7,616,-3,3,646,-3,1,507,0,2,601,-2,2,358,-1,5,613,1,7,611,-1,3,0,-8,376,302,-1,7,611,-3,3,643,-3,1,503,0,2,596,-2,2,349,-1,5,604,1,7,605,-1,3,0
8,392,317,-1,7,621,-3,3,649,-3,1,511,0,2,607,-2,2,366,-1,5,623,1,7,617,-1,3,1,-8,384,310,-1,7,616,-3,3,646,-3,1,507,0,2,601,-2,2,358,-1,5,613,1,7,611,-1,3,0,-8,376,302,-1,7,611,-3,3,643,-3,1,503,0,2,596,-2,2,349,-1,5,604,1,7,605,-1,3,0,-8,376,303,-1,7,610,-3,3,643,-3,1,501,0,2,596,-2,2,347,-1,5,597,1,7,603,-1,3,4
-8,384,310,-1,7,616,-3,3,646,-3,1,507,0,2,601,-2,2,358,-1,5,613,1,7,611,-1,3,0,-8,376,302,-1,7,611,-3,3,643,-3,1,503,0,2,596,-2,2,349,-1,5,604,1,7,605,-1,3,0,-8,376,303,-1,7,610,-3,3,643,-3,1,501,0,2,596,-2,2,347,-1,5,597,1,7,603,-1,3,4,8,384,312,-1,7,614,-3,3,648,-3,1,501,0,2,601,-2,2,352,-1,5,592,1,7,605,-1,3,1
-8,376,302,-1,7,611,-3,3,643,-3,1,503,0,2,596,-2,2,349,-1,5,604,1,7,605,-1,3,0,-8,376,303,-1,7,610,-3,3,643,-3,1,501,0,2,596,-2,2,347,-1,5,597,1,7,603,-1,3,4,8,384,312,-1,7,614,-3,3,648,-3,1,501,0,2,601,-2,2,352,-1,5,592,1,7,605,-1,3,1,8,384,313,-1,7,613,-3,3,649,-3,1,499,0,2,600,-2,2,350,-1,5,585,1,7,603,-1,3,4
-8,376,303,-1,7,610,-3,3,643,-3,1,501,0,2,596,-2,2,347,-1,5,597,1,7,603,-1,3,4,8,384,312,-1,7,614,-3,3,648,-3,1,501,0,2,601,-2,2,352,-1,5,592,1,7,605,-1,3,1,8,384,313,-1,7,613,-3,3,649,-3,1,499,0,2,600,-2,2,350,-1,5,585,1,7,603,-1,3,4,8,392,322,-1,7,617,-3,3,654,-3,1,500,0,2,605,-2,2,355,-1,5,581,1,7,606,-1,3,1
8,384,312,-1,7,614,-3,3,648,-3,1,501,0,2,601,-2,2,352,-1,5,592,1,7,605,-1,3,1,8,384,313,-1,7,613,-3,3,649,-3,1,499,0,2,600,-2,2,350,-1,5,585,1,7,603,-1,3,4,8,392,322,-1,7,617,-3,3,654,-3,1,500,0,2,605,-2,2,355,-1,5,581,1,7,606,-1,3,1,8,392,729,-1,2,617,-3,3,654,-3,1,498,0,2,605,-2,2,353,-1,5,574,1,7,604,-1,3,4
8,384,313,-1,7,613,-3,3,649,-3,1,499,0,2,600,-2,2,350,-1,5,585,1,7,603,-1,3,4,8,392,322,-1,7,617,-3,3,654,-3,1,500,0,2,605,-2,2,355,-1,5,581,1,7,606,-1,3,1,8,392,729,-1,2,617,-3,3,654,-3,1,498,0,2,605,-2,2,353,-1,5,574,1,7,604,-1,3,4,8,400,731,-1,2,621,-3,3,660,-3,1,498,0,2,610,-2,2,359,-1,5,570,1,7,607,-1,3,1
8,392,322,-1,7,617,-3,3,654,-3,1,500,0,2,605,-2,2,355,-1,5,581,1,7,606,-1,3,1,8,392,729,-1,2,617,-3,3,654,-3,1,498,0,2,605,-2,2,353,-1,5,574,1,7,604,-1,3,4,8,400,731,-1,2,621,-3,3,660,-3,1,498,0,2,610,-2,2,359,-1,5,570,1,7,607,-1,3,1,8,400,730,-1,2,621,-3,3,660,-3,1,496,0,2,610,-2,2,357,-1,5,563,1,7,605,-1,3,4
8,392,729,-1,2,617,-3,3,654,-3,1,498,0,2,605,-2,2,353,-1,5,574,1,7,604,-1,3,4,8,400,731,-1,2,621,-3,3,660,-3,1,498,0,2,610,-2,2,359,-1,5,570,1,7,607,-1,3,1,8,400,730,-1,2,621,-3,3,660,-3,1,496,0,2,610,-2,2,357,-1,5,563,1,7,605,-1,3,4,-8,392,725,-1,2,615,-3,3,657,-3,1,492,0,2,604,-2,2,349,-1,5,553,1,7,598,-1,3,0
8,400,731,-1,2,621,-3,3,660,-3,1,498,0,2,610,-2,2,359,-1,5,570,1,7,607,-1,3,1,8,400,730,-1,2,621,-3,3,660,-3,1,496,0,2,610,-2,2,357,-1,5,563,1,7,605,-1,3,4,-8,392,725,-1,2,615,-3,3,657,-3,1,492,0,2,604,-2,2,349,-1,5,553,1,7,598,-1,3,0,-8,392,724,-1,2,615,-3,3,658,-3,1,490,0,2,604,-2,2,347,-1,5,546,1,7,597,-1,3,4
8,400,730,-1,2,621,-3,3,660,-3,1,496,0,2,610,-2,2,357,-1,5,563,1,7,605,-1,3,4,-8,392,725,-1,2,615,-3,3,657,-3,1,492,0,2,604,-2,2,349,-1,5,553,1,7,598,-1,3,0,-8,392,724,-1,2,615,-3,3,658,-3,1,490,0,2,604,-2,2,347,-1,5,546,1,7,597,-1,3,4,8,400,726,-1,2,620,-3,3,663,-3,1,490,0,2,609,-2,2,353,-1,5,542,1,7,600,-1,3,1
-8,392,725,-1,2,615,-3,3,657,-3,1,492,0,2,604,-2,2,349,-1,5,553,1,7,598,-1,3,0,-8,392,724,-1,2,615,-3,3,658,-3,1,490,0,2,604,-2,2,347,-1,5,546,1,7,597,-1,3,4,8,400,726,-1,2,620,-3,3,663,-3,1,490,0,2,609,-2,2,353,-1,5,542,1,7,600,-1,3,1,8,400,724,-1,2,619,-3,3,664,-3,1,489,0,2,609,-2,2,352,-1,5,535,1,7,598,-1,3,5
-8,392,724,-1,2,615,-3,3,658,-3,1,490,0,2,604,-2,2,347,-1,5,546,1,7,597,-1,3,4,8,400,726,-1,2,620,-3,3,663,-3,1,490,0,2,609,-2,2,353,-1,5,542,1,7,600,-1,3,1,8,400,724,-1,2,619,-3,3,664,-3,1,489,0,2,609,-2,2,352,-1,5,535,1,7,598,-1,3,5,-8,392,720,-1,2,614,-3,3,660,-3,1,484,0,2,604,-2,2,344,-1,5,525,1,7,591,-1,3,0
8,400,726,-1,2,620,-3,3,663,-3,1,490,0,2,609,-2,2,353,-1,5,542,1,7,600,-1,3,1,8,400,724,-1,2,619,-3,3,664,-3,1,489,0,2,609,-2,2,352,-1,5,535,1,7,598,-1,3,5,-8,392,720,-1,2,614,-3,3,660,-3,1,484,0,2,604,-2,2,344,-1,5,525,1,7,591,-1,3,0,-8,392,718,-1,2,613,-3,3,661,-3,1,482,0,2,604,-2,2,343,-1,5,518,1,7,589,-1,3,5
8,400,724,-1,2,619,-3,3,664,-3,1,489,0,2,609,-2,2,352,-1,5,535,1,7,598,-1,3,5,-8,392,720,-1,2,614,-3,3,660,-3,1,484,0,2,604,-2,2,344,-1,5,525,1,7,591,-1,3,0,-8,392,718,-1,2,613,-3,3,661,-3,1,482,0,2,604,-2,2,343,-1,5,518,1,7,589,-1,3,5,-8,392,717,-1,2,613,-3,3,662,-3,1,480,0,2,604,-2,2,342,-1,5,512,1,7,588,-1,3,2
-8,392,720,-1,2,614,-3,3,660,-3,1,484,0,2,604,-2,2,344,-1,5,525,1,7,591,-1,3,0,-8,392,718,-1,2,613,-3,3,661,-3,1,482,0,2,604,-2,2,343,-1,5,518,1,7,589,-1,3,5,-8,392,717,-1,2,613,-3,3,662,-3,1,480,0,2,604,-2,2,342,-1,5,512,1,7,588,-1,3,2,-8,392,716,-1,2,613,-3,3,663,-3,1,478,0,2,603,-2,2,341,-1,5,505,1,7,586,-1,3,5
-8,392,718,-1,2,613,-3,3,661,-3,1,482,0,2,604,-2,2,343,-1,5,518,1,7,589,-1,3,5,-8,392,717,-1,2,613,-3,3,662,-3,1,480,0,2,604,-2,2,342,-1,5,512,1,7,588,-1,3,2,-8,392,716,-1,2,613,-3,3,663,-3,1,478,0,2,603,-2,2,341,-1,5,505,1,7,586,-1,3,5,-8,392,714,-1,2,613,-3,3,664,-3,1,477,0,2,603,-2,2,340,-1,5,498,1,7,584,-1,3,5
-8,392,717,-1,2,613,-3,3,662,-3,1,480,0,2,604,-2,2,342,-1,5,512,1,7,588,-1,3,2,-8,392,716,-1,2,613,-3,3,663,-3,1,478,0,2,603,-2,2,341,-1,5,505,1,7,586,-1,3,5,-8,392,714,-1,2,613,-3,3,664,-3,1,477,0,2,603,-2,2,340,-1,5,498,1,7,584,-1,3,5,-8,392,713,-1,2,612,-3,3,665,-3,1,475,0,2,732,-2,1,339,-1,5,491,1,7,582,-1,3,5
-8,392,716,-1,2,613,-3,3,663,-3,1,478,0,2,603,-2,2,341,-1,5,505,1,7,586,-1,3,5,-8,392,714,-1,2,613,-3,3,664,-3,1,477,0,2,603,-2,2,340,-1,5,498,1,7,584,-1,3,5,-8,392,713,-1,2,612,-3,3,665,-3,1,475,0,2,732,-2,1,339,-1,5,491,1,7,582,-1,3,5,-8,392,712,-1,2,612,-3,3,666,-3,1,473,0,2,732,-2,1,338,-1,5,484,1,7,581,-1,3,4
-8,392,714,-1,2,613,-3,3,664,-3,1,477,0,2,603,-2,2,340,-1,5,498,1,7,584,-1,3,5,-8,392,713,-1,2,612,-3,3,665,-3,1,475,0,2,732,-2,1,339,-1,5,491,1,7,582,-1,3,5,-8,392,712,-1,2,612,-3,3,666,-3,1,473,0,2,732,-2,1,338,-1,5,484,1,7,581,-1,3,4,-8,392,710,-1,2,746,-3,1,667,-3,1,471,0,2,732,-2,1,338,-1,5,477,1,7,579,-1,3,5
-8,392,713,-1,2,612,-3,3,665,-3,1,475,0,2,732,-2,1,339,-1,5,491,1,7,582,-1,3,5,-8,392,712,-1,2,612,-3,3,666,-3,1,473,0,2,732,-2,1,338,-1,5,484,1,7,581,-1,3,4,-8,392,710,-1,2,746,-3,1,667,-3,1,471,0,2,732,-2,1,338,-1,5,477,1,7,579,-1,3,5,-8,392,709,-1,2,747,-3,1,668,-3,1,469,0,2,732,-2,1,337,-1,5,470,1,7,577,-1,3,4
-8,392,712,-1,2,612,-3,3,666,-3,1,473,0,2,732,-2,1,338,-1,5,484,1,7,581,-1,3,4,-8,392,710,-1,2,746,-3,1,667,-3,1,471,0,2,732,-2,1,338,-1,5,477,1,7,579,-1,3,5,-8,392,709,-1,2,747,-3,1,668,-3,1,469,0,2,732,-2,1,337,-1,5,470,1,7,577,-1,3,4,-8,392,708,-1,2,747,-3,1,669,-3,1,467,0,2,732,-2,1,337,-1,5,463,1,7,576,-1,3,2
-8,392,710,-1,2,746,-3,1,667,-3,1,471,0,2,732,-2,1,338,-1,5,477,1,7,579,-1,3,5,-8,392,709,-1,2,747,-3,1,668,-3,1,469,0,2,732,-2,1,337,-1,5,470,1,7,577,-1,3,4,-8,392,708,-1,2,747,-3,1,669,-3,1,467,0,2,732,-2,1,337,-1,5,463,1,7,576,-1,3,2,-8,392,706,-1,2,747,-3,1,670,-3,1,465,0,2,732,-2,1,336,-1,5,456,1,7,574,-1,3,5
-8,392,709,-1,2,747,-3,1,668,-3,1,469,0,2,732,-2,1,337,-1,5,470,1,7,577,-1,3,4,-8,392,708,-1,2,747,-3,1,669,-3,1,467,0,2,732,-2,1,337,-1,5,463,1,7,576,-1,3,2,-8,392,706,-1,2,747,-3,1,670,-3,1,465,0,2,732,-2,1,336,-1,5,456,1,7,574,-1,3,5,-8,392,705,-1,2,747,-3,1,671,-3,1,463,0,2,732,-2,1,336,-1,5,449,1,7,572,-1,3,2
-8,392,708,-1,2,747,-3,1,669,-3,1,467,0,2,732,-2,1,337,-1,5,463,1,7,576,-1,3,2,-8,392,706,-1,2,747,-3,1,670,-3,1,465,0,2,732,-2,1,336,-1,5,456,1,7,574,-1,3,5,-8,392,705,-1,2,747,-3,1,671,-3,1,463,0,2,732,-2,1,336,-1,5,449,1,7,572,-1,3,2,-8,392,704,-1,2,748,-3,1,672,-3,1,461,0,2,732,-2,1,336,-1,5,443,1,7,571,-1,3,5
-8,392,706,-1,2,747,-3,1,670,-3,1,465,0,2,732,-2,1,336,-1,5,456,1,7,574,-1,3,5,-8,392,705,-1,2,747,-3,1,671,-3,1,463,0,2,732,-2,1,336,-1,5,449,1,7,572,-1,3,2,-8,392,704,-1,2,748,-3,1,672,-3,1,461,0,2,732,-2,1,336,-1,5,443,1,7,571,-1,3,5,-8,392,702,-1,2,748,-3,1,673,-3,1,459,0,2,732,-2,1,335,-1,5,436,1,7,569,-1,3,2
-8,392,705,-1,2,747,-3,1,671,-3,1,463,0,2,732,-2,1,336,-1,5,449,1,7,572,-1,3,2,-8,392,704,-1,2,748,-3,1,672,-3,1,461,0,2,732,-2,1,336,-1,5,443,1,7,571,-1,3,5,-8,392,702,-1,2,748,-3,1,673,-3,1,459,0,2,732,-2,1,335,-1,5,436,1,7,569,-1,3,2,-8,384,697,-1,2,745,-3,1,669,-3,1,455,0,2,728,-2,1,328,-1,5,426,1,7,562,-1,3,0
-8,392,704,-1,2,748,-3,1,672,-3,1,461,0,2,732,-2,1,336,-1,5,443,1,7,571,-1,3,5,-8,392,702,-1,2,748,-3,1,673,-3,1,459,0,2,732,-2,1,335,-1,5,436,1,7,569,-1,3,2,-8,384,697,-1,2,745,-3,1,669,-3,1,455,0,2,728,-2,1,328,-1,5,426,1,7,562,-1,3,0,-8,384,696,-1,2,745,-3,1,722,-3,5,453,0,2,728,-2,1,328,-1,5,419,1,7,560,-1,3,2
-8,392,702,-1,2,748,-3,1,673,-3,1,459,0,2,732,-2,1,335,-1,5,436,1,7,569,-1,3,2,-8,384,697,-1,2,745,-3,1,669,-3,1,455,0,2,728,-2,1,328,-1,5,426,1,7,562,-1,3,0,-8,384,696,-1,2,745,-3,1,722,-3,5,453,0,2,728,-2,1,328,-1,5,419,1,7,560,-1,3,2,-8,384,695,-1,2,746,-3,1,719,-3,5,451,0,2,728,-2,1,328,-1,5,412,1,7,559,-1,3,2
-8,384,697,-1,2,745,-3,1,669,-3,1,455,0,2,728,-2,1,328,-1,5,426,1,7,562,-1,3,0,-8,384,696,-1,2,745,-3,1,722,-3,5,453,0,2,728,-2,1,328,-1,5,419,1,7,560,-1,3,2,-8,384,695,-1,2,746,-3,1,719,-3,5,451,0,2,728,-2,1,328,-1,5,412,1,7,559,-1,3,2,-8,384,693,-1,2,746,-3,1,716,-3,5,449,0,2,728,-2,1,328,-1,5,405,1,7,557,-1,3,2
-8,384,696,-1,2,745,-3,1,722,-3,5,453,0,2,728,-2,1,328,-1,5,419,1,7,560,-1,3,2,-8,384,695,-1,2,746,-3,1,719,-3,5,451,0,2,728,-2,1,328,-1,5,412,1,7,559,-1,3,2,-8,384,693,-1,2,746,-3,1,716,-3,5,449,0,2,728,-2,1,328,-1,5,405,1,7,557,-1,3,2,-8,384,692,-1,2,746,-3,1,712,-3,5,447,0,2,728,-2,1,328,-1,5,398,1,7,556,-1,3,5
-8,384,695,-1,2,746,-3,1,719,-3,5,451,0,2,728,-2,1,328,-1,5,412,1,7,559,-1,3,2,-8,384,693,-1,2,746,-3,1,716,-3,5,449,0,2,728,-2,1,328,-1,5,405,1,7,557,-1,3,2,-8,384,692,-1,2,746,-3,1,712,-3,5,447,0,2,728,-2,1,328,-1,5,398,1,7,556,-1,3,5,-8,376,687,-1,2,743,-3,1,706,-3,5,443,0,2,724,-2,1,320,-1,5,388,1,7,549,-1,3,0
-8,384,693,-1,2,746,-3,1,716,-3,5,449,0,2,728,-2,1,328,-1,5,405,1,7,557,-1,3,2,-8,384,692,-1,2,746,-3,1,712,-3,5,447,0,2,728,-2,1,328,-1,5,398,1,7,556,-1,3,5,-8,376,687,-1,2,743,-3,1,706,-3,5,443,0,2,724,-2,1,320,-1,5,388,1,7,549,-1,3,0,-8,376,686,-1,2,744,-3,1,702,-3,5,441,0,2,725,-2,1,321,-1,5,382,1,7,547,-1,3,4
-8,384,692,-1,2,746,-3,1,712,-3,5,447,0,2,728,-2,1,328,-1,5,398,1,7,556,-1,3,5,-8,376,687,-1,2,743,-3,1,706,-3,5,443,0,2,724,-2,1,320,-1,5,388,1,7,549,-1,3,0,-8,376,686,-1,2,744,-3,1,702,-3,5,441,0,2,725,-2,1,321,-1,5,382,1,7,547,-1,3,4,-8,368,681,-1,2,741,-3,1,696,-3,5,437,0,2,721,-2,1,313,-1,5,372,1,7,540,-1,3,0
-8,376,687,-1,2,743,-3,1,706,-3,5,443,0,2,724,-2,1,320,-1,5,388,1,7,549,-1,3,0,-8,376,686,-1,2,744,-3,1,702,-3,5,441,0,2,725,-2,1,321,-1,5,382,1,7,547,-1,3,4,-8,368,681,-1,2,741,-3,1,696,-3,5,437,0,2,721,-2,1,313,-1,5,372,1,7,540,-1,3,0,-8,368,679,-1,2,741,-3,1,693,-3,5,435,0,2,721,-2,1,313,-1,5,365,1,7,539,-1,3,2
-8,376,686,-1,2,744,-3,1,702,-3,5,441,0,2,725,-2,1,321,-1,5,382,1,7,547,-1,3,4,-8,368,681,-1,2,741,-3,1,696,-3,5,437,0,2,721,-2,1,313,-1,5,372,1,7,540,-1,3,0,-8,368,679,-1,2,741,-3,1,693,-3,5,435,0,2,721,-2,1,313,-1,5,365,1,7,539,-1,3,2,-8,360,674,-1,2,738,-3,1,686,-3,5,431,0,2,717,-2,1,306,-1,5,355,1,7,532,-1,3,0
-8,368,681,-1,2,741,-3,1,696,-3,5,437,0,2,721,-2,1,313,-1,5,372,1,7,540,-1,3,0,-8,368,679,-1,2,741,-3,1,693,-3,5,435,0,2,721,-2,1,313,-1,5,365,1,7,539,-1,3,2,-8,360,674,-1,2,738,-3,1,686,-3,5,431,0,2,717,-2,1,306,-1,5,355,1,7,532,-1,3,0,-8,360,673,-1,2,738,-3,1,683,-3,5,429,0,2,717,-2,1,307,-1,5,348,1,7,530,-1,3,2
-8,368,679,-1,2,741,-3,1,693,-3,5,435,0,2,721,-2,1,313,-1,5,365,1,7,539,-1,3,2,-8,360,674,-1,2,738,-3,1,686,-3,5,431,0,2,717,-2,1,306,-1,5,355,1,7,532,-1,3,0,-8,360,673,-1,2,738,-3,1,683,-3,5,429,0,2,717,-2,1,307,-1,5,348,1,7,530,-1,3,2,-8,352,668,-1,2,735,-3,1,676,-3,5,425,0,2,714,-2,1,299,-1,5,339,1,7,523,-1,3,0
-8,360,674,-1,2,738,-3,1,686,-3,5,431,0,2,717,-2,1,306,-1,5,355,1,7,532,-1,3,0,-8,360,673,-1,2,738,-3,1,683,-3,5,429,0,2,717,-2,1,307,-1,5,348,1,7,530,-1,3,2,-8,352,668,-1,2,735,-3,1,676,-3,5,425,0,2,714,-2,1,299,-1,5,339,1,7,523,-1,3,0,8,360,670,-1,2,739,-3,1,676,-3,5,425,0,2,717,-2,1,308,-1,5,335,1,7,527,-1,3,1
-8,360,673,-1,2,738,-3,1,683,-3,5,429,0,2,717,-2,1,307,-1,5,348,1,7,530,-1,3,2,-8,352,668,-1,2,735,-3,1,676,-3,5,425,0,2,714,-2,1,299,-1,5,339,1,7,523,-1,3,0,8,360,670,-1,2,739,-3,1,676,-3,5,425,0,2,717,-2,1,308,-1,5,335,1,7,527,-1,3,1,-8,352,665,-1,2,736,-3,1,670,-3,5,421,0,2,714,-2,1,301,-1,5,325,1,7,520,-1,3,0
-8,352,668,-1,2,735,-3,1,676,-3,5,425,0,2,714,-2,1,299,-1,5,339,1,7,523,-1,3,0,8,360,670,-1,2,739,-3,1,676,-3,5,425,0,2,717,-2,1,308,-1,5,335,1,7,527,-1,3,1,-8,352,665,-1,2,736,-3,1,670,-3,5,421,0,2,714,-2,1,301,-1,5,325,1,7,520,-1,3,0,-8,352,664,-1,2,736,-3,1,666,-3,5,419,0,2,714,-2,1,302,-1,5,318,1,7,519,-1,3,2
8,360,670,-1,2,739,-3,1,676,-3,5,425,0,2,717,-2,1,308,-1,5,335,1,7,527,-1,3,1,-8,352,665,-1,2,736,-3,1,670,-3,5,421,0,2,714,-2,1,301,-1,5,325,1,7,520,-1,3,0,-8,352,664,-1,2,736,-3,1,666,-3,5,419,0,2,714,-2,1,302,-1,5,318,1,7,519,-1,3,2,-8,344,659,-1,2,733,-3,1,660,-3,5,415,0,2,710,-2,1,295,-1,5,308,1,7,512,-1,3,0
-8,352,665,-1,2,736,-3,1,670,-3,5,421,0,2,714,-2,1,301,-1,5,325,1,7,520,-1,3,0,-8,352,664,-1,2,736,-3,1,666,-3,5,419,0,2,714,-2,1,302,-1,5,318,1,7,519,-1,3,2,-8,344,659,-1,2,733,-3,1,660,-3,5,415,0,2,710,-2,1,295,-1,5,308,1,7,512,-1,3,0,-8,336,654,-1,2,730,-3,1,653,-3,5,412,0,2,707,-2,1,288,-1,5,299,1,7,505,-1,3,0
-8,352,664,-1,2,736,-3,1,666,-3,5,419,0,2,714,-2,1,302,-1,5,318,1,7,519,-1,3,2,-8,344,659,-1,2,733,-3,1,660,-3,5,415,0,2,710,-2,1,295,-1,5,308,1,7,512,-1,3,0,-8,336,654,-1,2,730,-3,1,653,-3,5,412,0,2,707,-2,1,288,-1,5,299,1,7,505,-1,3,0,-8,328,649,-1,2,727,-3,1,646,-3,5,408,0,2,703,-2,1,281,-1,5,290,1,7,498,-1,3,0
-8,344,659,-1,2,733,-3,1,660,-3,5,415,0,2,710,-2,1,295,-1,5,308,1,7,512,-1,3,0,-8,336,654,-1,2,730,-3,1,653,-3,5,412,0,2,707,-2,1,288,-1,5,299,1,7,505,-1,3,0,-8,328,649,-1,2,727,-3,1,646,-3,5,408,0,2,703,-2,1,281,-1,5,290,1,7,498,-1,3,0,-8,320,645,-1,2,725,-3,1,640,-3,5,405,0,2,700,-2,1,275,-1,5,280,1,7,491,-1,3,0
-8,336,654,-1,2,730,-3,1,653,-3,5,412,0,2,707,-2,1,288,-1,5,299,1,7,505,-1,3,0,-8,328,649,-1,2,727,-3,1,646,-3,5,408,0,2,703,-2,1,281,-1,5,290,1,7,498,-1,3,0,-8,320,645,-1,2,725,-3,1,640,-3,5,405,0,2,700,-2,1,275,-1,5,280,1,7,491,-1,3,0,-8,312,640,-1,2,722,-3,1,633,-3,5,401,0,2,696,-2,1,715,-1,6,271,1,7,484,-1,3,0
-8,328,649,-1,2,727,-3,1,646,-3,5,408,0,2,703,-2,1,281,-1,5,290,1,7,498,-1,3,0,-8,320,645,-1,2,725,-3,1,640,-3,5,405,0,2,700,-2,1,275,-1,5,280,1,7,491,-1,3,0,-8,312,640,-1,2,722,-3,1,633,-3,5,401,0,2,696,-2,1,715,-1,6,271,1,7,484,-1,3,0,8,320,642,-1,2,725,-3,1,633,-3,5,401,0,2,700,-2,1,712,-1,6,266,1,7,488,-1,3,1
-8,320,645,-1,2,725,-3,1,640,-3,5,405,0,2,700,-2,1,275,-1,5,280,1,7,491,-1,3,0,-8,312,640,-1,2,722,-3,1,633,-3,5,401,0,2,696,-2,1,715,-1,6,271,1,7,484,-1,3,0,8,320,642,-1,2,725,-3,1,633,-3,5,401,0,2,700,-2,1,712,-1,6,266,1,7,488,-1,3,1,-8,312,637,-1,2,722,-3,1,627,-3,5,397,0,2,696,-2,1,704,-1,6,257,1,7,481,-1,3,0
-8,312,640,-1,2,722,-3,1,633,-3,5,401,0,2,696,-2,1,715,-1,6,271,1,7,484,-1,3,0,8,320,642,-1,2,725,-3,1,633,-3,5,401,0,2,700,-2,1,712,-1,6,266,1,7,488,-1,3,1,-8,312,637,-1,2,722,-3,1,627,-3,5,397,0,2,696,-2,1,704,-1,6,257,1,7,481,-1,3,0,-8,312,636,-1,2,723,-3,1,623,-3,5,395,0,2,696,-2,1,699,-1,6,250,1,7,479,-1,3,2
8,320,642,-1,2,725,-3,1,633,-3,5,401,0,2,700,-2,1,712,-1,6,266,1,7,488,-1,3,1,-8,312,637,-1,2,722,-3,1,627,-3,5,397,0,2,696,-2,1,704,-1,6,257,1,7,481,-1,3,0,-8,312,636,-1,2,723,-3,1,623,-3,5,395,0,2,696,-2,1,699,-1,6,250,1,7,479,-1,3,2,-8,304,631,-1,2,720,-3,1,617,-3,5,392,0,2,693,-2,1,691,-1,6,241,1,7,473,-1,3,0
-8,312,637,-1,2,722,-3,1,627,-3,5,397,0,2,696,-2,1,704,-1,6,257,1,7,481,-1,3,0,-8,312,636,-1,2,723,-3,1,623,-3,5,395,0,2,696,-2,1,699,-1,6,250,1,7,479,-1,3,2,-8,304,631,-1,2,720,-3,1,617,-3,5,392,0,2,693,-2,1,691,-1,6,241,1,7,473,-1,3,0,-8,304,630,-1,2,720,-3,1,614,-3,5,390,0,2,693,-2,1,685,-1,6,234,1,7,471,-1,3,4
-8,312,636,-1,2,723,-3,1,623,-3,5,395,0,2,696,-2,1,699,-1,6,250,1,7,479,-1,3,2,-8,304,631,-1,2,720,-3,1,617,-3,5,392,0,2,693,-2,1,691,-1,6,241,1,7,473,-1,3,0,-8,304,630,-1,2,720,-3,1,614,-3,5,390,0,2,693,-2,1,685,-1,6,234,1,7,471,-1,3,4,8,312,632,-1,2,724,-3,1,614,-3,5,389,0,2,696,-2,1,682,-1,6,229,1,7,475,-1,3,1
-8,304,631,-1,2,720,-3,1,617,-3,5,392,0,2,693,-2,1,691,-1,6,241,1,7,473,-1,3,0,-8,304,630,-1,2,720,-3,1,614,-3,5,390,0,2,693,-2,1,685,-1,6,234,1,7,471,-1,3,4,8,312,632,-1,2,724,-3,1,614,-3,5,389,0,2,696,-2,1,682,-1,6,229,1,7,475,-1,3,1,-8,304,627,-1,2,721,-3,1,607,-3,5,386,0,2,692,-2,1,675,-1,6,220,1,7,468,-1,3,0
-8,304,630,-1,2,720,-3,1,614,-3,5,390,0,2,693,-2,1,685,-1,6,234,1,7,471,-1,3,4,8,312,632,-1,2,724,-3,1,614,-3,5,389,0,2,696,-2,1,682,-1,6,229,1,7,475,-1,3,1,-8,304,627,-1,2,721,-3,1,607,-3,5,386,0,2,692,-2,1,675,-1,6,220,1,7,468,-1,3,0,8,312,629,-1,2,724,-3,1,608,-3,5,386,0,2,696,-2,1,672,-1,6,215,1,7,471,-1,3,1
8,312,632,-1,2,724,-3,1,614,-3,5,389,0,2,696,-2,1,682,-1,6,229,1,7,475,-1,3,1,-8,304,627,-1,2,721,-3,1,607,-3,5,386,0,2,692,-2,1,675,-1,6,220,1,7,468,-1,3,0,8,312,629,-1,2,724,-3,1,608,-3,5,386,0,2,696,-2,1,672,-1,6,215,1,7,471,-1,3,1,8,312,627,-1,2,725,-3,1,605,-3,5,384,0,2,696,-2,1,666,-1,6,208,1,7,470,-1,3,5
-8,304,627,-1,2,721,-3,1,607,-3,5,386,0,2,692,-2,1,675,-1,6,220,1,7,468,-1,3,0,8,312,629,-1,2,724,-3,1,608,-3,5,386,0,2,696,-2,1,672,-1,6,215,1,7,471,-1,3,1,8,312,627,-1,2,725,-3,1,605,-3,5,384,0,2,696,-2,1,666,-1,6,208,1,7,470,-1,3,5,8,320,630,-1,2,729,-3,1,607,-3,5,383,0,2,699,-2,1,664,-1,6,474,-1,3,655,1,2,1
8,312,629,-1,2,724,-3,1,608,-3,5,386,0,2,696,-2,1,672,-1,6,215,1,7,471,-1,3,1,8,312,627,-1,2,725,-3,1,605,-3,5,384,0,2,696,-2,1,666,-1,6,208,1,7,470,-1,3,5,8,320,630,-1,2,729,-3,1,607,-3,5,383,0,2,699,-2,1,664,-1,6,474,-1,3,655,1,2,1,8,320,628,-1,2,729,-3,1,604,-3,5,381,0,2,700,-2,1,659,-1,6,472,-1,3,639,-1,2,2
8,312,627,-1,2,725,-3,1,605,-3,5,384,0,2,696,-2,1,666,-1,6,208,1,7,470,-1,3,5,8,320,630,-1,2,729,-3,1,607,-3,5,383,0,2,699,-2,1,664,-1,6,474,-1,3,655,1,2,1,8,320,628,-1,2,729,-3,1,604,-3,5,381,0,2,700,-2,1,659,-1,6,472,-1,3,639,-1,2,2,8,328,631,-1,2,733,-3,1,605,-3,5,381,0,2,703,-2,1,656,-1,6,477,-1,3,637,-1,2,1
8,320,630,-1,2,729,-3,1,607,-3,5,383,0,2,699,-2,1,664,-1,6,474,-1,3,655,1,2,1,8,320,628,-1,2,729,-3,1,604,-3,5,381,0,2,700,-2,1,659,-1,6,472,-1,3,639,-1,2,2,8,328,631,-1,2,733,-3,1,605,-3,5,381,0,2,703,-2,1,656,-1,6,477,-1,3,637,-1,2,1,8,328,629,-1,2,734,-3,1,603,-3,5,379,0,2,703,-2,1,651,-1,6,475,-1,3,635,-1,2,5
8,320,628,-1,2,729,-3,1,604,-3,5,381,0,2,700,-2,1,659,-1,6,472,-1,3,639,-1,2,2,8,328,631,-1,2,733,-3,1,605,-3,5,381,0,2,703,-2,1,656,-1,6,477,-1,3,637,-1,2,1,8,328,629,-1,2,734,-3,1,603,-3,5,379,0,2,703,-2,1,651,-1,6,475,-1,3,635,-1,2,5,8,336,632,-1,2,738,-3,1,605,-3,5,379,0,2,707,-2,1,649,-1,6,480,-1,3,633,-1,2,1
8,328,631,-1,2,733,-3,1,605,-3,5,381,0,2,703,-2,1,656,-1,6,477,-1,3,637,-1,2,1,8,328,629,-1,2,734,-3,1,603,-3,5,379,0,2,703,-2,1,651,-1,6,475,-1,3,635,-1,2,5,8,336,632,-1,2,738,-3,1,605,-3,5,379,0,2,707,-2,1,649,-1,6,480,-1,3,633,-1,2,1,-8,328,627,-1,2,735,-3,1,598,-3,5,375,0,2,704,-2,1,641,-1,6,472,-1,3,631,-1,2,0
8,328,629,-1,2,734,-3,1,603,-3,5,379,0,2,703,-2,1,651,-1,6,475,-1,3,635,-1,2,5,8,336,632,-1,2,738,-3,1,605,-3,5,379,0,2,707,-2,1,649,-1,6,480,-1,3,633,-1,2,1,-8,328,627,-1,2,735,-3,1,598,-3,5,375,0,2,704,-2,1,641,-1,6,472,-1,3,631,-1,2,0,-8,328,626,-1,2,735,-3,1,595,-3,5,373,0,2,704,-2,1,636,-1,6,471,-1,3,629,-1,2,2
8,336,632,-1,2,738,-3,1,605,-3,5,379,0,2,707,-2,1,649,-1,6,480,-1,3,633,-1,2,1,-8,328,627,-1,2,735,-3,1,598,-3,5,375,0,2,704,-2,1,641,-1,6,472,-1,3,631,-1,2,0,-8,328,626,-1,2,735,-3,1,595,-3,5,373,0,2,704,-2,1,636,-1,6,471,-1,3,629,-1,2,2,8,336,628,-1,2,740,-3,1,597,-3,5,373,0,2,708,-2,1,634,-1,6,476,-1,3,627,-1,2,1
-8,328,627,-1,2,735,-3,1,598,-3,5,375,0,2,704,-2,1,641,-1,6,472,-1,3,631,-1,2,0,-8,328,626,-1,2,735,-3,1,595,-3,5,373,0,2,704,-2,1,636,-1,6,471,-1,3,629,-1,2,2,8,336,628,-1,2,740,-3,1,597,-3,5,373,0,2,708,-2,1,634,-1,6,476,-1,3,627,-1,2,1,8,336,627,-1,2,684,-3,6,595,-3,5,371,0,2,708,-2,1,628,-1,6,474,-1,3,625,-1,2,2
-8,328,626,-1,2,735,-3,1,595,-3,5,373,0,2,704,-2,1,636,-1,6,471,-1,3,629,-1,2,2,8,336,628,-1,2,740,-3,1,597,-3,5,373,0,2,708,-2,1,634,-1,6,476,-1,3,627,-1,2,1,8,336,627,-1,2,684,-3,6,595,-3,5,371,0,2,708,-2,1,628,-1,6,474,-1,3,625,-1,2,2,0,336,626,-1,2,680,-3,6,593,-3,5,369,0,2,708,-2,1,623,-1,6,473,-1,3,623,-1,2,3
8,336,628,-1,2,740,-3,1,597,-3,5,373,0,2,708,-2,1,634,-1,6,476,-1,3,627,-1,2,1,8,336,627,-1,2,684,-3,6,595,-3,5,371,0,2,708,-2,1,628,-1,6,474,-1,3,625,-1,2,2,0,336,626,-1,2,680,-3,6,593,-3,5,369,0,2,708,-2,1,623,-1,6,473,-1,3,623,-1,2,3,0,336,624,-1,2,675,-3,6,591,-3,5,367,0,2,708,-2,1,618,-1,6,472,-1,3,621,-1,2,2
8,336,627,-1,2,684,-3,6,595,-3,5,371,0,2,708,-2,1,628,-1,6,474,-1,3,625,-1,2,2,0,336,626,-1,2,680,-3,6,593,-3,5,369,0,2,708,-2,1,623,-1,6,473,-1,3,623,-1,2,3,0,336,624,-1,2,675,-3,6,591,-3,5,367,0,2,708,-2,1,618,-1,6,472,-1,3,621,-1,2,2,0,336,623,-1,2,670,-3,6,588,-3,5,365,0,2,708,-2,1,613,-1,6,471,-1,3,619,-1,2,5
0,336,626,-1,2,680,-3,6,593,-3,5,369,0,2,708,-2,1,623,-1,6,473,-1,3,623,-1,2,3,0,336,624,-1,2,675,-3,6,591,-3,5,367,0,2,708,-2,1,618,-1,6,472,-1,3,621,-1,2,2,0,336,623,-1,2,670,-3,6,588,-3,5,365,0,2,708,-2,1,613,-1,6,471,-1,3,619,-1,2,5,0,336,622,-1,2,666,-3,6,586,-3,5,363,0,2,708,-2,1,608,-1,6,469,-1,3,617,-1,2,2
0,336,624,-1,2,675,-3,6,591,-3,5,367,0,2,708,-2,1,618,-1,6,472,-1,3,621,-1,2,2,0,336,623,-1,2,670,-3,6,588,-3,5,365,0,2,708,-2,1,613,-1,6,471,-1,3,619,-1,2,5,0,336,622,-1,2,666,-3,6,586,-3,5,363,0,2,708,-2,1,608,-1,6,469,-1,3,617,-1,2,2,0,336,621,-1,2,661,-3,6,705,-3,6,361,0,2,700,-2,2,603,-1,6,468,-1,3,615,-1,2,2
0,336,623,-1,2,670,-3,6,588,-3,5,365,0,2,708,-2,1,613,-1,6,471,-1,3,619,-1,2,5,0,336,622,-1,2,666,-3,6,586,-3,5,363,0,2,708,-2,1,608,-1,6,469,-1,3,617,-1,2,2,0,336,621,-1,2,661,-3,6,705,-3,6,361,0,2,700,-2,2,603,-1,6,468,-1,3,615,-1,2,2,0,336,619,-1,2,657,-3,6,700,-3,6,359,0,2,699,-2,2,598,-1,6,467,-1,3,613,-1,2,2
0,336,622,-1,2,666,-3,6,586,-3,5,363,0,2,708,-2,1,608,-1,6,469,-1,3,617,-1,2,2,0,336,621,-1,2,661,-3,6,705,-3,6,361,0,2,700,-2,2,603,-1,6,468,-1,3,615,-1,2,2,0,336,619,-1,2,657,-3,6,700,-3,6,359,0,2,699,-2,2,598,-1,6,467,-1,3,613,-1,2,2,0,336,618,-1,2,652,-3,6,695,-3,6,357,0,2,698,-2,2,593,-1,6,466,-1,3,611,-1,2,5
0,336,621,-1,2,661,-3,6,705,-3,6,361,0,2,700,-2,2,603,-1,6,468,-1,3,615,-1,2,2,0,336,619,-1,2,657,-3,6,700,-3,6,359,0,2,699,-2,2,598,-1,6,467,-1,3,613,-1,2,2,0,336,618,-1,2,652,-3,6,695,-3,6,357,0,2,698,-2,2,593,-1,6,466,-1,3,611,-1,2,5,8,344,621,-1,2,651,-3,6,693,-3,6,357,0,2,700,-2,2,592,-1,6,471,-1,3,609,-1,2,1
0,336,619,-1,2,657,-3,6,700,-3,6,359,0,2,699,-2,2,598,-1,6,467,-1,3,613,-1,2,2,0,336,618,-1,2,652,-3,6,695,-3,6,357,0,2,698,-2,2,593,-1,6,466,-1,3,611,-1,2,5,8,344,621,-1,2,651,-3,6,693,-3,6,357,0,2,700,-2,2,592,-1,6,471,-1,3,609,-1,2,1,8,344,620,-1,2,647,-3,6,688,-3,6,355,0,2,699,-2,2,587,-1,6,470,-1,3,607,-1,2,5
0,336,618,-1,2,652,-3,6,695,-3,6,357,0,2,698,-2,2,593,-1,6,466,-1,3,611,-1,2,5,8,344,621,-1,2,651,-3,6,693,-3,6,357,0,2,700,-2,2,592,-1,6,471,-1,3,609,-1,2,1,8,344,620,-1,2,647,-3,6,688,-3,6,355,0,2,699,-2,2,587,-1,6,470,-1,3,607,-1,2,5,8,352,623,-1,2,646,-3,6,686,-3,6,356,0,2,701,-2,2,586,-1,6,475,-1,3,606,-1,2,1
8,344,621,-1,2,651,-3,6,693,-3,6,357,0,2,700,-2,2,592,-1,6,471,-1,3,609,-1,2,1,8,344,620,-1,2,647,-3,6,688,-3,6,355,0,2,699,-2,2,587,-1,6,470,-1,3,607,-1,2,5,8,352,623,-1,2,646,-3,6,686,-3,6,356,0,2,701,-2,2,586,-1,6,475,-1,3,606,-1,2,1,8,352,622,-1,2,642,-3,6,681,-3,6,354,0,2,700,-2,2,582,-1,6,604,-1,2,641,1,4,5
8,344,620,-1,2,647,-3,6,688,-3,6,355,0,2,699,-2,2,587,-1,6,470,-1,3,607,-1,2,5,8,352,623,-1,2,646,-3,6,686,-3,6,356,0,2,701,-2,2,586,-1,6,475,-1,3,606,-1,2,1,8,352,622,-1,2,642,-3,6,681,-3,6,354,0,2,700,-2,2,582,-1,6,604,-1,2,641,1,4,5,8,360,625,-1,2,641,-3,6,679,-3,6,354,0,2,702,-2,2,581,-1,6,602,-1,2,637,1,4,1
8,352,623,-1,2,646,-3,6,686,-3,6,356,0,2,701,-2,2,586,-1,6,475,-1,3,606,-1,2,1,8,352,622,-1,2,642,-3,6,681,-3,6,354,0,2,700,-2,2,582,-1,6,604,-1,2,641,1,4,5,8,360,625,-1,2,641,-3,6,679,-3,6,354,0,2,702,-2,2,581,-1,6,602,-1,2,637,1,4,1,8,360,624,-1,2,637,-3,6,674,-3,6,353,0,2,701,-2,2,576,-1,6,600,-1,2,633,1,4,5
8,352,622,-1,2,642,-3,6,681,-3,6,354,0,2,700,-2,2,582,-1,6,604,-1,2,641,1,4,5,8,360,625,-1,2,641,-3,6,679,-3,6,354,0,2,702,-2,2,581,-1,6,602,-1,2,637,1,4,1,8,360,624,-1,2,637,-3,6,674,-3,6,353,0,2,701,-2,2,576,-1,6,600,-1,2,633,1,4,5,8,368,627,-1,2,637,-3,6,673,-3,6,353,0,2,704,-2,2,576,-1,6,599,-1,2,629,1,4,1
8,360,625,-1,2,641,-3,6,679,-3,6,354,0,2,702,-2,2,581,-1,6,602,-1,2,637,1,4,1,8,360,624,-1,2,637,-3,6,674,-3,6,353,0,2,701,-2,2,576,-1,6,600,-1,2,633,1,4,5,8,368,627,-1,2,637,-3,6,673,-3,6,353,0,2,704,-2,2,576,-1,6,599,-1,2,629,1,4,1,8,376,631,-1,2,636,-3,6,671,-3,6,354,0,2,707,-2,2,575,-1,6,598,-1,2,626,1,4,1
8,360,624,-1,2,637,-3,6,674,-3,6,353,0,2,701,-2,2,576,-1,6,600,-1,2,633,1,4,5,8,368,627,-1,2,637,-3,6,673,-3,6,353,0,2,704,-2,2,576,-1,6,599,-1,2,629,1,4,1,8,376,631,-1,2,636,-3,6,671,-3,6,354,0,2,707,-2,2,575,-1,6,598,-1,2,626,1,4,1,8,384,634,-1,2,637,-3,6,670,-3,6,355,0,2,710,-2,2,575,-1,6,597,-1,2,622,1,4,1
8,368,627,-1,2,637,-3,6,673,-3,6,353,0,2,704,-2,2,576,-1,6,599,-1,2,629,1,4,1,8,376,631,-1,2,636,-3,6,671,-3,6,354,0,2,707,-2,2,575,-1,6,598,-1,2,626,1,4,1,8,384,634,-1,2,637,-3,6,670,-3,6,355,0,2,710,-2,2,575,-1,6,597,-1,2,622,1,4,1,0,384,633,-1,2,633,-3,6,666,-3,6,354,0,2,709,-2,2,571,-1,6,595,-1,2,732,-3,7,3
8,376,631,-1,2,636,-3,6,671,-3,6,354,0,2,707,-2,2,575,-1,6,598,-1,2,626,1,4,1,8,384,634,-1,2,637,-3,6,670,-3,6,355,0,2,710,-2,2,575,-1,6,597,-1,2,622,1,4,1,0,384,633,-1,2,633,-3,6,666,-3,6,354,0,2,709,-2,2,571,-1,6,595,-1,2,732,-3,7,3,8,392,637,-1,2,634,-3,6,665,-3,6,355,0,2,712,-2,2,571,-1,6,730,-3,7,643,-3,7,1
8,384,634,-1,2,637,-3,6,670,-3,6,355,0,2,710,-2,2,575,-1,6,597,-1,2,622,1,4,1,0,384,633,-1,2,633,-3,6,666,-3,6,354,0,2,709,-2,2,571,-1,6,595,-1,2,732,-3,7,3,8,392,637,-1,2,634,-3,6,665,-3,6,355,0,2,712,-2,2,571,-1,6,730,-3,7,643,-3,7,1,8,392,636,-1,2,630,-3,6,661,-3,6,353,0,2,711,-2,2,567,-1,6,724,-3,7,637,-3,7,5
0,384,633,-1,2,633,-3,6,666,-3,6,354,0,2,709,-2,2,571,-1,6,595,-1,2,732,-3,7,3,8,392,637,-1,2,634,-3,6,665,-3,6,355,0,2,712,-2,2,571,-1,6,730,-3,7,643,-3,7,1,8,392,636,-1,2,630,-3,6,661,-3,6,353,0,2,711,-2,2,567,-1,6,724,-3,7,637,-3,7,5,8,400,640,-1,2,631,-3,6,661,-3,6,355,0,2,714,-2,2,567,-1,6,723,-3,7,632,-3,7,1
8,392,637,-1,2,634,-3,6,665,-3,6,355,0,2,712,-2,2,571,-1,6,730,-3,7,643,-3,7,1,8,392,636,-1,2,630,-3,6,661,-3,6,353,0,2,711,-2,2,567,-1,6,724,-3,7,637,-3,7,5,8,400,640,-1,2,631,-3,6,661,-3,6,355,0,2,714,-2,2,567,-1,6,723,-3,7,632,-3,7,1,8,400,639,-1,2,628,-3,6,657,-3,6,353,0,2,713,-2,2,563,-1,6,718,-3,7,626,-3,7,5
8,392,636,-1,2,630,-3,6,661,-3,6,353,0,2,711,-2,2,567,-1,6,724,-3,7,637,-3,7,5,8,400,640,-1,2,631,-3,6,661,-3,6,355,0,2,714,-2,2,567,-1,6,723,-3,7,632,-3,7,1,8,400,639,-1,2,628,-3,6,657,-3,6,353,0,2,713,-2,2,563,-1,6,718,-3,7,626,-3,7,5,8,408,643,-1,2,629,-3,6,656,-3,6,355,0,2,717,-2,2,564,-1,6,716,-3,7,622,-3,7,1
8,400,640,-1,2,631,-3,6,661,-3,6,355,0,2,714,-2,2,567,-1,6,723,-3,7,632,-3,7,1,8,400,639,-1,2,628,-3,6,657,-3,6,353,0,2,713,-2,2,563,-1,6,718,-3,7,626,-3,7,5,8,408,643,-1,2,629,-3,6,656,-3,6,355,0,2,717,-2,2,564,-1,6,716,-3,7,622,-3,7,1,8,408,642,-1,2,626,-3,6,653,-3,6,353,0,2,716,-2,2,560,-1,6,711,-3,7,616,-3,7,2
8,400,639,-1,2,628,-3,6,657,-3,6,353,0,2,713,-2,2,563,-1,6,718,-3,7,626,-3,7,5,8,408,643,-1,2,629,-3,6,656,-3,6,355,0,2,717,-2,2,564,-1,6,716,-3,7,622,-3,7,1,8,408,642,-1,2,626,-3,6,653,-3,6,353,0,2,716,-2,2,560,-1,6,711,-3,7,616,-3,7,2,8,416,646,-1,2,627,-3,6,653,-3,6,355,0,2,720,-2,2,561,-1,6,710,-3,7,611,-3,7,1
8,408,643,-1,2,629,-3,6,656,-3,6,355,0,2,717,-2,2,564,-1,6,716,-3,7,622,-3,7,1,8,408,642,-1,2,626,-3,6,653,-3,6,353,0,2,716,-2,2,560,-1,6,711,-3,7,616,-3,7,2,8,416,646,-1,2,627,-3,6,653,-3,6,355,0,2,720,-2,2,561,-1,6,710,-3,7,611,-3,7,1,8,416,645,-1,2,624,-3,6,649,-3,6,353,0,2,719,-2,2,557,-1,6,705,-3,7,606,-3,7,2
8,408,642,-1,2,626,-3,6,653,-3,6,353,0,2,716,-2,2,560,-1,6,711,-3,7,616,-3,7,2,8,416,646,-1,2,627,-3,6,653,-3,6,355,0,2,720,-2,2,561,-1,6,710,-3,7,611,-3,7,1,8,416,645,-1,2,624,-3,6,649,-3,6,353,0,2,719,-2,2,557,-1,6,705,-3,7,606,-3,7,2,8,424,650,-1,2,626,-3,6,650,-3,6,355,0,2,723,-2,2,558,-1,6,704,-3,7,602,-3,7,1
8,416,646,-1,2,627,-3,6,653,-3,6,355,0,2,720,-2,2,561,-1,6,710,-3,7,611,-3,7,1,8,416,645,-1,2,624,-3,6,649,-3,6,353,0,2,719,-2,2,557,-1,6,705,-3,7,606,-3,7,2,8,424,650,-1,2,626,-3,6,650,-3,6,355,0,2,723,-2,2,558,-1,6,704,-3,7,602,-3,7,1,8,424,649,-1,2,624,-3,6,646,-3,6,354,0,2,722,-2,2,554,-1,6,700,-3,7,596,-3,7,2
8,416,645,-1,2,624,-3,6,649,-3,6,353,0,2,719,-2,2,557,-1,6,705,-3,7,606,-3,7,2,8,424,650,-1,2,626,-3,6,650,-3,6,355,0,2,723,-2,2,558,-1,6,704,-3,7,602,-3,7,1,8,424,649,-1,2,624,-3,6,646,-3,6,354,0,2,722,-2,2,554,-1,6,700,-3,7,596,-3,7,2,8,424,648,-1,2,621,-3,6,643,-3,6,352,0,2,722,-2,2,551,-1,6,695,-3,7,590,-3,7,2
8,424,650,-1,2,626,-3,6,650,-3,6,355,0,2,723,-2,2,558,-1,6,704,-3,7,602,-3,7,1,8,424,649,-1,2,624,-3,6,646,-3,6,354,0,2,722,-2,2,554,-1,6,700,-3,7,596,-3,7,2,8,424,648,-1,2,621,-3,6,643,-3,6,352,0,2,722,-2,2,551,-1,6,695,-3,7,590,-3,7,2,0,424,647,-1,2,618,-3,6,639,-3,6,350,0,2,721,-2,2,547,-1,6,691,-3,7,584,-3,7,3
8,424,649,-1,2,624,-3,6,646,-3,6,354,0,2,722,-2,2,554,-1,6,700,-3,7,596,-3,7,2,8,424,648,-1,2,621,-3,6,643,-3,6,352,0,2,722,-2,2,551,-1,6,695,-3,7,590,-3,7,2,0,424,647,-1,2,618,-3,6,639,-3,6,350,0,2,721,-2,2,547,-1,6,691,-3,7,584,-3,7,3,0,424,646,-1,2,616,-3,6,636,-3,6,348,0,2,721,-2,2,543,-1,6,686,-3,7,579,-3,7,2
8,424,648,-1,2,621,-3,6,643,-3,6,352,0,2,722,-2,2,551,-1,6,695,-3,7,590,-3,7,2,0,424,647,-1,2,618,-3,6,639,-3,6,350,0,2,721,-2,2,547,-1,6,691,-3,7,584,-3,7,3,0,424,646,-1,2,616,-3,6,636,-3,6,348,0,2,721,-2,2,543,-1,6,686,-3,7,579,-3,7,2,0,424,645,-1,2,613,-3,6,633,-3,6,347,0,2,720,-2,2,540,-1,6,682,-3,7,573,-3,7,3
0,424,647,-1,2,618,-3,6,639,-3,6,350,0,2,721,-2,2,547,-1,6,691,-3,7,584,-3,7,3,0,424,646,-1,2,616,-3,6,636,-3,6,348,0,2,721,-2,2,543,-1,6,686,-3,7,579,-3,7,2,0,424,645,-1,2,613,-3,6,633,-3,6,347,0,2,720,-2,2,540,-1,6,682,-3,7,573,-3,7,3,0,424,645,-1,2,610,-3,6,629,-3,6,345,0,2,719,-2,2,536,-1,6,677,-3,7,567,-3,7,2
0,424,646,-1,2,616,-3,6,636,-3,6,348,0,2,721,-2,2,543,-1,6,686,-3,7,579,-3,7,2,0,424,645,-1,2,613,-3,6,633,-3,6,347,0,2,720,-2,2,540,-1,6,682,-3,7,573,-3,7,3,0,424,645,-1,2,610,-3,6,629,-3,6,345,0,2,719,-2,2,536,-1,6,677,-3,7,567,-3,7,2,-8,416,638,-1,2,603,-3,6,622,-3,6,339,0,2,714,-2,2,527,-1,6,669,-3,7,559,-3,7,0
0,424,645,-1,2,613,-3,6,633,-3,6,347,0,2,720,-2,2,540,-1,6,682,-3,7,573,-3,7,3,0,424,645,-1,2,610,-3,6,629,-3,6,345,0,2,719,-2,2,536,-1,6,677,-3,7,567,-3,7,2,-8,416,638,-1,2,603,-3,6,622,-3,6,339,0,2,714,-2,2,527,-1,6,669,-3,7,559,-3,7,0,-8,416,638,-1,2,600,-3,6,618,-3,6,337,0,2,714,-2,2,523,-1,6,665,-3,7,554,-3,7,2
0,424,645,-1,2,610,-3,6,629,-3,6,345,0,2,719,-2,2,536,-1,6,677,-3,7,567,-3,7,2,-8,416,638,-1,2,603,-3,6,622,-3,6,339,0,2,714,-2,2,527,-1,6,669,-3,7,559,-3,7,0,-8,416,638,-1,2,600,-3,6,618,-3,6,337,0,2,714,-2,2,523,-1,6,665,-3,7,554,-3,7,2,-8,408,632,-1,2,592,-3,6,611,-3,6,332,0,2,709,-2,2,514,-1,6,656,-3,7,545,-3,7,0
-8,416,638,-1,2,603,-3,6,622,-3,6,339,0,2,714,-2,2,527,-1,6,669,-3,7,559,-3,7,0,-8,416,638,-1,2,600,-3,6,618,-3,6,337,0,2,714,-2,2,523,-1,6,665,-3,7,554,-3,7,2,-8,408,632,-1,2,592,-3,6,611,-3,6,332,0,2,709,-2,2,514,-1,6,656,-3,7,545,-3,7,0,-8,408,631,-1,2,590,-3,6,608,-3,6,330,0,2,708,-2,2,511,-1,6,652,-3,7,540,-3,7,2
-8,416,638,-1,2,600,-3,6,618,-3,6,337,0,2,714,-2,2,523,-1,6,665,-3,7,554,-3,7,2,-8,408,632,-1,2,592,-3,6,611,-3,6,332,0,2,709,-2,2,514,-1,6,656,-3,7,545,-3,7,0,-8,408,631,-1,2,590,-3,6,608,-3,6,330,0,2,708,-2,2,511,-1,6,652,-3,7,540,-3,7,2,-8,408,630,-1,2,588,-3,6,604,-3,6,328,0,2,708,-2,2,507,-1,6,648,-3,7,534,-3,7,4
-8,408,632,-1,2,592,-3,6,611,-3,6,332,0,2,709,-2,2,514,-1,6,656,-3,7,545,-3,7,0,-8,408,631,-1,2,590,-3,6,608,-3,6,330,0,2,708,-2,2,511,-1,6,652,-3,7,540,-3,7,2,-8,408,630,-1,2,588,-3,6,604,-3,6,328,0,2,708,-2,2,507,-1,6,648,-3,7,534,-3,7,4,-8,408,629,-1,2,586,-3,6,601,-3,6,326,0,2,707,-2,2,504,-1,6,644,-3,7,529,-3,7,5
-8,408,631,-1,2,590,-3,6,608,-3,6,330,0,2,708,-2,2,511,-1,6,652,-3,7,540,-3,7,2,-8,408,630,-1,2,588,-3,6,604,-3,6,328,0,2,708,-2,2,507,-1,6,648,-3,7,534,-3,7,4,-8,408,629,-1,2,586,-3,6,601,-3,6,326,0,2,707,-2,2,504,-1,6,644,-3,7,529,-3,7,5,-8,408,628,-1,2,583,-3,6,598,-3,6,325,0,2,707,-2,2,500,-1,6,639,-3,7,523,-3,7,2
-8,408,630,-1,2,588,-3,6,604,-3,6,328,0,2,708,-2,2,507,-1,6,648,-3,7,534,-3,7,4,-8,408,629,-1,2,586,-3,6,601,-3,6,326,0,2,707,-2,2,504,-1,6,644,-3,7,529,-3,7,5,-8,408,628,-1,2,583,-3,6,598,-3,6,325,0,2,707,-2,2,500,-1,6,639,-3,7,523,-3,7,2,-8,408,627,-1,2,581,-3,6,596,-3,6,323,0,2,706,-2,2,497,-1,6,636,-3,7,518,-3,7,5
-8,408,629,-1,2,586,-3,6,601,-3,6,326,0,2,707,-2,2,504,-1,6,644,-3,7,529,-3,7,5,-8,408,628,-1,2,583,-3,6,598,-3,6,325,0,2,707,-2,2,500,-1,6,639,-3,7,523,-3,7,2,-8,408,627,-1,2,581,-3,6,596,-3,6,323,0,2,706,-2,2,497,-1,6,636,-3,7,518,-3,7,5,0,408,627,-1,2,579,-3,6,593,-3,6,321,0,2,706,-2,2,494,-1,6,632,-3,7,513,-3,7,3
-8,408,628,-1,2,583,-3,6,598,-3,6,325,0,2,707,-2,2,500,-1,6,639,-3,7,523,-3,7,2,-8,408,627,-1,2,581,-3,6,596,-3,6,323,0,2,706,-2,2,497,-1,6,636,-3,7,518,-3,7,5,0,408,627,-1,2,579,-3,6,593,-3,6,321,0,2,706,-2,2,494,-1,6,632,-3,7,513,-3,7,3,0,408,626,-1,2,577,-3,6,590,-3,6,320,0,2,705,-2,2,490,-1,6,628,-3,7,507,-3,7,5
-8,408,627,-1,2,581,-3,6,596,-3,6,323,0,2,706,-2,2,497,-1,6,636,-3,7,518,-3,7,5,0,408,627,-1,2,579,-3,6,593,-3,6,321,0,2,706,-2,2,494,-1,6,632,-3,7,513,-3,7,3,0,408,626,-1,2,577,-3,6,590,-3,6,320,0,2,705,-2,2,490,-1,6,628,-3,7,507,-3,7,5,-8,400,620,-1,2,570,-3,6,582,-3,6,314,0,2,700,-2,2,481,-1,6,619,-3,7,499,-3,7,0
0,408,627,-1,2,579,-3,6,593,-3,6,321,0,2,706,-2,2,494,-1,6,632,-3,7,513,-3,7,3,0,408,626,-1,2,577,-3,6,590,-3,6,320,0,2,705,-2,2,490,-1,6,628,-3,7,507,-3,7,5,-8,400,620,-1,2,570,-3,6,582,-3,6,314,0,2,700,-2,2,481,-1,6,619,-3,7,499,-3,7,0,-8,400,619,-1,2,568,-3,6,579,-3,6,312,0,2,700,-2,2,478,-1,6,615,-3,7,494,-3,7,5
0,408,626,-1,2,577,-3,6,590,-3,6,320,0,2,705,-2,2,490,-1,6,628,-3,7,507,-3,7,5,-8,400,620,-1,2,570,-3,6,582,-3,6,314,0,2,700,-2,2,481,-1,6,619,-3,7,499,-3,7,0,-8,400,619,-1,2,568,-3,6,579,-3,6,312,0,2,700,-2,2,478,-1,6,615,-3,7,494,-3,7,5,8,408,623,-1,2,572,-3,6,582,-3,6,314,0,2,704,-2,2,481,-1,6,617,-3,7,492,-3,7,1
-8,400,620,-1,2,570,-3,6,582,-3,6,314,0,2,700,-2,2,481,-1,6,619,-3,7,499,-3,7,0,-8,400,619,-1,2,568,-3,6,579,-3,6,312,0,2,700,-2,2,478,-1,6,615,-3,7,494,-3,7,5,8,408,623,-1,2,572,-3,6,582,-3,6,314,0,2,704,-2,2,481,-1,6,617,-3,7,492,-3,7,1,8,408,623,-1,2,570,-3,6,579,-3,6,313,0,2,704,-2,2,478,-1,6,613,-3,7,487,-3,7,5
-8,400,619,-1,2,568,-3,6,579,-3,6,312,0,2,700,-2,2,478,-1,6,615,-3,7,494,-3,7,5,8,408,623,-1,2,572,-3,6,582,-3,6,314,0,2,704,-2,2,481,-1,6,617,-3,7,492,-3,7,1,8,408,623,-1,2,570,-3,6,579,-3,6,313,0,2,704,-2,2,478,-1,6,613,-3,7,487,-3,7,5,-8,400,616,-1,2,684,-3,2,572,-3,6,307,0,2,698,-2,2,469,-1,6,605,-3,7,479,-3,7,0
8,408,623,-1,2,572,-3,6,582,-3,6,314,0,2,704,-2,2,481,-1,6,617,-3,7,492,-3,7,1,8,408,623,-1,2,570,-3,6,579,-3,6,313,0,2,704,-2,2,478,-1,6,613,-3,7,487,-3,7,5,-8,400,616,-1,2,684,-3,2,572,-3,6,307,0,2,698,-2,2,469,-1,6,605,-3,7,479,-3,7,0,-8,400,616,-1,2,682,-3,2,569,-3,6,305,0,2,698,-2,2,466,-1,6,601,-3,7,474,-3,7,2
8,408,623,-1,2,570,-3,6,579,-3,6,313,0,2,704,-2,2,478,-1,6,613,-3,7,487,-3,7,5,-8,400,616,-1,2,684,-3,2,572,-3,6,307,0,2,698,-2,2,469,-1,6,605,-3,7,479,-3,7,0,-8,400,616,-1,2,682,-3,2,569,-3,6,305,0,2,698,-2,2,466,-1,6,601,-3,7,474,-3,7,2,8,408,620,-1,2,683,-3,2,572,-3,6,308,0,2,702,-2,2,470,-1,6,603,-3,7,472,-3,7,1
-8,400,616,-1,2,684,-3,2,572,-3,6,307,0,2,698,-2,2,469,-1,6,605,-3,7,479,-3,7,0,-8,400,616,-1,2,682,-3,2,569,-3,6,305,0,2,698,-2,2,466,-1,6,601,-3,7,474,-3,7,2,8,408,620,-1,2,683,-3,2,572,-3,6,308,0,2,702,-2,2,470,-1,6,603,-3,7,472,-3,7,1,8,408,620,-1,2,682,-3,2,570,-3,6,306,0,2,702,-2,2,467,-1,6,600,-3,7,468,-3,7,2
-8,400,616,-1,2,682,-3,2,569,-3,6,305,0,2,698,-2,2,466,-1,6,601,-3,7,474,-3,7,2,8,408,620,-1,2,683,-3,2,572,-3,6,308,0,2,702,-2,2,470,-1,6,603,-3,7,472,-3,7,1,8,408,620,-1,2,682,-3,2,570,-3,6,306,0,2,702,-2,2,467,-1,6,600,-3,7,468,-3,7,2,8,416,624,-1,2,683,-3,2,573,-3,6,308,0,2,707,-2,2,471,-1,6,602,-3,7,467,-3,7,1
8,408,620,-1,2,683,-3,2,572,-3,6,308,0,2,702,-2,2,470,-1,6,603,-3,7,472,-3,7,1,8,408,620,-1,2,682,-3,2,570,-3,6,306,0,2,702,-2,2,467,-1,6,600,-3,7,468,-3,7,2,8,416,624,-1,2,683,-3,2,573,-3,6,308,0,2,707,-2,2,471,-1,6,602,-3,7,467,-3,7,1,8,416,624,-1,2,682,-3,2,571,-3,6,307,0,2,706,-2,2,468,-1,6,599,-3,7,463,-3,7,2
8,408,620,-1,2,682,-3,2,570,-3,6,306,0,2,702,-2,2,467,-1,6,600,-3,7,468,-3,7,2,8,416,624,-1,2,683,-3,2,573,-3,6,308,0,2,707,-2,2,471,-1,6,602,-3,7,467,-3,7,1,8,416,624,-1,2,682,-3,2,571,-3,6,307,0,2,706,-2,2,468,-1,6,599,-3,7,463,-3,7,2,8,416,623,-1,2,681,-3,2,569,-3,6,305,0,2,706,-2,2,466,-1,6,596,-3,7,458,-3,7,2
8,416,624,-1,2,683,-3,2,573,-3,6,308,0,2,707,-2,2,471,-1,6,602,-3,7,467,-3,7,1,8,416,624,-1,2,682,-3,2,571,-3,6,307,0,2,706,-2,2,468,-1,6,599,-3,7,463,-3,7,2,8,416,623,-1,2,681,-3,2,569,-3,6,305,0,2,706,-2,2,466,-1,6,596,-3,7,458,-3,7,2,8,416,680,-3,2,568,-3,6,303,0,2,684,-2,4,463,-1,6,593,-3,7,454,-3,7,646,-2,1,2
8,416,624,-1,2,682,-3,2,571,-3,6,307,0,2,706,-2,2,468,-1,6,599,-3,7,463,-3,7,2,8,416,623,-1,2,681,-3,2,569,-3,6,305,0,2,706,-2,2,466,-1,6,596,-3,7,458,-3,7,2,8,416,680,-3,2,568,-3,6,303,0,2,684,-2,4,463,-1,6,593,-3,7,454,-3,7,646,-2,1,2,8,424,681,-3,2,572,-3,6,306,0,2,681,-2,4,468,-1,6,596,-3,7,454,-3,7,735,2,7,1
8,416,623,-1,2,681,-3,2,569,-3,6,305,0,2,706,-2,2,466,-1,6,596,-3,7,458,-3,7,2,8,416,680,-3,2,568,-3,6,303,0,2,684,-2,4,463,-1,6,593,-3,7,454,-3,7,646,-2,1,2,8,424,681,-3,2,572,-3,6,306,0,2,681,-2,4,468,-1,6,596,-3,7,454,-3,7,735,2,7,1,8,424,680,-3,2,570,-3,6,305,0,2,677,-2,4,465,-1,6,594,-3,7,450,-3,7,728,2,7,2
8,416,680,-3,2,568,-3,6,303,0,2,684,-2,4,463,-1,6,593,-3,7,454,-3,7,646,-2,1,2,8,424,681,-3,2,572,-3,6,306,0,2,681,-2,4,468,-1,6,596,-3,7,454,-3,7,735,2,7,1,8,424,680,-3,2,570,-3,6,305,0,2,677,-2,4,465,-1,6,594,-3,7,450,-3,7,728,2,7,2,8,424,679,-3,2,568,-3,6,303,0,2,674,-2,4,463,-1,6,591,-3,7,446,-3,7,720,2,7,5
8,424,681,-3,2,572,-3,6,306,0,2,681,-2,4,468,-1,6,596,-3,7,454,-3,7,735,2,7,1,8,424,680,-3,2,570,-3,6,305,0,2,677,-2,4,465,-1,6,594,-3,7,450,-3,7,728,2,7,2,8,424,679,-3,2,568,-3,6,303,0,2,674,-2,4,463,-1,6,591,-3,7,446,-3,7,720,2,7,5,8,432,681,-3,2,573,-3,6,306,0,2,468,-1,6,595,-3,7,447,-3,7,716,2,7,703,1,4,1
8,424,680,-3,2,570,-3,6,305,0,2,677,-2,4,465,-1,6,594,-3,7,450,-3,7,728,2,7,2,8,424,679,-3,2,568,-3,6,303,0,2,674,-2,4,463,-1,6,591,-3,7,446,-3,7,720,2,7,5,8,432,681,-3,2,573,-3,6,306,0,2,468,-1,6,595,-3,7,447,-3,7,716,2,7,703,1,4,1,8,432,680,-3,2,572,-3,6,305,0,2,466,-1,6,592,-3,7,444,-3,7,709,2,7,698,1,4,4
8,424,679,-3,2,568,-3,6,303,0,2,674,-2,4,463,-1,6,591,-3,7,446,-3,7,720,2,7,5,8,432,681,-3,2,573,-3,6,306,0,2,468,-1,6,595,-3,7,447,-3,7,716,2,7,703,1,4,1,8,432,680,-3,2,572,-3,6,305,0,2,466,-1,6,592,-3,7,444,-3,7,709,2,7,698,1,4,4,8,440,682,-3,2,577,-3,6,308,0,2,471,-1,6,596,-3,7,445,-3,7,704,2,7,696,1,4,1
8,432,681,-3,2,573,-3,6,306,0,2,468,-1,6,595,-3,7,447,-3,7,716,2,7,703,1,4,1,8,432,680,-3,2,572,-3,6,305,0,2,466,-1,6,592,-3,7,444,-3,7,709,2,7,698,1,4,4,8,440,682,-3,2,577,-3,6,308,0,2,471,-1,6,596,-3,7,445,-3,7,704,2,7,696,1,4,1,8,440,681,-3,2,575,-3,6,306,0,2,470,-1,6,770,-3,7,442,-3,7,697,2,7,692,1,4,4
8,432,680,-3,2,572,-3,6,305,0,2,466,-1,6,592,-3,7,444,-3,7,709,2,7,698,1,4,4,8,440,682,-3,2,577,-3,6,308,0,2,471,-1,6,596,-3,7,445,-3,7,704,2,7,696,1,4,1,8,440,681,-3,2,575,-3,6,306,0,2,470,-1,6,770,-3,7,442,-3,7,697,2,7,692,1,4,4,8,448,683,-3,2,581,-3,6,310,0,2,475,-1,6,771,-3,7,444,-3,7,693,2,7,690,1,4,1
8,440,682,-3,2,577,-3,6,308,0,2,471,-1,6,596,-3,7,445,-3,7,704,2,7,696,1,4,1,8,440,681,-3,2,575,-3,6,306,0,2,470,-1,6,770,-3,7,442,-3,7,697,2,7,692,1,4,4,8,448,683,-3,2,581,-3,6,310,0,2,475,-1,6,771,-3,7,444,-3,7,693,2,7,690,1,4,1,8,455,685,-3,2,690,-3,5,313,0,2,480,-1,6,771,-3,7,446,-3,7,688,2,7,687,1,4,1
8,440,681,-3,2,575,-3,6,306,0,2,470,-1,6,770,-3,7,442,-3,7,697,2,7,692,1,4,4,8,448,683,-3,2,581,-3,6,310,0,2,475,-1,6,771,-3,7,444,-3,7,693,2,7,690,1,4,1,8,455,685,-3,2,690,-3,5,313,0,2,480,-1,6,771,-3,7,446,-3,7,688,2,7,687,1,4,1,8,455,684,-3,2,687,-3,5,312,0,2,478,-1,6,767,-3,7,443,-3,7,681,2,7,683,1,4,1
8,448,683,-3,2,581,-3,6,310,0,2,475,-1,6,771,-3,7,444,-3,7,693,2,7,690,1,4,1,8,455,685,-3,2,690,-3,5,313,0,2,480,-1,6,771,-3,7,446,-3,7,688,2,7,687,1,4,1,8,455,684,-3,2,687,-3,5,312,0,2,478,-1,6,767,-3,7,443,-3,7,681,2,7,683,1,4,1,8,455,683,-3,2,683,-3,5,310,0,2,477,-1,6,763,-3,7,441,-3,7,674,2,7,679,1,4,5
8,455,685,-3,2,690,-3,5,313,0,2,480,-1,6,771,-3,7,446,-3,7,688,2,7,687,1,4,1,8,455,684,-3,2,687,-3,5,312,0,2,478,-1,6,767,-3,7,443,-3,7,681,2,7,683,1,4,1,8,455,683,-3,2,683,-3,5,310,0,2,477,-1,6,763,-3,7,441,-3,7,674,2,7,679,1,4,5,8,455,683,-3,2,679,-3,5,309,0,2,476,-1,6,759,-3,7,438,-3,7,667,2,7,675,1,4,1
8,455,684,-3,2,687,-3,5,312,0,2,478,-1,6,767,-3,7,443,-3,7,681,2,7,683,1,4,1,8,455,683,-3,2,683,-3,5,310,0,2,477,-1,6,763,-3,7,441,-3,7,674,2,7,679,1,4,5,8,455,683,-3,2,679,-3,5,309,0,2,476,-1,6,759,-3,7,438,-3,7,667,2,7,675,1,4,1,8,455,682,-3,2,676,-3,5,307,0,2,474,-1,6,755,-3,7,436,-3,7,660,2,7,671,1,4,5
8,455,683,-3,2,683,-3,5,310,0,2,477,-1,6,763,-3,7,441,-3,7,674,2,7,679,1,4,5,8,455,683,-3,2,679,-3,5,309,0,2,476,-1,6,759,-3,7,438,-3,7,667,2,7,675,1,4,1,8,455,682,-3,2,676,-3,5,307,0,2,474,-1,6,755,-3,7,436,-3,7,660,2,7,671,1,4,5,8,455,681,-3,2,672,-3,5,306,0,2,473,-1,6,752,-3,7,433,-3,7,652,2,7,667,1,4,1
8,455,683,-3,2,679,-3,5,309,0,2,476,-1,6,759,-3,7,438,-3,7,667,2,7,675,1,4,1,8,455,682,-3,2,676,-3,5,307,0,2,474,-1,6,755,-3,7,436,-3,7,660,2,7,671,1,4,5,8,455,681,-3,2,672,-3,5,306,0,2,473,-1,6,752,-3,7,433,-3,7,652,2,7,667,1,4,1,0,455,681,-3,2,669,-3,5,304,0,2,472,-1,6,748,-3,7,431,-3,7,645,2,7,663,1,4,3
8,455,682,-3,2,676,-3,5,307,0,2,474,-1,6,755,-3,7,436,-3,7,660,2,7,671,1,4,5,8,455,681,-3,2,672,-3,5,306,0,2,473,-1,6,752,-3,7,433,-3,7,652,2,7,667,1,4,1,0,455,681,-3,2,669,-3,5,304,0,2,472,-1,6,748,-3,7,431,-3,7,645,2,7,663,1,4,3,8,455,680,-3,2,666,-3,5,303,0,2,471,-1,6,744,-3,7,429,-3,7,638,2,7,659,1,4,1
8,455,681,-3,2,672,-3,5,306,0,2,473,-1,6,752,-3,7,433,-3,7,652,2,7,667,1,4,1,0,455,681,-3,2,669,-3,5,304,0,2,472,-1,6,748,-3,7,431,-3,7,645,2,7,663,1,4,3,8,455,680,-3,2,666,-3,5,303,0,2,471,-1,6,744,-3,7,429,-3,7,638,2,7,659,1,4,1,8,455,680,-3,2,662,-3,5,301,0,2,470,-1,6,741,-3,7,427,-3,7,631,2,7,654,1,4,5
0,455,681,-3,2,669,-3,5,304,0,2,472,-1,6,748,-3,7,431,-3,7,645,2,7,663,1,4,3,8,455,680,-3,2,666,-3,5,303,0,2,471,-1,6,744,-3,7,429,-3,7,638,2,7,659,1,4,1,8,455,680,-3,2,662,-3,5,301,0,2,470,-1,6,741,-3,7,427,-3,7,631,2,7,654,1,4,5,8,455,679,-3,2,659,-3,5,300,0,2,469,-1,6,737,-3,7,425,-3,7,624,2,7,650,1,4,1
8,455,680,-3,2,666,-3,5,303,0,2,471,-1,6,744,-3,7,429,-3,7,638,2,7,659,1,4,1,8,455,680,-3,2,662,-3,5,301,0,2,470,-1,6,741,-3,7,427,-3,7,631,2,7,654,1,4,5,8,455,679,-3,2,659,-3,5,300,0,2,469,-1,6,737,-3,7,425,-3,7,624,2,7,650,1,4,1,8,455,679,-3,2,656,-3,5,298,0,2,468,-1,6,734,-3,7,423,-3,7,616,2,7,646,1,4,1
8,455,680,-3,2,662,-3,5,301,0,2,470,-1,6,741,-3,7,427,-3,7,631,2,7,654,1,4,5,8,455,679,-3,2,659,-3,5,300,0,2,469,-1,6,737,-3,7,425,-3,7,624,2,7,650,1,4,1,8,455,679,-3,2,656,-3,5,298,0,2,468,-1,6,734,-3,7,423,-3,7,616,2,7,646,1,4,1,8,455,678,-3,2,652,-3,5,297,0,2,467,-1,6,730,-3,6,422,-3,7,609,2,7,642,1,4,1
8,455,679,-3,2,659,-3,5,300,0,2,469,-1,6,737,-3,7,425,-3,7,624,2,7,650,1,4,1,8,455,679,-3,2,656,-3,5,298,0,2,468,-1,6,734,-3,7,423,-3,7,616,2,7,646,1,4,1,8,455,678,-3,2,652,-3,5,297,0,2,467,-1,6,730,-3,6,422,-3,7,609,2,7,642,1,4,1,8,455,678,-3,2,649,-3,5,296,0,2,467,-1,6,726,-3,6,420,-3,7,602,2,7,638,1,4,2
8,455,679,-3,2,656,-3,5,298,0,2,468,-1,6,734,-3,7,423,-3,7,616,2,7,646,1,4,1,8,455,678,-3,2,652,-3,5,297,0,2,467,-1,6,730,-3,6,422,-3,7,609,2,7,642,1,4,1,8,455,678,-3,2,649,-3,5,296,0,2,467,-1,6,726,-3,6,420,-3,7,602,2,7,638,1,4,2,8,455,677,-3,2,646,-3,5,294,0,2,466,-1,6,722,-3,6,419,-3,7,595,2,7,634,1,4,1
8,455,678,-3,2,652,-3,5,297,0,2,467,-1,6,730,-3,6,422,-3,7,609,2,7,642,1,4,1,8,455,678,-3,2,649,-3,5,296,0,2,467,-1,6,726,-3,6,420,-3,7,602,2,7,638,1,4,2,8,455,677,-3,2,646,-3,5,294,0,2,466,-1,6,722,-3,6,419,-3,7,595,2,7,634,1,4,1,-8,447,673,-3,2,639,-3,5,287,0,2,458,-1,6,714,-3,6,411,-3,7,584,2,7,628,1,4,0
8,455,678,-3,2,649,-3,5,296,0,2,467,-1,6,726,-3,6,420,-3,7,602,2,7,638,1,4,2,8,455,677,-3,2,646,-3,5,294,0,2,466,-1,6,722,-3,6,419,-3,7,595,2,7,634,1,4,1,-8,447,673,-3,2,639,-3,5,287,0,2,458,-1,6,714,-3,6,411,-3,7,584,2,7,628,1,4,0,-8,447,673,-3,2,636,-3,5,286,0,2,457,-1,6,710,-3,6,410,-3,7,577,2,7,624,1,4,5
8,455,677,-3,2,646,-3,5,294,0,2,466,-1,6,722,-3,6,419,-3,7,595,2,7,634,1,4,1,-8,447,673,-3,2,639,-3,5,287,0,2,458,-1,6,714,-3,6,411,-3,7,584,2,7,628,1,4,0,-8,447,673,-3,2,636,-3,5,286,0,2,457,-1,6,710,-3,6,410,-3,7,577,2,7,624,1,4,5,-8,447,672,-3,2,633,-3,5,284,0,2,457,-1,6,706,-3,6,409,-3,7,570,2,7,619,1,4,2
-8,447,673,-3,2,639,-3,5,287,0,2,458,-1,6,714,-3,6,411,-3,7,584,2,7,628,1,4,0,-8,447,673,-3,2,636,-3,5,286,0,2,457,-1,6,710,-3,6,410,-3,7,577,2,7,624,1,4,5,-8,447,672,-3,2,633,-3,5,284,0,2,457,-1,6,706,-3,6,409,-3,7,570,2,7,619,1,4,2,-8,447,672,-3,2,630,-3,5,283,0,2,457,-1,6,701,-3,6,408,-3,7,563,2,7,615,1,4,5
-8,447,673,-3,2,636,-3,5,286,0,2,457,-1,6,710,-3,6,410,-3,7,577,2,7,624,1,4,5,-8,447,672,-3,2,633,-3,5,284,0,2,457,-1,6,706,-3,6,409,-3,7,570,2,7,619,1,4,2,-8,447,672,-3,2,630,-3,5,283,0,2,457,-1,6,701,-3,6,408,-3,7,563,2,7,615,1,4,5,8,455,675,-3,2,630,-3,5,287,0,2,464,-1,6,701,-3,6,414,-3,7,559,2,7,613,1,4,1
-8,447,672,-3,2,633,-3,5,284,0,2,457,-1,6,706,-3,6,409,-3,7,570,2,7,619,1,4,2,-8,447,672,-3,2,630,-3,5,283,0,2,457,-1,6,701,-3,6,408,-3,7,563,2,7,615,1,4,5,8,455,675,-3,2,630,-3,5,287,0,2,464,-1,6,701,-3,6,414,-3,7,559,2,7,613,1,4,1,8,455,675,-3,2,627,-3,5,286,0,2,464,-1,6,697,-3,6,414,-3,7,552,2,7,609,1,4,5
-8,447,672,-3,2,630,-3,5,283,0,2,457,-1,6,701,-3,6,408,-3,7,563,2,7,615,1,4,5,8,455,675,-3,2,630,-3,5,287,0,2,464,-1,6,701,-3,6,414,-3,7,559,2,7,613,1,4,1,8,455,675,-3,2,627,-3,5,286,0,2,464,-1,6,697,-3,6,414,-3,7,552,2,7,609,1,4,5,-8,447,671,-3,2,621,-3,5,279,0,2,456,-1,6,689,-3,6,406,-3,7,541,2,7,603,1,4,0
8,455,675,-3,2,630,-3,5,287,0,2,464,-1,6,701,-3,6,414,-3,7,559,2,7,613,1,4,1,8,455,675,-3,2,627,-3,5,286,0,2,464,-1,6,697,-3,6,414,-3,7,552,2,7,609,1,4,5,-8,447,671,-3,2,621,-3,5,279,0,2,456,-1,6,689,-3,6,406,-3,7,541,2,7,603,1,4,0,-8,447,670,-3,2,618,-3,5,277,0,2,456,-1,6,685,-3,6,406,-3,7,534,2,7,599,1,4,5
8,455,675,-3,2,627,-3,5,286,0,2,464,-1,6,697,-3,6,414,-3,7,552,2,7,609,1,4,5,-8,447,671,-3,2,621,-3,5,279,0,2,456,-1,6,689,-3,6,406,-3,7,541,2,7,603,1,4,0,-8,447,670,-3,2,618,-3,5,277,0,2,456,-1,6,685,-3,6,406,-3,7,534,2,7,599,1,4,5,-8,447,670,-3,2,615,-3,5,276,0,2,457,-1,6,681,-3,6,406,-3,7,527,2,7,595,1,4,2
-8,447,671,-3,2,621,-3,5,279,0,2,456,-1,6,689,-3,6,406,-3,7,541,2,7,603,1,4,0,-8,447,670,-3,2,618,-3,5,277,0,2,456,-1,6,685,-3,6,406,-3,7,534,2,7,599,1,4,5,-8,447,670,-3,2,615,-3,5,276,0,2,457,-1,6,681,-3,6,406,-3,7,527,2,7,595,1,4,2,-8,447,670,-3,2,612,-3,5,274,0,2,457,-1,6,677,-3,6,406,-3,7,519,2,7,591,1,4,5
-8,447,670,-3,2,618,-3,5,277,0,2,456,-1,6,685,-3,6,406,-3,7,534,2,7,599,1,4,5,-8,447,670,-3,2,615,-3,5,276,0,2,457,-1,6,681,-3,6,406,-3,7,527,2,7,595,1,4,2,-8,447,670,-3,2,612,-3,5,274,0,2,457,-1,6,677,-3,6,406,-3,7,519,2,7,591,1,4,5,-8,439,665,-3,2,605,-3,5,267,0,2,449,-1,6,670,-3,6,398,-3,7,509,2,7,585,1,4,0
-8,447,670,-3,2,615,-3,5,276,0,2,457,-1,6,681,-3,6,406,-3,7,527,2,7,595,1,4,2,-8,447,670,-3,2,612,-3,5,274,0,2,457,-1,6,677,-3,6,406,-3,7,519,2,7,591,1,4,5,-8,439,665,-3,2,605,-3,5,267,0,2,449,-1,6,670,-3,6,398,-3,7,509,2,7,585,1,4,0,-8,439,665,-3,2,602,-3,5,266,0,2,449,-1,6,666,-3,6,399,-3,7,502,2,7,580,1,4,2
-8,447,670,-3,2,612,-3,5,274,0,2,457,-1,6,677,-3,6,406,-3,7,519,2,7,591,1,4,5,-8,439,665,-3,2,605,-3,5,267,0,2,449,-1,6,670,-3,6,398,-3,7,509,2,7,585,1,4,0,-8,439,665,-3,2,602,-3,5,266,0,2,449,-1,6,666,-3,6,399,-3,7,502,2,7,580,1,4,2,-8,439,665,-3,2,599,-3,5,265,0,2,450,-1,6,662,-3,6,399,-3,7,494,2,7,576,1,4,5
-8,439,665,-3,2,605,-3,5,267,0,2,449,-1,6,670,-3,6,398,-3,7,509,2,7,585,1,4,0,-8,439,665,-3,2,602,-3,5,266,0,2,449,-1,6,666,-3,6,399,-3,7,502,2,7,580,1,4,2,-8,439,665,-3,2,599,-3,5,265,0,2,450,-1,6,662,-3,6,399,-3,7,494,2,7,576,1,4,5,-8,439,664,-3,2,597,-3,5,263,0,2,450,-1,6,658,-3,6,399,-3,7,487,2,7,572,1,4,2
-8,439,665,-3,2,602,-3,5,266,0,2,449,-1,6,666,-3,6,399,-3,7,502,2,7,580,1,4,2,-8,439,665,-3,2,599,-3,5,265,0,2,450,-1,6,662,-3,6,399,-3,7,494,2,7,576,1,4,5,-8,439,664,-3,2,597,-3,5,263,0,2,450,-1,6,658,-3,6,399,-3,7,487,2,7,572,1,4,2,0,439,664,-3,2,594,-3,5,262,0,2,451,-1,6,654,-3,6,400,-3,7,480,2,7,568,1,4,3
-8,439,665,-3,2,599,-3,5,265,0,2,450,-1,6,662,-3,6,399,-3,7,494,2,7,576,1,4,5,-8,439,664,-3,2,597,-3,5,263,0,2,450,-1,6,658,-3,6,399,-3,7,487,2,7,572,1,4,2,0,439,664,-3,2,594,-3,5,262,0,2,451,-1,6,654,-3,6,400,-3,7,480,2,7,568,1,4,3,0,439,664,-3,2,591,-3,5,260,0,2,452,-1,6,651,-3,6,401,-3,7,473,2,7,564,1,4,2
-8,439,664,-3,2,597,-3,5,263,0,2,450,-1,6,658,-3,6,399,-3,7,487,2,7,572,1,4,2,0,439,664,-3,2,594,-3,5,262,0,2,451,-1,6,654,-3,6,400,-3,7,480,2,7,568,1,4,3,0,439,664,-3,2,591,-3,5,260,0,2,452,-1,6,651,-3,6,401,-3,7,473,2,7,564,1,4,2,0,439,664,-3,2,589,-3,5,259,0,2,452,-1,6,647,-3,6,402,-3,7,466,2,7,560,1,4,4
0,439,664,-3,2,594,-3,5,262,0,2,451,-1,6,654,-3,6,400,-3,7,480,2,7,568,1,4,3,0,439,664,-3,2,591,-3,5,260,0,2,452,-1,6,651,-3,6,401,-3,7,473,2,7,564,1,4,2,0,439,664,-3,2,589,-3,5,259,0,2,452,-1,6,647,-3,6,402,-3,7,466,2,7,560,1,4,4,0,439,664,-3,2,586,-3,5,258,0,2,453,-1,6,643,-3,6,403,-3,7,459,2,7,556,1,4,2
0,439,664,-3,2,591,-3,5,260,0,2,452,-1,6,651,-3,6,401,-3,7,473,2,7,564,1,4,2,0,439,664,-3,2,589,-3,5,259,0,2,452,-1,6,647,-3,6,402,-3,7,466,2,7,560,1,4,4,0,439,664,-3,2,586,-3,5,258,0,2,453,-1,6,643,-3,6,403,-3,7,459,2,7,556,1,4,2,8,447,668,-3,2,588,-3,5,262,0,2,462,-1,6,644,-3,6,412,-3,7,455,2,7,553,1,4,1
0,439,664,-3,2,589,-3,5,259,0,2,452,-1,6,647,-3,6,402,-3,7,466,2,7,560,1,4,4,0,439,664,-3,2,586,-3,5,258,0,2,453,-1,6,643,-3,6,403,-3,7,459,2,7,556,1,4,2,8,447,668,-3,2,588,-3,5,262,0,2,462,-1,6,644,-3,6,412,-3,7,455,2,7,553,1,4,1,8,447,667,-3,2,586,-3,5,261,0,2,463,-1,6,641,-3,6,413,-3,7,448,2,7,549,1,4,2
0,439,664,-3,2,586,-3,5,258,0,2,453,-1,6,643,-3,6,403,-3,7,459,2,7,556,1,4,2,8,447,668,-3,2,588,-3,5,262,0,2,462,-1,6,644,-3,6,412,-3,7,455,2,7,553,1,4,1,8,447,667,-3,2,586,-3,5,261,0,2,463,-1,6,641,-3,6,413,-3,7,448,2,7,549,1,4,2,8,447,667,-3,2,583,-3,5,260,0,2,464,-1,6,637,-3,6,415,-3,7,441,2,7,545,1,4,4
8,447,668,-3,2,588,-3,5,262,0,2,462,-1,6,644,-3,6,412,-3,7,455,2,7,553,1,4,1,8,447,667,-3,2,586,-3,5,261,0,2,463,-1,6,641,-3,6,413,-3,7,448,2,7,549,1,4,2,8,447,667,-3,2,583,-3,5,260,0,2,464,-1,6,637,-3,6,415,-3,7,441,2,7,545,1,4,4,8,447,667,-3,2,581,-3,5,259,0,2,465,-1,6,634,-3,6,416,-3,7,433,2,7,541,1,4,4
8,447,667,-3,2,586,-3,5,261,0,2,463,-1,6,641,-3,6,413,-3,7,448,2,7,549,1,4,2,8,447,667,-3,2,583,-3,5,260,0,2,464,-1,6,637,-3,6,415,-3,7,441,2,7,545,1,4,4,8,447,667,-3,2,581,-3,5,259,0,2,465,-1,6,634,-3,6,416,-3,7,433,2,7,541,1,4,4,0,447,667,-3,2,579,-3,5,257,0,2,466,-1,6,631,-3,6,418,-3,7,426,2,7,537,1,4,3
8,447,667,-3,2,583,-3,5,260,0,2,464,-1,6,637,-3,6,415,-3,7,441,2,7,545,1,4,4,8,447,667,-3,2,581,-3,5,259,0,2,465,-1,6,634,-3,6,416,-3,7,433,2,7,541,1,4,4,0,447,667,-3,2,579,-3,5,257,0,2,466,-1,6,631,-3,6,418,-3,7,426,2,7,537,1,4,3,0,447,667,-3,2,576,-3,5,256,0,2,725,-1,2,628,-3,6,420,-3,7,419,2,7,533,1,4,4
8,447,667,-3,2,581,-3,5,259,0,2,465,-1,6,634,-3,6,416,-3,7,433,2,7,541,1,4,4,0,447,667,-3,2,579,-3,5,257,0,2,466,-1,6,631,-3,6,418,-3,7,426,2,7,537,1,4,3,0,447,667,-3,2,576,-3,5,256,0,2,725,-1,2,628,-3,6,420,-3,7,419,2,7,533,1,4,4,8,455,671,-3,2,579,-3,5,261,0,2,726,-1,2,629,-3,6,430,-3,7,416,2,7,531,1,4,1
0,447,667,-3,2,579,-3,5,257,0,2,466,-1,6,631,-3,6,418,-3,7,426,2,7,537,1,4,3,0,447,667,-3,2,576,-3,5,256,0,2,725,-1,2,628,-3,6,420,-3,7,419,2,7,533,1,4,4,8,455,671,-3,2,579,-3,5,261,0,2,726,-1,2,629,-3,6,430,-3,7,416,2,7,531,1,4,1,8,455,671,-3,2,577,-3,5,260,0,2,725,-1,2,626,-3,6,432,-3,7,409,2,7,527,1,4,4
0,447,667,-3,2,576,-3,5,256,0,2,725,-1,2,628,-3,6,420,-3,7,419,2,7,533,1,4,4,8,455,671,-3,2,579,-3,5,261,0,2,726,-1,2,629,-3,6,430,-3,7,416,2,7,531,1,4,1,8,455,671,-3,2,577,-3,5,260,0,2,725,-1,2,626,-3,6,432,-3,7,409,2,7,527,1,4,4,-8,447,667,-3,2,570,-3,5,252,0,2,720,-1,2,618,-3,6,427,-3,7,398,2,7,520,1,4,0
8,455,671,-3,2,579,-3,5,261,0,2,726,-1,2,629,-3,6,430,-3,7,416,2,7,531,1,4,1,8,455,671,-3,2,577,-3,5,260,0,2,725,-1,2,626,-3,6,432,-3,7,409,2,7,527,1,4,4,-8,447,667,-3,2,570,-3,5,252,0,2,720,-1,2,618,-3,6,427,-3,7,398,2,7,520,1,4,0,-8,447,667,-3,2,568,-3,5,251,0,2,719,-1,2,615,-3,6,429,-3,7,391,2,7,516,1,4,4
8,455,671,-3,2,577,-3,5,260,0,2,725,-1,2,626,-3,6,432,-3,7,409,2,7,527,1,4,4,-8,447,667,-3,2,570,-3,5,252,0,2,720,-1,2,618,-3,6,427,-3,7,398,2,7,520,1,4,0,-8,447,667,-3,2,568,-3,5,251,0,2,719,-1,2,615,-3,6,429,-3,7,391,2,7,516,1,4,4,0,447,667,-3,2,566,-3,5,250,0,2,717,-1,2,612,-3,6,432,-3,7,383,2,7,512,1,4,3
-8,447,667,-3,2,570,-3,5,252,0,2,720,-1,2,618,-3,6,427,-3,7,398,2,7,520,1,4,0,-8,447,667,-3,2,568,-3,5,251,0,2,719,-1,2,615,-3,6,429,-3,7,391,2,7,516,1,4,4,0,447,667,-3,2,566,-3,5,250,0,2,717,-1,2,612,-3,6,432,-3,7,383,2,7,512,1,4,3,0,447,667,-3,2,564,-3,5,249,0,2,716,-1,2,609,-3,6,434,-3,7,376,2,7,508,1,4,4
-8,447,667,-3,2,568,-3,5,251,0,2,719,-1,2,615,-3,6,429,-3,7,391,2,7,516,1,4,4,0,447,667,-3,2,566,-3,5,250,0,2,717,-1,2,612,-3,6,432,-3,7,383,2,7,512,1,4,3,0,447,667,-3,2,564,-3,5,249,0,2,716,-1,2,609,-3,6,434,-3,7,376,2,7,508,1,4,4,-8,439,663,-3,2,557,-3,5,241,0,2,711,-1,2,602,-3,6,429,-3,7,365,2,7,502,1,4,0
0,447,667,-3,2,566,-3,5,250,0,2,717,-1,2,612,-3,6,432,-3,7,383,2,7,512,1,4,3,0,447,667,-3,2,564,-3,5,249,0,2,716,-1,2,609,-3,6,434,-3,7,376,2,7,508,1,4,4,-8,439,663,-3,2,557,-3,5,241,0,2,711,-1,2,602,-3,6,429,-3,7,365,2,7,502,1,4,0,-8,439,663,-3,2,555,-3,5,240,0,2,710,-1,2,599,-3,6,432,-3,7,358,2,7,498,1,4,5
0,447,667,-3,2,564,-3,5,249,0,2,716,-1,2,609,-3,6,434,-3,7,376,2,7,508,1,4,4,-8,439,663,-3,2,557,-3,5,241,0,2,711,-1,2,602,-3,6,429,-3,7,365,2,7,502,1,4,0,-8,439,663,-3,2,555,-3,5,240,0,2,710,-1,2,599,-3,6,432,-3,7,358,2,7,498,1,4,5,-8,439,663,-3,2,553,-3,5,239,0,2,708,-1,2,596,-3,6,435,-3,7,351,2,7,494,1,4,4
-8,439,663,-3,2,557,-3,5,241,0,2,711,-1,2,602,-3,6,429,-3,7,365,2,7,502,1,4,0,-8,439,663,-3,2,555,-3,5,240,0,2,710,-1,2,599,-3,6,432,-3,7,358,2,7,498,1,4,5,-8,439,663,-3,2,553,-3,5,239,0,2,708,-1,2,596,-3,6,435,-3,7,351,2,7,494,1,4,4,-8,439,663,-3,2,552,-3,5,238,0,2,707,-1,2,593,-3,6,438,-3,7,344,2,7,490,1,4,5
-8,439,663,-3,2,555,-3,5,240,0,2,710,-1,2,599,-3,6,432,-3,7,358,2,7,498,1,4,5,-8,439,663,-3,2,553,-3,5,239,0,2,708,-1,2,596,-3,6,435,-3,7,351,2,7,494,1,4,4,-8,439,663,-3,2,552,-3,5,238,0,2,707,-1,2,593,-3,6,438,-3,7,344,2,7,490,1,4,5,0,439,663,-3,2,550,-3,5,236,0,2,705,-1,2,591,-3,6,441,-3,7,337,2,7,486,1,4,3
-8,439,663,-3,2,553,-3,5,239,0,2,708,-1,2,596,-3,6,435,-3,7,351,2,7,494,1,4,4,-8,439,663,-3,2,552,-3,5,238,0,2,707,-1,2,593,-3,6,438,-3,7,344,2,7,490,1,4,5,0,439,663,-3,2,550,-3,5,236,0,2,705,-1,2,591,-3,6,441,-3,7,337,2,7,486,1,4,3,0,439,663,-3,2,548,-3,5,235,0,2,704,-1,2,588,-3,6,801,-3,5,330,2,7,481,1,4,5
-8,439,663,-3,2,552,-3,5,238,0,2,707,-1,2,593,-3,6,438,-3,7,344,2,7,490,1,4,5,0,439,663,-3,2,550,-3,5,236,0,2,705,-1,2,591,-3,6,441,-3,7,337,2,7,486,1,4,3,0,439,663,-3,2,548,-3,5,235,0,2,704,-1,2,588,-3,6,801,-3,5,330,2,7,481,1,4,5,8,447,668,-3,2,552,-3,5,241,0,2,705,-1,2,591,-3,6,803,-3,5,327,2,7,479,1,4,1
0,439,663,-3,2,550,-3,5,236,0,2,705,-1,2,591,-3,6,441,-3,7,337,2,7,486,1,4,3,0,439,663,-3,2,548,-3,5,235,0,2,704,-1,2,588,-3,6,801,-3,5,330,2,7,481,1,4,5,8,447,668,-3,2,552,-3,5,241,0,2,705,-1,2,591,-3,6,803,-3,5,327,2,7,479,1,4,1,8,447,668,-3,2,551,-3,5,240,0,2,704,-1,2,589,-3,6,800,-3,5,320,2,7,475,1,4,5
0,439,663,-3,2,548,-3,5,235,0,2,704,-1,2,588,-3,6,801,-3,5,330,2,7,481,1,4,5,8,447,668,-3,2,552,-3,5,241,0,2,705,-1,2,591,-3,6,803,-3,5,327,2,7,479,1,4,1,8,447,668,-3,2,551,-3,5,240,0,2,704,-1,2,589,-3,6,800,-3,5,320,2,7,475,1,4,5,-8,439,664,-3,2,544,-3,5,232,0,2,699,-1,2,581,-3,6,793,-3,5,309,2,7,469,1,4,0
8,447,668,-3,2,552,-3,5,241,0,2,705,-1,2,591,-3,6,803,-3,5,327,2,7,479,1,4,1,8,447,668,-3,2,551,-3,5,240,0,2,704,-1,2,589,-3,6,800,-3,5,320,2,7,475,1,4,5,-8,439,664,-3,2,544,-3,5,232,0,2,699,-1,2,581,-3,6,793,-3,5,309,2,7,469,1,4,0,-8,439,664,-3,2,542,-3,5,231,0,2,698,-1,2,579,-3,6,791,-3,5,302,2,7,465,1,4,5
8,447,668,-3,2,551,-3,5,240,0,2,704,-1,2,589,-3,6,800,-3,5,320,2,7,475,1,4,5,-8,439,664,-3,2,544,-3,5,232,0,2,699,-1,2,581,-3,6,793,-3,5,309,2,7,469,1,4,0,-8,439,664,-3,2,542,-3,5,231,0,2,698,-1,2,579,-3,6,791,-3,5,302,2,7,465,1,4,5,8,447,669,-3,2,547,-3,5,236,0,2,699,-1,2,582,-3,6,792,-3,5,299,2,7,463,1,4,1
-8,439,664,-3,2,544,-3,5,232,0,2,699,-1,2,581,-3,6,793,-3,5,309,2,7,469,1,4,0,-8,439,664,-3,2,542,-3,5,231,0,2,698,-1,2,579,-3,6,791,-3,5,302,2,7,465,1,4,5,8,447,669,-3,2,547,-3,5,236,0,2,699,-1,2,582,-3,6,792,-3,5,299,2,7,463,1,4,1,8,447,670,-3,2,546,-3,5,235,0,2,698,-1,2,580,-3,6,790,-3,5,292,2,7,459,1,4,4
-8,439,664,-3,2,542,-3,5,231,0,2,698,-1,2,579,-3,6,791,-3,5,302,2,7,465,1,4,5,8,447,669,-3,2,547,-3,5,236,0,2,699,-1,2,582,-3,6,792,-3,5,299,2,7,463,1,4,1,8,447,670,-3,2,546,-3,5,235,0,2,698,-1,2,580,-3,6,790,-3,5,292,2,7,459,1,4,4,8,447,670,-3,2,544,-3,5,234,0,2,696,-1,2,578,-3,6,787,-3,5,285,2,7,455,1,4,5
8,447,669,-3,2,547,-3,5,236,0,2,699,-1,2,582,-3,6,792,-3,5,299,2,7,463,1,4,1,8,447,670,-3,2,546,-3,5,235,0,2,698,-1,2,580,-3,6,790,-3,5,292,2,7,459,1,4,4,8,447,670,-3,2,544,-3,5,234,0,2,696,-1,2,578,-3,6,787,-3,5,285,2,7,455,1,4,5,8,447,670,-3,2,543,-3,5,233,0,2,695,-1,2,576,-3,6,785,-3,5,278,2,7,450,1,4,4
8,447,670,-3,2,546,-3,5,235,0,2,698,-1,2,580,-3,6,790,-3,5,292,2,7,459,1,4,4,8,447,670,-3,2,544,-3,5,234,0,2,696,-1,2,578,-3,6,787,-3,5,285,2,7,455,1,4,5,8,447,670,-3,2,543,-3,5,233,0,2,695,-1,2,576,-3,6,785,-3,5,278,2,7,450,1,4,4,8,455,676,-3,2,548,-3,5,239,0,2,697,-1,2,580,-3,6,787,-3,5,275,2,7,448,1,4,1
8,447,670,-3,2,544,-3,5,234,0,2,696,-1,2,578,-3,6,787,-3,5,285,2,7,455,1,4,5,8,447,670,-3,2,543,-3,5,233,0,2,695,-1,2,576,-3,6,785,-3,5,278,2,7,450,1,4,4,8,455,676,-3,2,548,-3,5,239,0,2,697,-1,2,580,-3,6,787,-3,5,275,2,7,448,1,4,1,8,455,676,-3,2,547,-3,5,238,0,2,695,-1,2,578,-3,6,785,-3,5,268,2,7,444,1,4,4
8,447,670,-3,2,543,-3,5,233,0,2,695,-1,2,576,-3,6,785,-3,5,278,2,7,450,1,4,4,8,455,676,-3,2,548,-3,5,239,0,2,697,-1,2,580,-3,6,787,-3,5,275,2,7,448,1,4,1,8,455,676,-3,2,547,-3,5,238,0,2,695,-1,2,578,-3,6,785,-3,5,268,2,7,444,1,4,4,-8,447,671,-3,2,540,-3,5,230,0,2,691,-1,2,570,-3,6,778,-3,5,257,2,7,438,1,4,0
8,455,676,-3,2,548,-3,5,239,0,2,697,-1,2,580,-3,6,787,-3,5,275,2,7,448,1,4,1,8,455,676,-3,2,547,-3,5,238,0,2,695,-1,2,578,-3,6,785,-3,5,268,2,7,444,1,4,4,-8,447,671,-3,2,540,-3,5,230,0,2,691,-1,2,570,-3,6,778,-3,5,257,2,7,438,1,4,0,-8,447,672,-3,2,539,-3,5,229,0,2,689,-1,2,569,-3,6,776,-3,5,250,2,7,434,1,4,4
8,455,676,-3,2,547,-3,5,238,0,2,695,-1,2,578,-3,6,785,-3,5,268,2,7,444,1,4,4,-8,447,671,-3,2,540,-3,5,230,0,2,691,-1,2,570,-3,6,778,-3,5,257,2,7,438,1,4,0,-8,447,672,-3,2,539,-3,5,229,0,2,689,-1,2,569,-3,6,776,-3,5,250,2,7,434,1,4,4,8,455,677,-3,2,545,-3,5,235,0,2,691,-1,2,573,-3,6,778,-3,5,248,2,7,432,1,4,1
-8,447,671,-3,2,540,-3,5,230,0,2,691,-1,2,570,-3,6,778,-3,5,257,2,7,438,1,4,0,-8,447,672,-3,2,539,-3,5,229,0,2,689,-1,2,569,-3,6,776,-3,5,250,2,7,434,1,4,4,8,455,677,-3,2,545,-3,5,235,0,2,691,-1,2,573,-3,6,778,-3,5,248,2,7,432,1,4,1,8,455,678,-3,2,544,-3,5,234,0,2,690,-1,2,572,-3,6,776,-3,5,241,2,7,428,1,4,4
-8,447,672,-3,2,539,-3,5,229,0,2,689,-1,2,569,-3,6,776,-3,5,250,2,7,434,1,4,4,8,455,677,-3,2,545,-3,5,235,0,2,691,-1,2,573,-3,6,778,-3,5,248,2,7,432,1,4,1,8,455,678,-3,2,544,-3,5,234,0,2,690,-1,2,572,-3,6,776,-3,5,241,2,7,428,1,4,4,8,455,678,-3,2,544,-3,5,233,0,2,688,-1,2,571,-3,6,774,-3,5,234,2,7,424,1,4,5
8,455,677,-3,2,545,-3,5,235,0,2,691,-1,2,573,-3,6,778,-3,5,248,2,7,432,1,4,1,8,455,678,-3,2,544,-3,5,234,0,2,690,-1,2,572,-3,6,776,-3,5,241,2,7,428,1,4,4,8,455,678,-3,2,544,-3,5,233,0,2,688,-1,2,571,-3,6,774,-3,5,234,2,7,424,1,4,5,8,455,679,-3,2,543,-3,5,233,0,2,687,-1,2,569,-3,6,772,-3,5,228,2,7,419,1,4,5
8,455,678,-3,2,544,-3,5,234,0,2,690,-1,2,572,-3,6,776,-3,5,241,2,7,428,1,4,4,8,455,678,-3,2,544,-3,5,233,0,2,688,-1,2,571,-3,6,774,-3,5,234,2,7,424,1,4,5,8,455,679,-3,2,543,-3,5,233,0,2,687,-1,2,569,-3,6,772,-3,5,228,2,7,419,1,4,5,8,455,679,-3,2,543,-3,5,232,0,2,685,-1,2,568,-3,6,221,2,7,415,1,4,694,1,5,1
8,455,678,-3,2,544,-3,5,233,0,2,688,-1,2,571,-3,6,774,-3,5,234,2,7,424,1,4,5,8,455,679,-3,2,543,-3,5,233,0,2,687,-1,2,569,-3,6,772,-3,5,228,2,7,419,1,4,5,8,455,679,-3,2,543,-3,5,232,0,2,685,-1,2,568,-3,6,221,2,7,415,1,4,694,1,5,1,8,455,680,-3,2,542,-3,5,231,0,2,684,-1,2,567,-3,6,214,2,7,411,1,4,689,1,5,5
8,455,679,-3,2,543,-3,5,233,0,2,687,-1,2,569,-3,6,772,-3,5,228,2,7,419,1,4,5,8,455,679,-3,2,543,-3,5,232,0,2,685,-1,2,568,-3,6,221,2,7,415,1,4,694,1,5,1,8,455,680,-3,2,542,-3,5,231,0,2,684,-1,2,567,-3,6,214,2,7,411,1,4,689,1,5,5,0,455,681,-3,2,542,-3,5,230,0,2,683,-1,2,566,-3,6,208,2,7,407,1,4,684,1,5,3
8,455,679,-3,2,543,-3,5,232,0,2,685,-1,2,568,-3,6,221,2,7,415,1,4,694,1,5,1,8,455,680,-3,2,542,-3,5,231,0,2,684,-1,2,567,-3,6,214,2,7,411,1,4,689,1,5,5,0,455,681,-3,2,542,-3,5,230,0,2,683,-1,2,566,-3,6,208,2,7,407,1,4,684,1,5,3,0,455,681,-3,2,541,-3,5,229,0,2,681,-1,2,565,-3,6,201,2,7,403,1,4,679,1,5,5
8,455,680,-3,2,542,-3,5,231,0,2,684,-1,2,567,-3,6,214,2,7,411,1,4,689,1,5,5,0,455,681,-3,2,542,-3,5,230,0,2,683,-1,2,566,-3,6,208,2,7,407,1,4,684,1,5,3,0,455,681,-3,2,541,-3,5,229,0,2,681,-1,2,565,-3,6,201,2,7,403,1,4,679,1,5,5,8,455,682,-3,2,541,-3,5,228,0,2,680,-1,2,564,-3,6,195,2,7,399,1,4,674,1,5,1
0,455,681,-3,2,542,-3,5,230,0,2,683,-1,2,566,-3,6,208,2,7,407,1,4,684,1,5,3,0,455,681,-3,2,541,-3,5,229,0,2,681,-1,2,565,-3,6,201,2,7,403,1,4,679,1,5,5,8,455,682,-3,2,541,-3,5,228,0,2,680,-1,2,564,-3,6,195,2,7,399,1,4,674,1,5,1,8,455,682,-3,2,541,-3,5,227,0,2,679,-1,2,563,-3,6,188,2,7,395,1,4,669,1,5,5
0,455,681,-3,2,541,-3,5,229,0,2,681,-1,2,565,-3,6,201,2,7,403,1,4,679,1,5,5,8,455,682,-3,2,541,-3,5,228,0,2,680,-1,2,564,-3,6,195,2,7,399,1,4,674,1,5,1,8,455,682,-3,2,541,-3,5,227,0,2,679,-1,2,563,-3,6,188,2,7,395,1,4,669,1,5,5,8,455,683,-3,2,541,-3,5,227,0,2,677,-1,2,562,-3,6,182,2,7,391,1,4,664,1,5,2
8,455,682,-3,2,541,-3,5,228,0,2,680,-1,2,564,-3,6,195,2,7,399,1,4,674,1,5,1,8,455,682,-3,2,541,-3,5,227,0,2,679,-1,2,563,-3,6,188,2,7,395,1,4,669,1,5,5,8,455,683,-3,2,541,-3,5,227,0,2,677,-1,2,562,-3,6,182,2,7,391,1,4,664,1,5,2,8,455,684,-3,2,541,-3,5,226,0,2,676,-1,2,562,-3,6,175,2,7,386,1,4,659,1,5,5
8,455,682,-3,2,541,-3,5,227,0,2,679,-1,2,563,-3,6,188,2,7,395,1,4,669,1,5,5,8,455,683,-3,2,541,-3,5,227,0,2,677,-1,2,562,-3,6,182,2,7,391,1,4,664,1,5,2,8,455,684,-3,2,541,-3,5,226,0,2,676,-1,2,562,-3,6,175,2,7,386,1,4,659,1,5,5,8,455,681,-3,3,541,-3,5,225,0,2,674,-1,2,561,-3,6,169,2,7,382,1,4,654,1,5,2
8,455,683,-3,2,541,-3,5,227,0,2,677,-1,2,562,-3,6,182,2,7,391,1,4,664,1,5,2,8,455,684,-3,2,541,-3,5,226,0,2,676,-1,2,562,-3,6,175,2,7,386,1,4,659,1,5,5,8,455,681,-3,3,541,-3,5,225,0,2,674,-1,2,561,-3,6,169,2,7,382,1,4,654,1,5,2,-8,447,677,-3,3,534,-3,5,217,0,2,670,-1,2,648,-3,3,157,2,7,376,1,4,647,1,5,0
8,455,684,-3,2,541,-3,5,226,0,2,676,-1,2,562,-3,6,175,2,7,386,1,4,659,1,5,5,8,455,681,-3,3,541,-3,5,225,0,2,674,-1,2,561,-3,6,169,2,7,382,1,4,654,1,5,2,-8,447,677,-3,3,534,-3,5,217,0,2,670,-1,2,648,-3,3,157,2,7,376,1,4,647,1,5,0,-8,447,674,-3,3,534,-3,5,216,0,2,668,-1,2,646,-3,3,151,2,7,372,1,4,642,1,5,5
8,455,681,-3,3,541,-3,5,225,0,2,674,-1,2,561,-3,6,169,2,7,382,1,4,654,1,5,2,-8,447,677,-3,3,534,-3,5,217,0,2,670,-1,2,648,-3,3,157,2,7,376,1,4,647,1,5,0,-8,447,674,-3,3,534,-3,5,216,0,2,668,-1,2,646,-3,3,151,2,7,372,1,4,642,1,5,5,-8,439,671,-3,3,527,-3,5,208,0,2,663,-1,2,642,-3,3,139,2,7,366,1,4,635,1,5,0
-8,447,677,-3,3,534,-3,5,217,0,2,670,-1,2,648,-3,3,157,2,7,376,1,4,647,1,5,0,-8,447,674,-3,3,534,-3,5,216,0,2,668,-1,2,646,-3,3,151,2,7,372,1,4,642,1,5,5,-8,439,671,-3,3,527,-3,5,208,0,2,663,-1,2,642,-3,3,139,2,7,366,1,4,635,1,5,0,8,447,670,-3,3,534,-3,5,215,0,2,665,-1,2,641,-3,3,139,2,7,364,1,4,631,1,5,1
-8,447,674,-3,3,534,-3,5,216,0,2,668,-1,2,646,-3,3,151,2,7,372,1,4,642,1,5,5,-8,439,671,-3,3,527,-3,5,208,0,2,663,-1,2,642,-3,3,139,2,7,366,1,4,635,1,5,0,8,447,670,-3,3,534,-3,5,215,0,2,665,-1,2,641,-3,3,139,2,7,364,1,4,631,1,5,1,-8,439,666,-3,3,528,-3,5,206,0,2,661,-1,2,637,-3,3,127,2,7,358,1,4,624,1,5,0
-8,439,671,-3,3,527,-3,5,208,0,2,663,-1,2,642,-3,3,139,2,7,366,1,4,635,1,5,0,8,447,670,-3,3,534,-3,5,215,0,2,665,-1,2,641,-3,3,139,2,7,364,1,4,631,1,5,1,-8,439,666,-3,3,528,-3,5,206,0,2,661,-1,2,637,-3,3,127,2,7,358,1,4,624,1,5,0,-8,439,664,-3,3,206,0,2,659,-1,2,635,-3,3,121,2,7,354,1,4,619,1,5,701,1,2,2
8,447,670,-3,3,534,-3,5,215,0,2,665,-1,2,641,-3,3,139,2,7,364,1,4,631,1,5,1,-8,439,666,-3,3,528,-3,5,206,0,2,661,-1,2,637,-3,3,127,2,7,358,1,4,624,1,5,0,-8,439,664,-3,3,206,0,2,659,-1,2,635,-3,3,121,2,7,354,1,4,619,1,5,701,1,2,2,-8,431,660,-3,3,198,0,2,654,-1,2,631,-3,3,109,2,7,348,1,4,612,1,5,697,1,2,0
-8,439,666,-3,3,528,-3,5,206,0,2,661,-1,2,637,-3,3,127,2,7,358,1,4,624,1,5,0,-8,439,664,-3,3,206,0,2,659,-1,2,635,-3,3,121,2,7,354,1,4,619,1,5,701,1,2,2,-8,431,660,-3,3,198,0,2,654,-1,2,631,-3,3,109,2,7,348,1,4,612,1,5,697,1,2,0,-8,431,657,-3,3,197,0,2,653,-1,2,628,-3,3,103,2,7,344,1,4,607,1,5,695,1,2,5
-8,439,664,-3,3,206,0,2,659,-1,2,635,-3,3,121,2,7,354,1,4,619,1,5,701,1,2,2,-8,431,660,-3,3,198,0,2,654,-1,2,631,-3,3,109,2,7,348,1,4,612,1,5,697,1,2,0,-8,431,657,-3,3,197,0,2,653,-1,2,628,-3,3,103,2,7,344,1,4,607,1,5,695,1,2,5,-8,423,653,-3,3,189,0,2,648,-1,2,624,-3,3,91,2,7,338,1,4,601,1,5,691,1,2,0
-8,431,660,-3,3,198,0,2,654,-1,2,631,-3,3,109,2,7,348,1,4,612,1,5,697,1,2,0,-8,431,657,-3,3,197,0,2,653,-1,2,628,-3,3,103,2,7,344,1,4,607,1,5,695,1,2,5,-8,423,653,-3,3,189,0,2,648,-1,2,624,-3,3,91,2,7,338,1,4,601,1,5,691,1,2,0,-8,423,651,-3,3,188,0,2,647,-1,2,622,-3,3,85,2,7,334,1,4,595,1,5,689,1,2,4
-8,431,657,-3,3,197,0,2,653,-1,2,628,-3,3,103,2,7,344,1,4,607,1,5,695,1,2,5,-8,423,653,-3,3,189,0,2,648,-1,2,624,-3,3,91,2,7,338,1,4,601,1,5,691,1,2,0,-8,423,651,-3,3,188,0,2,647,-1,2,622,-3,3,85,2,7,334,1,4,595,1,5,689,1,2,4,-8,423,649,-3,3,187,0,2,646,-1,2,620,-3,3,80,2,7,330,1,4,590,1,5,687,1,2,4
-8,423,653,-3,3,189,0,2,648,-1,2,624,-3,3,91,2,7,338,1,4,601,1,5,691,1,2,0,-8,423,651,-3,3,188,0,2,647,-1,2,622,-3,3,85,2,7,334,1,4,595,1,5,689,1,2,4,-8,423,649,-3,3,187,0,2,646,-1,2,620,-3,3,80,2,7,330,1,4,590,1,5,687,1,2,4,-8,423,646,-3,3,187,0,2,644,-1,2,617,-3,3,75,2,7,326,1,4,585,1,5,685,1,2,2
-8,423,651,-3,3,188,0,2,647,-1,2,622,-3,3,85,2,7,334,1,4,595,1,5,689,1,2,4,-8,423,649,-3,3,187,0,2,646,-1,2,620,-3,3,80,2,7,330,1,4,590,1,5,687,1,2,4,-8,423,646,-3,3,187,0,2,644,-1,2,617,-3,3,75,2,7,326,1,4,585,1,5,685,1,2,2,-8,423,644,-3,3,186,0,2,643,-1,2,615,-3,3,71,2,7,322,1,4,580,1,5,683,1,2,4
