3,0,240,625,0,7,656,0,1,648,-2,6,665,-3,6,652,-1,6,650,1,1,657,1,4,647,-3,4
3,0,240,618,0,7,655,0,1,642,-2,6,660,-3,6,646,-1,6,649,1,1,653,1,4,643,-3,4
3,0,240,611,0,7,654,0,1,637,-2,6,654,-3,6,640,-1,6,649,1,1,649,1,4,639,-3,4
3,0,240,604,0,7,653,0,1,632,-2,6,649,-3,6,634,-1,6,648,1,1,646,1,4,634,-3,4
3,0,240,597,0,7,652,0,1,626,-2,6,643,-3,6,628,-1,6,647,1,1,642,1,4,630,-3,4
3,0,240,590,0,7,651,0,1,621,-2,6,638,-3,6,623,-1,6,646,1,1,638,1,4,625,-3,4
3,0,240,583,0,7,650,0,1,616,-2,6,632,-3,6,617,-1,6,645,1,1,634,1,4,621,-3,4
3,0,240,576,0,7,649,0,1,610,-2,6,627,-3,6,611,-1,6,645,1,1,630,1,4,616,-3,4
3,0,240,569,0,7,648,0,1,605,-2,6,621,-3,6,605,-1,6,644,1,1,626,1,4,612,-3,4
0,-8,232,561,0,7,645,0,1,598,-2,6,614,-3,6,598,-1,6,645,1,1,623,1,4,609,-3,4
0,-8,224,554,0,7,643,0,1,590,-2,6,608,-3,6,591,-1,6,646,1,1,621,1,4,606,-3,4
4,-8,216,547,0,7,641,0,1,583,-2,6,601,-3,6,584,-1,6,648,1,1,618,1,4,603,-3,4
0,-8,208,540,0,7,638,0,1,576,-2,6,594,-3,6,578,-1,6,649,1,1,616,1,4,599,-3,4
0,-8,200,533,0,7,636,0,1,569,-2,6,588,-3,6,571,-1,6,651,1,1,613,1,4,596,-3,4
4,-8,192,526,0,7,634,0,1,561,-2,6,581,-3,6,564,-1,6,653,1,1,611,1,4,593,-3,4
0,-8,184,520,0,7,632,0,1,554,-2,6,575,-3,6,557,-1,6,655,1,1,609,1,4,591,-3,4
0,-8,176,513,0,7,630,0,1,547,-2,6,568,-3,6,551,-1,6,657,1,1,608,1,4,588,-3,4
4,-8,168,507,0,7,628,0,1,540,-2,6,562,-3,6,544,-1,6,659,1,1,606,1,4,585,-3,4
0,-8,160,501,0,7,626,0,1,533,-2,6,555,-3,6,538,-1,6,661,1,1,604,1,4,582,-3,4
4,-8,152,495,0,7,625,0,1,526,-2,6,549,-3,6,531,-1,6,663,1,1,603,1,4,579,-3,4
0,-8,144,489,0,7,623,0,1,519,-2,6,542,-3,6,525,-1,6,666,1,1,602,1,4,577,-3,4
0,-8,136,483,0,7,622,0,1,512,-2,6,536,-3,6,519,-1,6,668,1,1,601,1,4,574,-3,4
4,-8,128,477,0,7,620,0,1,505,-2,6,530,-3,6,513,-1,6,671,1,1,600,1,4,572,-3,4
0,-8,120,472,0,7,619,0,1,498,-2,6,524,-3,6,507,-1,6,674,1,1,599,1,4,569,-3,4
0,-8,112,467,0,7,618,0,1,491,-2,6,517,-3,6,501,-1,6,677,1,1,599,1,4,567,-3,4
4,-8,104,462,0,7,617,0,1,485,-2,6,511,-3,6,495,-1,6,680,1,1,598,1,4,565,-3,4
0,-8,96,457,0,7,616,0,1,478,-2,6,505,-3,6,490,-1,6,683,1,1,598,1,4,562,-3,4
0,-8,88,452,0,7,615,0,1,471,-2,6,499,-3,6,484,-1,6,686,1,1,598,1,4,560,-3,4
0,-8,80,448,0,7,615,0,1,465,-2,6,493,-3,6,479,-1,6,689,1,1,598,1,4,558,-3,4
4,-8,72,444,0,7,614,0,1,458,-2,6,487,-3,6,473,-1,6,693,1,1,598,1,4,556,-3,4
0,-8,64,440,0,7,613,0,1,452,-2,6,481,-3,6,468,-1,6,696,1,1,599,1,4,554,-3,4
4,-8,56,436,0,7,613,0,1,446,-2,6,475,-3,6,463,-1,6,700,1,1,599,1,4,552,-3,4
2,0,56,429,0,7,612,0,1,440,-2,6,469,-3,6,457,-1,6,700,1,1,596,1,4,547,-3,4
1,8,64,420,0,7,610,0,1,434,-2,6,463,-3,6,450,-1,6,695,1,1,590,1,4,539,-3,4
1,8,72,411,0,7,609,0,1,429,-2,6,457,-3,6,443,-1,6,691,1,1,583,1,4,532,-3,4
5,8,80,608,0,1,425,-2,6,451,-3,6,436,-1,6,687,1,1,576,1,4,525,-3,4,691,0,3
1,8,88,606,0,1,420,-2,6,446,-3,6,430,-1,6,682,1,1,569,1,4,517,-3,4,687,0,3
1,8,96,605,0,1,416,-2,6,441,-3,6,423,-1,6,678,1,1,563,1,4,510,-3,4,683,0,3
1,8,104,604,0,1,412,-2,6,436,-3,6,417,-1,6,674,1,1,556,1,4,504,-3,4,679,0,3
5,8,112,603,0,1,408,-2,6,432,-3,6,411,-1,6,670,1,1,549,1,4,497,-3,4,675,0,3
1,8,120,602,0,1,405,-2,6,428,-3,6,405,-1,6,666,1,1,543,1,4,490,-3,4,671,0,3
1,8,128,601,0,1,402,-2,6,424,-3,6,400,-1,6,662,1,1,536,1,4,484,-3,4,668,0,3
5,8,136,601,0,1,399,-2,6,421,-3,6,394,-1,6,658,1,1,530,1,4,478,-3,4,664,0,3
1,8,144,600,0,1,397,-2,6,417,-3,6,389,-1,6,654,1,1,523,1,4,472,-3,4,661,0,3
1,8,152,600,0,1,395,-2,6,415,-3,6,384,-1,6,650,1,1,517,1,4,467,-3,4,657,0,3
5,8,160,599,0,1,393,-2,6,412,-3,6,379,-1,6,646,1,1,511,1,4,461,-3,4,654,0,3
1,8,168,599,0,1,392,-2,6,410,-3,6,643,1,1,504,1,4,456,-3,4,651,0,3,688,-3,5
1,8,176,599,0,1,391,-2,6,409,-3,6,639,1,1,498,1,4,451,-3,4,648,0,3,681,-3,5
5,8,184,599,0,1,390,-2,6,407,-3,6,635,1,1,492,1,4,645,0,3,673,-3,5,672,0,7
1,8,192,599,0,1,390,-2,6,407,-3,6,632,1,1,486,1,4,642,0,3,666,-3,5,665,0,7
1,8,200,599,0,1,390,-2,6,406,-3,6,628,1,1,480,1,4,639,0,3,659,-3,5,658,0,7
1,8,208,600,0,1,390,-2,6,406,-3,6,625,1,1,474,1,4,637,0,3,652,-3,5,651,0,7
1,8,216,600,0,1,391,-2,6,406,-3,6,621,1,1,468,1,4,634,0,3,645,-3,5,645,0,7
1,8,224,601,0,1,392,-2,6,407,-3,6,618,1,1,462,1,4,632,0,3,639,-3,5,638,0,7
1,8,232,601,0,1,393,-2,6,408,-3,6,615,1,1,456,1,4,630,0,3,632,-3,5,632,0,7
1,8,240,602,0,1,395,-2,6,409,-3,6,612,1,1,450,1,4,627,0,3,626,-3,5,626,0,7
5,8,248,603,0,1,397,-2,6,411,-3,6,608,1,1,445,1,4,625,0,3,620,-3,5,619,0,7
1,8,256,604,0,1,400,-2,6,413,-3,6,605,1,1,439,1,4,623,0,3,614,-3,5,613,0,7
1,8,264,605,0,1,402,-2,6,416,-3,6,602,1,1,433,1,4,621,0,3,608,-3,5,607,0,7
1,8,272,606,0,1,405,-2,6,419,-3,6,599,1,1,428,1,4,620,0,3,603,-3,5,602,0,7
1,8,280,607,0,1,653,-2,5,422,-3,6,597,1,1,423,1,4,618,0,3,597,-3,5,596,0,7
5,8,288,609,0,1,646,-2,5,426,-3,6,594,1,1,417,1,4,616,0,3,592,-3,5,590,0,7
1,8,296,610,0,1,640,-2,5,430,-3,6,591,1,1,412,1,4,615,0,3,587,-3,5,585,0,7
1,8,304,612,0,1,634,-2,5,434,-3,6,588,1,1,407,1,4,582,-3,5,580,0,7,674,-3,5
1,8,312,614,0,1,628,-2,5,706,-3,7,586,1,1,402,1,4,578,-3,5,575,0,7,668,-3,5
1,8,320,615,0,1,623,-2,5,702,-3,7,583,1,1,397,1,4,573,-3,5,570,0,7,662,-3,5
1,8,328,617,0,1,617,-2,5,698,-3,7,581,1,1,392,1,4,569,-3,5,565,0,7,656,-3,5
1,8,336,619,0,1,611,-2,5,694,-3,7,579,1,1,388,1,4,565,-3,5,560,0,7,651,-3,5
5,8,344,606,-2,5,690,-3,7,576,1,1,383,1,4,562,-3,5,556,0,7,645,-3,5,723,-1,5
1,8,352,601,-2,5,687,-3,7,574,1,1,379,1,4,558,-3,5,552,0,7,640,-3,5,722,-1,5
1,8,360,596,-2,5,572,1,1,374,1,4,555,-3,5,547,0,7,635,-3,5,722,-1,5,757,2,1
5,8,368,591,-2,5,570,1,1,370,1,4,552,-3,5,543,0,7,630,-3,5,721,-1,5,759,2,1
1,8,376,587,-2,5,568,1,1,366,1,4,550,-3,5,540,0,7,626,-3,5,721,-1,5,761,2,1
1,8,384,582,-2,5,566,1,1,362,1,4,547,-3,5,536,0,7,621,-3,5,721,-1,5,763,2,1
5,8,392,578,-2,5,564,1,1,358,1,4,545,-3,5,533,0,7,617,-3,5,721,-1,5,765,2,1
1,8,400,574,-2,5,563,1,1,355,1,4,543,-3,5,530,0,7,613,-3,5,721,-1,5,767,2,1
1,8,408,570,-2,5,561,1,1,351,1,4,541,-3,5,526,0,7,609,-3,5,721,-1,5,769,2,1
5,8,416,566,-2,5,559,1,1,348,1,4,540,-3,5,524,0,7,605,-3,5,771,2,1,720,-3,5
1,8,424,563,-2,5,558,1,1,344,1,4,539,-3,5,521,0,7,602,-3,5,773,2,1,718,-3,5
1,8,432,559,-2,5,682,1,7,341,1,4,538,-3,5,519,0,7,599,-3,5,775,2,1,717,-3,5
5,8,440,556,-2,5,675,1,7,338,1,4,538,-3,5,516,0,7,596,-3,5,777,2,1,716,-3,5
3,0,440,552,-2,5,668,1,7,334,1,4,534,-3,5,510,0,7,592,-3,5,775,2,1,712,-3,5
0,-8,432,546,-2,5,661,1,7,329,1,4,528,-3,5,500,0,7,586,-3,5,769,2,1,706,-3,5
0,-8,424,540,-2,5,654,1,7,324,1,4,521,-3,5,490,0,7,580,-3,5,763,2,1,700,-3,5
4,-8,416,534,-2,5,647,1,7,319,1,4,515,-3,5,480,0,7,574,-3,5,693,-3,5,758,2,5
0,-8,408,528,-2,5,640,1,7,315,1,4,508,-3,5,470,0,7,568,-3,5,687,-3,5,749,2,5
0,-8,400,522,-2,5,633,1,7,310,1,4,502,-3,5,460,0,7,563,-3,5,680,-3,5,739,2,5
0,-8,392,516,-2,5,627,1,7,306,1,4,495,-3,5,450,0,7,557,-3,5,674,-3,5,730,2,5
4,-8,384,510,-2,5,620,1,7,302,1,4,441,0,7,551,-3,5,668,-3,5,676,-3,5,732,-1,3
0,-8,376,505,-2,5,614,1,7,299,1,4,431,0,7,545,-3,5,661,-3,5,671,-3,5,726,-1,3
0,-8,368,499,-2,5,608,1,7,295,1,4,421,0,7,540,-3,5,655,-3,5,665,-3,5,720,-1,3
0,-8,360,493,-2,5,602,1,7,292,1,4,411,0,7,534,-3,5,649,-3,5,660,-3,5,715,-1,3
0,-8,352,488,-2,5,596,1,7,401,0,7,529,-3,5,655,-3,5,709,-1,3,680,-1,5,672,-2,3
0,-8,344,482,-2,5,590,1,7,392,0,7,523,-3,5,650,-3,5,703,-1,3,668,-2,3,668,-2,3
0,-8,336,477,-2,5,585,1,7,382,0,7,518,-3,5,645,-3,5,698,-1,3,664,-2,3,664,-2,3
4,-8,328,472,-2,5,579,1,7,372,0,7,512,-3,5,640,-3,5,692,-1,3,660,-2,3,660,-2,3
0,-8,320,466,-2,5,574,1,7,363,0,7,507,-3,5,635,-3,5,686,-1,3,656,-2,3,656,-2,3
0,-8,312,461,-2,5,569,1,7,353,0,7,630,-3,5,681,-1,3,653,-2,3,652,-2,3,675,-1,6
0,-8,304,456,-2,5,564,1,7,344,0,7,625,-3,5,675,-1,3,649,-2,3,648,-2,3,668,-1,6
4,-8,296,560,1,7,335,0,7,620,-3,5,670,-1,3,645,-2,3,644,-2,3,729,-1,2,682,1,1
0,-8,288,555,1,7,325,0,7,616,-3,5,664,-1,3,642,-2,3,640,-2,3,724,-1,2,678,1,1
0,-8,280,551,1,7,316,0,7,611,-3,5,659,-1,3,638,-2,3,636,-2,3,720,-1,2,674,1,1
4,-8,272,547,1,7,307,0,7,606,-3,5,654,-1,3,634,-2,3,632,-2,3,716,-1,2,670,1,1
0,-8,264,543,1,7,298,0,7,601,-3,5,648,-1,3,631,-2,3,629,-2,3,711,-1,2,667,1,1
0,-8,256,539,1,7,289,0,7,597,-3,5,643,-1,3,628,-2,3,625,-2,3,707,-1,2,663,1,1
4,-8,248,536,1,7,281,0,7,592,-3,5,638,-1,3,624,-2,3,621,-2,3,703,-1,2,659,1,1
0,-8,240,533,1,7,272,0,7,588,-3,5,633,-1,3,621,-2,3,618,-2,3,699,-1,2,656,1,1
0,-8,232,530,1,7,264,0,7,583,-3,5,628,-1,3,618,-2,3,614,-2,3,694,-1,2,653,1,1
4,-8,224,527,1,7,255,0,7,579,-3,5,623,-1,3,614,-2,3,611,-2,3,690,-1,2,650,1,1
0,-8,216,525,1,7,247,0,7,575,-3,5,618,-1,3,611,-2,3,607,-2,3,686,-1,2,646,1,1
0,-8,208,522,1,7,239,0,7,570,-3,5,613,-1,3,608,-2,3,604,-2,3,682,-1,2,643,1,1
4,-8,200,520,1,7,232,0,7,566,-3,5,608,-1,3,605,-2,3,601,-2,3,678,-1,2,641,1,1
0,-8,192,519,1,7,224,0,7,562,-3,5,603,-1,3,602,-2,3,597,-2,3,675,-1,2,638,1,1
0,-8,184,517,1,7,217,0,7,558,-3,5,598,-1,3,599,-2,3,594,-2,3,671,-1,2,635,1,1
0,-8,176,516,1,7,210,0,7,554,-3,5,594,-1,3,596,-2,3,591,-2,3,667,-1,2,633,1,1
4,-8,168,515,1,7,204,0,7,550,-3,5,589,-1,3,593,-2,3,588,-2,3,663,-1,2,630,1,1
0,-8,160,514,1,7,197,0,7,546,-3,5,584,-1,3,591,-2,3,585,-2,3,660,-1,2,628,1,1
0,-8,152,513,1,7,542,-3,5,580,-1,3,588,-2,3,582,-2,3,656,-1,2,626,1,1,643,-3,7
0,-8,144,513,1,7,538,-3,5,575,-1,3,585,-2,3,579,-2,3,653,-1,2,624,1,1,637,-3,7
4,-8,136,513,1,7,534,-3,5,571,-1,3,583,-2,3,576,-2,3,649,-1,2,622,1,1,631,-3,7
0,-8,128,513,1,7,530,-3,5,567,-1,3,580,-2,3,574,-2,3,646,-1,2,620,1,1,625,-3,7
0,-8,120,514,1,7,527,-3,5,562,-1,3,578,-2,3,571,-2,3,642,-1,2,618,1,1,619,-3,7
4,-8,112,715,1,5,523,-3,5,558,-1,3,576,-2,3,568,-2,3,639,-1,2,617,1,1,613,-3,7
0,-8,104,714,1,5,520,-3,5,554,-1,3,573,-2,3,566,-2,3,636,-1,2,615,1,1,608,-3,7
0,-8,96,516,-3,5,550,-1,3,571,-2,3,563,-2,3,633,-1,2,614,1,1,602,-3,7,734,-1,3
0,-8,88,513,-3,5,546,-1,3,569,-2,3,561,-2,3,630,-1,2,613,1,1,597,-3,7,734,-1,3
4,-8,80,510,-3,5,542,-1,3,567,-2,3,558,-2,3,627,-1,2,612,1,1,591,-3,7,734,-1,3
0,-8,72,507,-3,5,538,-1,3,565,-2,3,556,-2,3,624,-1,2,611,1,1,586,-3,7,734,-1,3
0,-8,64,504,-3,5,535,-1,3,563,-2,3,554,-2,3,621,-1,2,610,1,1,581,-3,7,665,1,3
0,-8,56,500,-3,5,531,-1,3,561,-2,3,552,-2,3,618,-1,2,610,1,1,575,-3,7,663,1,3
4,-8,48,498,-3,5,527,-1,3,559,-2,3,550,-2,3,616,-1,2,609,1,1,570,-3,7,662,1,3
0,-8,40,495,-3,5,524,-1,3,558,-2,3,548,-2,3,613,-1,2,609,1,1,565,-3,7,660,1,3
0,-8,32,492,-3,5,521,-1,3,556,-2,3,546,-2,3,611,-1,2,609,1,1,560,-3,7,659,1,3
5,8,40,483,-3,5,518,-1,3,551,-2,3,541,-2,3,609,-1,2,607,1,1,550,-3,7,655,1,3
1,8,48,475,-3,5,516,-1,3,546,-2,3,537,-2,3,608,-1,2,606,1,1,540,-3,7,650,1,3
1,8,56,514,-1,3,541,-2,3,532,-2,3,607,-1,2,604,1,1,530,-3,7,646,1,3,705,2,3
1,8,64,512,-1,3,537,-2,3,528,-2,3,606,-1,2,603,1,1,520,-3,7,642,1,3,700,2,3
5,8,72,510,-1,3,532,-2,3,524,-2,3,606,-1,2,601,1,1,510,-3,7,638,1,3,695,2,3
1,8,80,508,-1,3,528,-2,3,520,-2,3,605,-1,2,600,1,1,501,-3,7,634,1,3,691,2,3
1,8,88,507,-1,3,524,-2,3,517,-2,3,605,-1,2,599,1,1,491,-3,7,630,1,3,686,2,3
1,8,96,505,-1,3,520,-2,3,513,-2,3,604,-1,2,598,1,1,482,-3,7,627,1,3,681,2,3
5,8,104,504,-1,3,516,-2,3,510,-2,3,604,-1,2,597,1,1,623,1,3,677,2,3,669,2,6
1,8,112,503,-1,3,513,-2,3,507,-2,3,604,-1,2,596,1,1,619,1,3,672,2,3,662,2,6
1,8,120,503,-1,3,509,-2,3,504,-2,3,604,-1,2,595,1,1,616,1,3,668,2,3,656,2,6
5,8,128,502,-1,3,506,-2,3,502,-2,3,604,-1,2,595,1,1,612,1,3,663,2,3,650,2,6
1,8,136,502,-1,3,503,-2,3,499,-2,3,605,-1,2,594,1,1,609,1,3,644,2,6,696,-2,1
1,8,144,501,-1,3,500,-2,3,497,-2,3,668,-1,5,593,1,1,606,1,3,638,2,6,692,-2,1
1,8,152,501,-1,3,498,-2,3,495,-2,3,663,-1,5,593,1,1,602,1,3,632,2,6,688,-2,1
5,8,160,501,-1,3,495,-2,3,493,-2,3,658,-1,5,592,1,1,599,1,3,626,2,6,685,-2,1
1,8,168,502,-1,3,493,-2,3,491,-2,3,653,-1,5,592,1,1,596,1,3,620,2,6,681,-2,1
1,8,176,502,-1,3,491,-2,3,490,-2,3,648,-1,5,592,1,1,593,1,3,615,2,6,678,-2,1
1,8,184,503,-1,3,489,-2,3,489,-2,3,644,-1,5,592,1,1,590,1,3,609,2,6,674,-2,1
5,8,192,504,-1,3,488,-2,3,488,-2,3,639,-1,5,592,1,1,587,1,3,603,2,6,671,-2,1
1,8,200,505,-1,3,487,-2,3,635,-1,5,592,1,1,584,1,3,598,2,6,668,-2,1,636,2,5
1,8,208,506,-1,3,487,-2,3,631,-1,5,592,1,1,582,1,3,592,2,6,665,-2,1,652,0,6
5,8,216,507,-1,3,627,-1,5,592,1,1,579,1,3,587,2,6,662,-2,1,646,0,6,648,0,6
1,8,224,509,-1,3,623,-1,5,592,1,1,577,1,3,581,2,6,660,-2,1,641,0,6,644,0,6
1,8,232,510,-1,3,619,-1,5,593,1,1,574,1,3,576,2,6,657,-2,1,635,0,6,639,0,6
5,8,240,512,-1,3,616,-1,5,593,1,1,571,2,6,655,-2,1,630,0,6,635,0,6,650,-2,6
1,8,248,514,-1,3,612,-1,5,594,1,1,566,2,6,652,-2,1,625,0,6,630,0,6,645,-2,6
1,8,256,517,-1,3,609,-1,5,594,1,1,561,2,6,650,-2,1,620,0,6,626,0,6,640,-2,6
1,8,264,519,-1,3,606,-1,5,595,1,1,556,2,6,648,-2,1,615,0,6,622,0,6,635,-2,6
5,8,272,521,-1,3,603,-1,5,596,1,1,551,2,6,647,-2,1,611,0,6,618,0,6,631,-2,6
1,8,280,524,-1,3,600,-1,5,597,1,1,546,2,6,645,-2,1,606,0,6,614,0,6,627,-2,6
1,8,288,527,-1,3,597,-1,5,598,1,1,541,2,6,644,-2,1,602,0,6,611,0,6,623,-2,6
5,8,296,664,-1,3,595,-1,5,599,1,1,537,2,6,642,-2,1,597,0,6,607,0,6,619,-2,6
1,8,304,661,-1,3,593,-1,5,600,1,1,532,2,6,641,-2,1,593,0,6,604,0,6,615,-2,6
1,8,312,658,-1,3,590,-1,5,601,1,1,528,2,6,640,-2,1,589,0,6,601,0,6,612,-2,6
5,8,320,655,-1,3,589,-1,5,602,1,1,524,2,6,639,-2,1,585,0,6,598,0,6,608,-2,6
1,8,328,653,-1,3,587,-1,5,603,1,1,520,2,6,638,-2,1,581,0,6,595,0,6,605,-2,6
1,8,336,650,-1,3,585,-1,5,605,1,1,515,2,6,638,-2,1,578,0,6,592,0,6,603,-2,6
1,8,344,647,-1,3,584,-1,5,606,1,1,511,2,6,638,-2,1,574,0,6,590,0,6,600,-2,6
5,8,352,645,-1,3,582,-1,5,608,1,1,508,2,6,637,-2,1,571,0,6,587,0,6,597,-2,6
1,8,360,643,-1,3,581,-1,5,610,1,1,504,2,6,637,-2,1,568,0,6,585,0,6,595,-2,6
1,8,368,641,-1,3,580,-1,5,611,1,1,500,2,6,637,-2,1,565,0,6,583,0,6,593,-2,6
5,8,376,639,-1,3,580,-1,5,613,1,1,497,2,6,638,-2,1,562,0,6,581,0,6,592,-2,6
1,8,384,637,-1,3,579,-1,5,615,1,1,493,2,6,638,-2,1,559,0,6,579,0,6,590,-2,6
5,8,392,636,-1,3,579,-1,5,617,1,1,490,2,6,639,-2,1,557,0,6,578,0,6,589,-2,6
0,-8,384,632,-1,3,571,-1,5,612,1,1,481,2,6,637,-2,1,548,0,6,569,0,6,581,-2,6
0,-8,376,628,-1,3,563,-1,5,608,1,1,471,2,6,635,-2,1,539,0,6,560,0,6,573,-2,6
0,-8,368,624,-1,3,604,1,1,462,2,6,633,-2,1,531,0,6,551,0,6,565,-2,6,736,1,5
4,-8,360,620,-1,3,599,1,1,453,2,6,631,-2,1,522,0,6,542,0,6,557,-2,6,644,-3,7
0,-8,352,616,-1,3,595,1,1,444,2,6,629,-2,1,514,0,6,549,-2,6,637,-3,7,661,-2,4
0,-8,344,613,-1,3,591,1,1,436,2,6,628,-2,1,506,0,6,541,-2,6,629,-3,7,657,-2,4
4,-8,336,609,-1,3,587,1,1,427,2,6,626,-2,1,497,0,6,533,-2,6,621,-3,7,654,-2,4
0,-8,328,605,-1,3,583,1,1,625,-2,1,525,-2,6,614,-3,7,650,-2,4,699,1,2,676,-2,1
0,-8,320,602,-1,3,579,1,1,623,-2,1,518,-2,6,606,-3,7,646,-2,4,694,1,2,675,-2,1
0,-8,312,599,-1,3,576,1,1,622,-2,1,510,-2,6,598,-3,7,643,-2,4,689,1,2,674,-2,1
0,-8,304,595,-1,3,572,1,1,620,-2,1,502,-2,6,591,-3,7,639,-2,4,685,1,2,673,-2,1
4,-8,296,592,-1,3,569,1,1,619,-2,1,494,-2,6,583,-3,7,636,-2,4,680,1,2,672,-2,1
0,-8,288,589,-1,3,566,1,1,618,-2,1,486,-2,6,576,-3,7,633,-2,4,676,1,2,672,-2,1
0,-8,280,586,-1,3,562,1,1,616,-2,1,479,-2,6,568,-3,7,629,-2,4,672,1,2,671,-2,1
0,-8,272,583,-1,3,559,1,1,615,-2,1,471,-2,6,561,-3,7,626,-2,4,668,1,2,670,-2,1
4,-8,264,580,-1,3,557,1,1,614,-2,1,463,-2,6,554,-3,7,623,-2,4,664,1,2,670,-2,1
0,-8,256,577,-1,3,554,1,1,613,-2,1,456,-2,6,546,-3,7,620,-2,4,660,1,2,669,-2,1
0,-8,248,575,-1,3,551,1,1,612,-2,1,448,-2,6,539,-3,7,617,-2,4,656,1,2,669,-2,1
4,-8,240,572,-1,3,549,1,1,611,-2,1,441,-2,6,614,-2,4,652,1,2,668,-2,1,698,-2,3
0,-8,232,570,-1,3,546,1,1,610,-2,1,433,-2,6,611,-2,4,649,1,2,668,-2,1,694,-2,3
0,-8,224,567,-1,3,544,1,1,609,-2,1,425,-2,6,608,-2,4,645,1,2,667,-2,1,690,-2,3
0,-8,216,565,-1,3,542,1,1,609,-2,1,418,-2,6,605,-2,4,642,1,2,667,-2,1,686,-2,3
0,-8,208,563,-1,3,540,1,1,608,-2,1,411,-2,6,603,-2,4,639,1,2,667,-2,1,682,-2,3
0,-8,200,560,-1,3,539,1,1,607,-2,1,403,-2,6,600,-2,4,636,1,2,667,-2,1,678,-2,3
4,-8,192,558,-1,3,537,1,1,607,-2,1,396,-2,6,597,-2,4,633,1,2,667,-2,1,674,-2,3
0,-8,184,535,1,1,606,-2,1,389,-2,6,595,-2,4,630,1,2,666,-2,1,670,-2,3,655,-3,2
0,-8,176,534,1,1,606,-2,1,381,-2,6,593,-2,4,627,1,2,666,-2,1,666,-2,3,654,-3,2
4,-8,168,533,1,1,605,-2,1,374,-2,6,590,-2,4,624,1,2,667,-2,1,663,-2,3,653,-3,2
0,-8,160,532,1,1,605,-2,1,367,-2,6,588,-2,4,622,1,2,667,-2,1,659,-2,3,653,-3,2
0,-8,152,531,1,1,605,-2,1,360,-2,6,586,-2,4,619,1,2,667,-2,1,655,-2,3,652,-3,2
0,-8,144,530,1,1,605,-2,1,353,-2,6,584,-2,4,617,1,2,667,-2,1,652,-2,3,652,-3,2
0,-8,136,530,1,1,604,-2,1,346,-2,6,615,1,2,667,-2,1,648,-2,3,651,-3,2,682,-2,4
0,-8,128,530,1,1,604,-2,1,339,-2,6,613,1,2,668,-2,1,644,-2,3,651,-3,2,680,-2,4
0,-8,120,529,1,1,604,-2,1,332,-2,6,611,1,2,668,-2,1,641,-2,3,650,-3,2,678,-2,4
4,-8,112,529,1,1,604,-2,1,325,-2,6,609,1,2,668,-2,1,638,-2,3,650,-3,2,676,-2,4
0,-8,104,529,1,1,604,-2,1,319,-2,6,608,1,2,669,-2,1,634,-2,3,650,-3,2,674,-2,4
0,-8,96,529,1,1,605,-2,1,312,-2,6,606,1,2,669,-2,1,631,-2,3,649,-3,2,672,-2,4
4,-8,88,530,1,1,605,-2,1,306,-2,6,605,1,2,670,-2,1,628,-2,3,649,-3,2,670,-2,4
0,-8,80,530,1,1,605,-2,1,299,-2,6,604,1,2,624,-2,3,649,-3,2,668,-2,4,641,2,4
0,-8,72,531,1,1,605,-2,1,293,-2,6,603,1,2,621,-2,3,649,-3,2,666,-2,4,637,2,4
0,-8,64,532,1,1,606,-2,1,287,-2,6,602,1,2,618,-2,3,649,-3,2,665,-2,4,633,2,4
4,-8,56,533,1,1,606,-2,1,281,-2,6,601,1,2,615,-2,3,649,-3,2,663,-2,4,629,2,4
0,-8,48,534,1,1,607,-2,1,275,-2,6,601,1,2,612,-2,3,649,-3,2,626,2,4,662,1,4
0,-8,40,535,1,1,607,-2,1,269,-2,6,600,1,2,609,-2,3,649,-3,2,622,2,4,658,1,4
5,8,48,533,1,1,604,-2,1,263,-2,6,597,1,2,606,-2,3,643,-3,2,618,2,4,654,1,4
1,8,56,530,1,1,601,-2,1,257,-2,6,594,1,2,603,-2,3,637,-3,2,614,2,4,650,1,4
1,8,64,527,1,1,597,-2,1,252,-2,6,591,1,2,600,-2,3,631,-3,2,609,2,4,646,1,4
1,8,72,525,1,1,594,-2,1,246,-2,6,588,1,2,598,-2,3,626,-3,2,605,2,4,643,1,4
5,8,80,522,1,1,591,-2,1,242,-2,6,585,1,2,595,-2,3,620,-3,2,601,2,4,639,1,4
1,8,88,520,1,1,589,-2,1,237,-2,6,582,1,2,593,-2,3,615,-3,2,597,2,4,635,1,4
1,8,96,518,1,1,586,-2,1,580,1,2,591,-2,3,610,-3,2,593,2,4,632,1,4,638,-2,5
1,8,104,516,1,1,584,-2,1,577,1,2,589,-2,3,605,-3,2,589,2,4,628,1,4,633,-2,5
1,8,112,514,1,1,581,-2,1,574,1,2,587,-2,3,600,-3,2,585,2,4,625,1,4,627,-2,5
5,8,120,512,1,1,579,-2,1,572,1,2,586,-2,3,595,-3,2,581,2,4,622,1,4,622,-2,5
1,8,128,510,1,1,577,-2,1,570,1,2,585,-2,3,591,-3,2,578,2,4,619,1,4,617,-2,5
5,8,136,508,1,1,575,-2,1,567,1,2,583,-2,3,587,-3,2,574,2,4,615,1,4,612,-2,5
1,8,144,506,1,1,574,-2,1,565,1,2,582,-2,3,583,-3,2,570,2,4,613,1,4,607,-2,5
1,8,152,505,1,1,572,-2,1,563,1,2,582,-2,3,579,-3,2,567,2,4,610,1,4,603,-2,5
5,8,160,503,1,1,571,-2,1,561,1,2,581,-2,3,563,2,4,607,1,4,598,-2,5,636,2,2
1,8,168,502,1,1,570,-2,1,559,1,2,581,-2,3,560,2,4,604,1,4,594,-2,5,634,2,2
1,8,176,569,-2,1,557,1,2,580,-2,3,557,2,4,601,1,4,590,-2,5,632,2,2,676,-1,7
1,8,184,568,-2,1,555,1,2,580,-2,3,554,2,4,599,1,4,586,-2,5,630,2,2,666,-1,7
5,8,192,568,-2,1,554,1,2,581,-2,3,550,2,4,597,1,4,583,-2,5,628,2,2,657,-1,7
1,8,200,567,-2,1,552,1,2,581,-2,3,547,2,4,594,1,4,579,-2,5,626,2,2,647,-1,7
1,8,208,567,-2,1,551,1,2,581,-2,3,544,2,4,592,1,4,576,-2,5,624,2,2,638,-1,7
5,8,216,567,-2,1,549,1,2,582,-2,3,541,2,4,590,1,4,573,-2,5,622,2,2,628,-1,7
1,8,224,567,-2,1,548,1,2,583,-2,3,539,2,4,588,1,4,570,-2,5,621,2,2,619,-1,7
1,8,232,568,-2,1,584,-2,3,536,2,4,586,1,4,567,-2,5,619,2,2,609,-1,7,645,-2,3
1,8,240,568,-2,1,585,-2,3,533,2,4,584,1,4,565,-2,5,600,-1,7,643,-2,3,631,2,5
5,8,248,569,-2,1,587,-2,3,531,2,4,583,1,4,563,-2,5,591,-1,7,642,-2,3,626,2,5
1,8,256,570,-2,1,589,-2,3,528,2,4,581,1,4,561,-2,5,581,-1,7,640,-2,3,621,2,5
1,8,264,571,-2,1,590,-2,3,526,2,4,579,1,4,559,-2,5,572,-1,7,639,-2,3,616,2,5
1,8,272,572,-2,1,592,-2,3,523,2,4,578,1,4,557,-2,5,563,-1,7,638,-2,3,611,2,5
5,8,280,573,-2,1,595,-2,3,521,2,4,577,1,4,555,-1,7,637,-2,3,606,2,5,733,1,1
1,8,288,575,-2,1,597,-2,3,519,2,4,576,1,4,546,-1,7,636,-2,3,601,2,5,735,1,1
1,8,296,577,-2,1,599,-2,3,517,2,4,575,1,4,537,-1,7,636,-2,3,596,2,5,736,1,1
5,8,304,579,-2,1,602,-2,3,515,2,4,528,-1,7,636,-2,3,592,2,5,738,1,1,681,-3,2
1,8,312,581,-2,1,605,-2,3,513,2,4,520,-1,7,635,-2,3,587,2,5,740,1,1,682,-3,2
1,8,320,583,-2,1,608,-2,3,511,2,4,511,-1,7,635,-2,3,582,2,5,742,1,1,683,-3,2
5,8,328,585,-2,1,611,-2,3,509,2,4,503,-1,7,636,-2,3,578,2,5,744,1,1,684,-3,2
1,8,336,588,-2,1,614,-2,3,508,2,4,495,-1,7,636,-2,3,573,2,5,746,1,1,686,-3,2
1,8,344,591,-2,1,671,-2,5,506,2,4,487,-1,7,636,-2,3,569,2,5,749,1,1,688,-3,2
1,8,352,593,-2,1,668,-2,5,505,2,4,479,-1,7,637,-2,3,565,2,5,751,1,1,689,-3,2
5,8,360,596,-2,1,666,-2,5,504,2,4,471,-1,7,638,-2,3,561,2,5,753,1,1,691,-3,2
1,8,368,600,-2,1,665,-2,5,503,2,4,464,-1,7,639,-2,3,556,2,5,756,1,1,693,-3,2
1,8,376,603,-2,1,663,-2,5,501,2,4,456,-1,7,640,-2,3,552,2,5,758,1,1,696,-3,2
5,8,384,606,-2,1,662,-2,5,500,2,4,449,-1,7,642,-2,3,548,2,5,760,1,1,698,-3,2
1,8,392,610,-2,1,661,-2,5,500,2,4,442,-1,7,643,-2,3,544,2,5,763,1,1,701,-3,2
1,8,400,614,-2,1,660,-2,5,499,2,4,435,-1,7,645,-2,3,541,2,5,766,1,1,704,-3,2
0,-8,392,610,-2,1,653,-2,5,491,2,4,428,-1,7,640,-2,3,534,2,5,760,1,1,700,-3,2
4,-8,384,606,-2,1,646,-2,5,483,2,4,421,-1,7,634,-2,3,527,2,5,755,1,1,696,-3,2
0,-8,376,603,-2,1,639,-2,5,414,-1,7,629,-2,3,521,2,5,750,1,1,692,-3,2,666,-3,1
0,-8,368,599,-2,1,632,-2,5,407,-1,7,624,-2,3,515,2,5,745,1,1,688,-3,2,665,-3,1
0,-8,360,625,-2,5,401,-1,7,618,-2,3,509,2,5,740,1,1,684,-3,2,664,-3,1,702,-3,7
4,-8,352,619,-2,5,394,-1,7,613,-2,3,503,2,5,735,1,1,680,-3,2,663,-3,1,694,-3,7
0,-8,344,612,-2,5,388,-1,7,608,-2,3,497,2,5,730,1,1,676,-3,2,662,-3,1,685,-3,7
0,-8,336,605,-2,5,382,-1,7,491,2,5,661,-3,1,677,-3,7,654,0,1,679,-3,2,688,-3,3
4,-8,328,599,-2,5,376,-1,7,486,2,5,660,-3,1,668,-3,7,654,0,1,675,-3,2,684,-3,3
0,-8,320,592,-2,5,370,-1,7,481,2,5,659,-3,1,660,-3,7,654,0,1,671,-3,2,681,-3,3
0,-8,312,585,-2,5,364,-1,7,476,2,5,658,-3,1,651,-3,7,655,0,1,668,-3,2,677,-3,3
0,-8,304,359,-1,7,471,2,5,657,-3,1,643,-3,7,655,0,1,664,-3,2,673,-3,3,672,-3,6
4,-8,296,354,-1,7,467,2,5,657,-3,1,634,-3,7,656,0,1,661,-3,2,670,-3,3,666,-3,6
0,-8,288,349,-1,7,463,2,5,656,-3,1,626,-3,7,656,0,1,657,-3,2,666,-3,3,661,-3,6
0,-8,280,344,-1,7,459,2,5,655,-3,1,618,-3,7,657,0,1,654,-3,2,662,-3,3,655,-3,6
4,-8,272,455,2,5,654,-3,1,609,-3,7,658,0,1,650,-3,2,659,-3,3,650,-3,6,657,-1,5
0,-8,264,451,2,5,654,-3,1,601,-3,7,659,0,1,647,-3,2,655,-3,3,644,-3,6,653,-1,5
0,-8,256,448,2,5,653,-3,1,592,-3,7,660,0,1,643,-3,2,652,-3,3,639,-3,6,649,-1,5
4,-8,248,445,2,5,653,-3,1,584,-3,7,661,0,1,640,-3,2,649,-3,3,633,-3,6,645,-1,5
0,-8,240,442,2,5,652,-3,1,576,-3,7,662,0,1,636,-3,2,645,-3,3,628,-3,6,641,-1,5
0,-8,232,440,2,5,652,-3,1,567,-3,7,663,0,1,633,-3,2,642,-3,3,622,-3,6,637,-1,5
0,-8,224,437,2,5,651,-3,1,559,-3,7,665,0,1,630,-3,2,638,-3,3,617,-3,6,633,-1,5
0,-8,216,651,-3,1,551,-3,7,666,0,1,627,-3,2,635,-3,3,612,-3,6,630,-1,5,717,1,1
4,-8,208,650,-3,1,542,-3,7,668,0,1,623,-3,2,632,-3,3,607,-3,6,626,-1,5,713,1,1
0,-8,200,650,-3,1,534,-3,7,670,0,1,620,-3,2,629,-3,3,602,-3,6,623,-1,5,710,1,1
0,-8,192,650,-3,1,526,-3,7,671,0,1,617,-3,2,597,-3,6,620,-1,5,706,1,1,709,-1,6
4,-8,184,649,-3,1,517,-3,7,673,0,1,614,-3,2,592,-3,6,617,-1,5,703,1,1,705,-1,6
0,-8,176,649,-3,1,509,-3,7,675,0,1,610,-3,2,587,-3,6,614,-1,5,700,1,1,701,-1,6
0,-8,168,649,-3,1,501,-3,7,677,0,1,607,-3,2,582,-3,6,611,-1,5,697,1,1,697,-1,6
4,-8,160,649,-3,1,492,-3,7,679,0,1,604,-3,2,608,-1,5,694,1,1,693,-1,6,683,0,4
0,-8,152,649,-3,1,484,-3,7,682,0,1,601,-3,2,605,-1,5,691,1,1,689,-1,6,681,0,4
0,-8,144,649,-3,1,476,-3,7,684,0,1,598,-3,2,603,-1,5,688,1,1,685,-1,6,678,0,4
0,-8,136,649,-3,1,467,-3,7,686,0,1,595,-3,2,600,-1,5,685,1,1,682,-1,6,675,0,4
4,-8,128,649,-3,1,459,-3,7,689,0,1,592,-3,2,598,-1,5,683,1,1,678,-1,6,673,0,4
0,-8,120,451,-3,7,691,0,1,589,-3,2,596,-1,5,680,1,1,675,-1,6,671,0,4,679,-2,7
0,-8,112,638,-3,7,694,0,1,586,-3,2,593,-1,5,678,1,1,672,-1,6,669,0,4,674,-2,7
0,-8,104,631,-3,7,697,0,1,584,-3,2,591,-1,5,676,1,1,669,-1,6,667,0,4,669,-2,7
4,-8,96,623,-3,7,700,0,1,581,-3,2,590,-1,5,674,1,1,666,-1,6,665,0,4,664,-2,7
0,-8,88,616,-3,7,703,0,1,578,-3,2,588,-1,5,672,1,1,663,-1,6,663,0,4,659,-2,7
0,-8,80,608,-3,7,706,0,1,575,-3,2,586,-1,5,670,1,1,660,-1,6,661,0,4,735,1,1
0,-8,72,601,-3,7,709,0,1,573,-3,2,585,-1,5,668,1,1,657,-1,6,659,0,4,738,1,1
5,8,80,595,-3,7,704,0,1,572,-3,2,576,-1,5,668,1,1,648,-1,6,653,0,4,734,1,1
1,8,88,589,-3,7,699,0,1,572,-3,2,568,-1,5,667,1,1,639,-1,6,647,0,4,730,1,1
1,8,96,584,-3,7,694,0,1,572,-3,2,667,1,1,630,-1,6,641,0,4,726,1,1,690,2,3
5,8,104,579,-3,7,690,0,1,573,-3,2,667,1,1,621,-1,6,635,0,4,722,1,1,685,2,3
1,8,112,574,-3,7,685,0,1,573,-3,2,667,1,1,612,-1,6,630,0,4,718,1,1,679,2,3
1,8,120,569,-3,7,681,0,1,690,-3,3,667,1,1,603,-1,6,624,0,4,715,1,1,674,2,3
1,8,128,564,-3,7,676,0,1,686,-3,3,667,1,1,594,-1,6,618,0,4,711,1,1,669,2,3
5,8,136,560,-3,7,672,0,1,681,-3,3,667,1,1,586,-1,6,613,0,4,708,1,1,664,2,3
1,8,144,556,-3,7,668,0,1,677,-3,3,667,1,1,607,0,4,704,1,1,650,-1,2,729,0,6
1,8,152,552,-3,7,663,0,1,674,-3,3,667,1,1,602,0,4,701,1,1,647,-1,2,721,0,6
1,8,160,549,-3,7,659,0,1,670,-3,3,668,1,1,596,0,4,697,1,1,645,-1,2,713,0,6
5,8,168,546,-3,7,655,0,1,666,-3,3,668,1,1,591,0,4,694,1,1,642,-1,2,705,0,6
1,8,176,543,-3,7,651,0,1,663,-3,3,668,1,1,586,0,4,690,1,1,640,-1,2,697,0,6
1,8,184,541,-3,7,647,0,1,660,-3,3,669,1,1,581,0,4,687,1,1,637,-1,2,688,0,6
5,8,192,538,-3,7,643,0,1,657,-3,3,670,1,1,684,1,1,635,-1,2,680,0,6,650,0,5
1,8,200,536,-3,7,640,0,1,654,-3,3,670,1,1,681,1,1,633,-1,2,673,0,6,647,0,5
1,8,208,663,-3,4,636,0,1,652,-3,3,671,1,1,678,1,1,631,-1,2,665,0,6,643,0,5
1,8,216,661,-3,4,632,0,1,649,-3,3,672,1,1,675,1,1,629,-1,2,657,0,6,641,0,5
5,8,224,660,-3,4,629,0,1,647,-3,3,673,1,1,672,1,1,628,-1,2,649,0,6,638,0,5
1,8,232,658,-3,4,625,0,1,645,-3,3,674,1,1,669,1,1,626,-1,2,641,0,6,635,0,5
1,8,240,657,-3,4,622,0,1,643,-3,3,675,1,1,666,1,1,625,-1,2,634,0,6,632,0,5
5,8,248,656,-3,4,619,0,1,642,-3,3,676,1,1,663,1,1,623,-1,2,626,0,6,630,0,5
1,8,256,655,-3,4,615,0,1,640,-3,3,677,1,1,661,1,1,622,-1,2,619,0,6,628,0,5
1,8,264,654,-3,4,612,0,1,639,-3,3,679,1,1,658,1,1,621,-1,2,611,0,6,626,0,5
5,8,272,654,-3,4,609,0,1,638,-3,3,680,1,1,655,1,1,620,-1,2,604,0,6,624,0,5
1,8,280,653,-3,4,606,0,1,637,-3,3,681,1,1,653,1,1,620,-1,2,596,0,6,622,0,5
1,8,288,653,-3,4,604,0,1,637,-3,3,683,1,1,651,1,1,619,-1,2,589,0,6,620,0,5
5,8,296,653,-3,4,601,0,1,636,-3,3,685,1,1,648,1,1,619,-1,2,582,0,6,618,0,5
1,8,304,654,-3,4,598,0,1,636,-3,3,686,1,1,646,1,1,618,-1,2,575,0,6,617,0,5
1,8,312,654,-3,4,596,0,1,636,-3,3,688,1,1,644,1,1,568,0,6,615,0,5,677,-2,1
5,8,320,655,-3,4,593,0,1,636,-3,3,690,1,1,641,1,1,561,0,6,614,0,5,675,-2,1
1,8,328,656,-3,4,591,0,1,637,-3,3,691,1,1,639,1,1,554,0,6,613,0,5,672,-2,1
1,8,336,657,-3,4,589,0,1,638,-3,3,693,1,1,637,1,1,548,0,6,612,0,5,670,-2,1
1,8,344,659,-3,4,586,0,1,638,-3,3,695,1,1,635,1,1,541,0,6,611,0,5,668,-2,1
5,8,352,660,-3,4,584,0,1,697,1,1,634,1,1,535,0,6,611,0,5,666,-2,1,715,-2,2
1,8,360,662,-3,4,583,0,1,700,1,1,632,1,1,528,0,6,664,-2,1,717,-2,2,660,1,2
1,8,368,664,-3,4,581,0,1,702,1,1,630,1,1,522,0,6,663,-2,1,720,-2,2,660,1,2
1,8,376,666,-3,4,579,0,1,704,1,1,628,1,1,516,0,6,661,-2,1,724,-2,2,659,1,2
5,8,384,669,-3,4,577,0,1,706,1,1,627,1,1,510,0,6,660,-2,1,727,-2,2,658,1,2
1,8,392,671,-3,4,576,0,1,709,1,1,625,1,1,504,0,6,659,-2,1,730,-2,2,657,1,2
1,8,400,674,-3,4,575,0,1,711,1,1,624,1,1,498,0,6,658,-2,1,734,-2,2,657,1,2
5,8,408,677,-3,4,573,0,1,714,1,1,623,1,1,493,0,6,657,-2,1,737,-2,2,656,1,2
1,8,416,680,-3,4,572,0,1,716,1,1,621,1,1,487,0,6,657,-2,1,741,-2,2,656,1,2
1,8,424,684,-3,4,571,0,1,719,1,1,620,1,1,482,0,6,656,-2,1,745,-2,2,656,1,2
0,-8,416,678,-3,4,570,0,1,713,1,1,619,1,1,475,0,6,655,-2,1,740,-2,2,652,1,2
0,-8,408,671,-3,4,569,0,1,708,1,1,619,1,1,469,0,6,653,-2,1,735,-2,2,648,1,2
0,-8,400,665,-3,4,569,0,1,703,1,1,618,1,1,462,0,6,652,-2,1,730,-2,2,644,1,2
4,-8,392,659,-3,4,568,0,1,698,1,1,618,1,1,456,0,6,651,-2,1,725,-2,2,640,1,2
0,-8,384,653,-3,4,567,0,1,618,1,1,450,0,6,650,-2,1,720,-2,2,637,1,2,655,0,3
0,-8,376,647,-3,4,567,0,1,618,1,1,444,0,6,649,-2,1,715,-2,2,633,1,2,651,0,3
0,-8,368,640,-3,4,567,0,1,618,1,1,438,0,6,648,-2,1,710,-2,2,630,1,2,647,0,3
4,-8,360,634,-3,4,567,0,1,618,1,1,432,0,6,647,-2,1,705,-2,2,627,1,2,643,0,3
0,-8,352,628,-3,4,567,0,1,618,1,1,427,0,6,646,-2,1,701,-2,2,623,1,2,640,0,3
0,-8,344,622,-3,4,567,0,1,619,1,1,422,0,6,645,-2,1,696,-2,2,620,1,2,636,0,3
4,-8,336,616,-3,4,567,0,1,619,1,1,416,0,6,645,-2,1,691,-2,2,618,1,2,633,0,3
0,-8,328,610,-3,4,567,0,1,620,1,1,411,0,6,644,-2,1,686,-2,2,615,1,2,629,0,3
0,-8,320,645,-3,1,568,0,1,621,1,1,406,0,6,643,-2,1,682,-2,2,612,1,2,626,0,3
0,-8,312,644,-3,1,568,0,1,622,1,1,402,0,6,643,-2,1,677,-2,2,610,1,2,623,0,3
0,-8,304,643,-3,1,569,0,1,623,1,1,397,0,6,642,-2,1,672,-2,2,607,1,2,620,0,3
4,-8,296,643,-3,1,570,0,1,624,1,1,393,0,6,642,-2,1,668,-2,2,605,1,2,617,0,3
0,-8,288,642,-3,1,570,0,1,625,1,1,389,0,6,641,-2,1,663,-2,2,603,1,2,614,0,3
0,-8,280,642,-3,1,571,0,1,627,1,1,641,-2,1,694,-2,4,601,1,2,611,0,3,674,-1,3
0,-8,272,641,-3,1,573,0,1,629,1,1,641,-2,1,688,-2,4,599,1,2,609,0,3,669,-1,3
4,-8,264,641,-3,1,574,0,1,630,1,1,641,-2,1,682,-2,4,598,1,2,606,0,3,665,-1,3
0,-8,256,641,-3,1,575,0,1,693,1,5,640,-2,1,677,-2,4,596,1,2,604,0,3,660,-1,3
0,-8,248,640,-3,1,577,0,1,689,1,5,640,-2,1,671,-2,4,595,1,2,602,0,3,656,-1,3
0,-8,240,640,-3,1,578,0,1,686,1,5,640,-2,1,665,-2,4,593,1,2,599,0,3,651,-1,3
0,-8,232,640,-3,1,580,0,1,683,1,5,640,-2,1,659,-2,4,592,1,2,597,0,3,647,-1,3
0,-8,224,640,-3,1,581,0,1,679,1,5,640,-2,1,653,-2,4,591,1,2,595,0,3,642,-1,3
4,-8,216,639,-3,1,583,0,1,676,1,5,640,-2,1,647,-2,4,590,1,2,594,0,3,638,-1,3
0,-8,208,639,-3,1,585,0,1,673,1,5,641,-2,1,642,-2,4,590,1,2,592,0,3,634,-1,3
0,-8,200,639,-3,1,587,0,1,671,1,5,641,-2,1,636,-2,4,589,1,2,590,0,3,630,-1,3
0,-8,192,639,-3,1,590,0,1,668,1,5,641,-2,1,630,-2,4,589,1,2,589,0,3,625,-1,3
4,-8,184,639,-3,1,592,0,1,666,1,5,641,-2,1,625,-2,4,588,1,2,587,0,3,621,-1,3
0,-8,176,639,-3,1,594,0,1,663,1,5,642,-2,1,619,-2,4,586,0,3,617,-1,3,691,2,5
0,-8,168,639,-3,1,597,0,1,661,1,5,642,-2,1,613,-2,4,585,0,3,613,-1,3,687,2,5
0,-8,160,639,-3,1,599,0,1,659,1,5,643,-2,1,608,-2,4,584,0,3,610,-1,3,684,2,5
4,-8,152,640,-3,1,602,0,1,657,1,5,643,-2,1,602,-2,4,606,-1,3,696,1,7,635,2,3
0,-8,144,640,-3,1,605,0,1,655,1,5,644,-2,1,597,-2,4,602,-1,3,693,1,7,632,2,3
0,-8,136,640,-3,1,608,0,1,654,1,5,645,-2,1,591,-2,4,598,-1,3,689,1,7,628,2,3
0,-8,128,611,0,1,653,1,5,645,-2,1,586,-2,4,595,-1,3,686,1,7,625,2,3,693,-3,4
4,-8,120,614,0,1,651,1,5,646,-2,1,581,-2,4,591,-1,3,682,1,7,622,2,3,689,-3,4
0,-8,112,617,0,1,650,1,5,647,-2,1,575,-2,4,588,-1,3,679,1,7,619,2,3,684,-3,4
0,-8,104,620,0,1,649,1,5,648,-2,1,649,-2,6,585,-1,3,677,1,7,616,2,3,680,-3,4
0,-8,96,623,0,1,649,1,5,649,-2,1,643,-2,6,581,-1,3,674,1,7,614,2,3,675,-3,4
0,-8,88,627,0,1,650,-2,1,638,-2,6,578,-1,3,671,1,7,612,2,3,671,-3,4,677,-3,2
0,-8,80,630,0,1,651,-2,1,633,-2,6,575,-1,3,669,1,7,609,2,3,666,-3,4,676,-3,2
0,-8,72,634,0,1,652,-2,1,628,-2,6,572,-1,3,667,1,7,607,2,3,662,-3,4,675,-3,2
4,-8,64,637,0,1,653,-2,1,622,-2,6,569,-1,3,665,1,7,606,2,3,657,-3,4,674,-3,2
0,-8,56,641,0,1,655,-2,1,617,-2,6,566,-1,3,663,1,7,604,2,3,653,-3,4,674,-3,2
0,-8,48,645,0,1,656,-2,1,612,-2,6,564,-1,3,602,2,3,649,-3,4,673,-3,2,661,-3,2
0,-8,40,649,0,1,657,-2,1,607,-2,6,561,-1,3,601,2,3,645,-3,4,672,-3,2,660,-3,2
4,-8,32,653,0,1,659,-2,1,603,-2,6,558,-1,3,600,2,3,640,-3,4,672,-3,2,658,-3,2
0,-8,25,656,0,1,660,-2,1,598,-2,6,556,-1,3,599,2,3,636,-3,4,671,-3,2,657,-3,2
0,-8,25,655,0,1,658,-2,1,591,-2,6,553,-1,3,596,2,3,632,-3,4,668,-3,2,655,-3,2
0,-8,25,655,0,1,656,-2,1,585,-2,6,550,-1,3,594,2,3,629,-3,4,666,-3,2,652,-3,2
5,8,33,649,0,1,651,-2,1,577,-2,6,546,-1,3,590,2,3,625,-3,4,661,-3,2,649,-3,2
1,8,41,643,0,1,647,-2,1,570,-2,6,543,-1,3,585,2,3,622,-3,4,656,-3,2,646,-3,2
5,8,49,638,0,1,642,-2,1,562,-2,6,539,-1,3,581,2,3,619,-3,4,651,-3,2,643,-3,2
1,8,57,632,0,1,638,-2,1,555,-2,6,536,-1,3,577,2,3,616,-3,4,647,-3,2,641,-3,2
1,8,65,627,0,1,633,-2,1,548,-2,6,533,-1,3,573,2,3,613,-3,4,642,-3,2,638,-3,2
1,8,73,622,0,1,629,-2,1,541,-2,6,530,-1,3,569,2,3,611,-3,4,638,-3,2,636,-3,2
1,8,81,616,0,1,625,-2,1,534,-2,6,527,-1,3,565,2,3,609,-3,4,634,-3,2,634,-3,2
5,8,89,611,0,1,621,-2,1,527,-2,6,525,-1,3,562,2,3,607,-3,4,631,-3,2,632,-3,2
1,8,97,606,0,1,521,-2,6,522,-1,3,558,2,3,724,-3,1,627,-3,2,630,-3,2,689,0,2
1,8,105,601,0,1,514,-2,6,520,-1,3,554,2,3,719,-3,1,624,-3,2,629,-3,2,687,0,2
1,8,113,596,0,1,508,-2,6,518,-1,3,550,2,3,714,-3,1,620,-3,2,628,-3,2,685,0,2
5,8,121,591,0,1,502,-2,6,516,-1,3,547,2,3,709,-3,1,617,-3,2,627,-3,2,682,0,2
1,8,129,586,0,1,496,-2,6,514,-1,3,543,2,3,704,-3,1,615,-3,2,626,-3,2,680,0,2
1,8,137,581,0,1,491,-2,6,513,-1,3,700,-3,1,612,-3,2,625,-3,2,678,0,2,643,-2,1
1,8,145,576,0,1,485,-2,6,512,-1,3,695,-3,1,609,-3,2,625,-3,2,676,0,2,642,-2,1
5,8,153,571,0,1,480,-2,6,510,-1,3,691,-3,1,607,-3,2,624,-3,2,674,0,2,640,-2,1
1,8,161,567,0,1,475,-2,6,509,-1,3,687,-3,1,605,-3,2,624,-3,2,672,0,2,639,-2,1
1,8,169,562,0,1,471,-2,6,508,-1,3,683,-3,1,603,-3,2,624,-3,2,671,0,2,638,-2,1
1,8,177,558,0,1,508,-1,3,679,-3,1,601,-3,2,625,-3,2,669,0,2,637,-2,1,670,-3,2
5,8,185,553,0,1,507,-1,3,675,-3,1,600,-3,2,625,-3,2,667,0,2,636,-2,1,665,-3,2
1,8,193,549,0,1,507,-1,3,672,-3,1,599,-3,2,626,-3,2,666,0,2,636,-2,1,660,-3,2
1,8,201,545,0,1,507,-1,3,669,-3,1,598,-3,2,627,-3,2,665,0,2,635,-2,1,655,-3,2
5,8,209,541,0,1,507,-1,3,665,-3,1,597,-3,2,628,-3,2,663,0,2,635,-2,1,651,-3,2
1,8,217,537,0,1,507,-1,3,662,-3,1,596,-3,2,629,-3,2,662,0,2,635,-2,1,646,-3,2
1,8,225,533,0,1,507,-1,3,660,-3,1,596,-3,2,631,-3,2,661,0,2,635,-2,1,642,-3,2
1,8,233,529,0,1,657,-3,1,595,-3,2,633,-3,2,660,0,2,635,-2,1,638,-3,2,642,-1,7
1,8,241,525,0,1,654,-3,1,634,-3,2,659,0,2,634,-3,2,633,-1,7,700,1,5,674,1,7
5,8,249,521,0,1,652,-3,1,637,-3,2,659,0,2,630,-3,2,625,-1,7,696,1,5,669,1,7
1,8,257,518,0,1,650,-3,1,639,-3,2,658,0,2,626,-3,2,617,-1,7,693,1,5,663,1,7
1,8,265,514,0,1,648,-3,1,641,-3,2,658,0,2,623,-3,2,608,-1,7,690,1,5,658,1,7
1,8,273,511,0,1,646,-3,1,644,-3,2,657,0,2,620,-3,2,600,-1,7,687,1,5,653,1,7
1,8,281,508,0,1,645,-3,1,647,-3,2,657,0,2,617,-3,2,592,-1,7,684,1,5,648,1,7
5,8,289,504,0,1,643,-3,1,650,-3,2,657,0,2,614,-3,2,584,-1,7,681,1,5,643,1,7
1,8,297,501,0,1,642,-3,1,653,-3,2,657,0,2,611,-3,2,577,-1,7,678,1,5,638,1,7
1,8,305,498,0,1,641,-3,1,656,-3,2,657,0,2,608,-3,2,569,-1,7,675,1,5,634,1,7
5,8,313,496,0,1,640,-3,1,660,-3,2,657,0,2,606,-3,2,562,-1,7,672,1,5,629,1,7
1,8,321,493,0,1,640,-3,1,664,-3,2,657,0,2,604,-3,2,554,-1,7,669,1,5,625,1,7
1,8,329,490,0,1,639,-3,1,667,-3,2,657,0,2,602,-3,2,547,-1,7,667,1,5,620,1,7
1,8,337,488,0,1,639,-3,1,672,-3,2,658,0,2,600,-3,2,540,-1,7,665,1,5,616,1,7
5,8,345,485,0,1,639,-3,1,676,-3,2,658,0,2,599,-3,2,533,-1,7,662,1,5,612,1,7
1,8,353,483,0,1,639,-3,1,680,-3,2,659,0,2,598,-3,2,526,-1,7,660,1,5,608,1,7
1,8,361,481,0,1,639,-3,1,731,-3,4,659,0,2,596,-3,2,520,-1,7,658,1,5,604,1,7
1,8,369,479,0,1,640,-3,1,732,-3,4,660,0,2,596,-3,2,513,-1,7,656,1,5,601,1,7
1,8,377,477,0,1,640,-3,1,733,-3,4,661,0,2,595,-3,2,507,-1,7,654,1,5,597,1,7
5,8,385,476,0,1,641,-3,1,734,-3,4,662,0,2,594,-3,2,501,-1,7,652,1,5,594,1,7
1,8,393,474,0,1,642,-3,1,736,-3,4,663,0,2,594,-3,2,495,-1,7,651,1,5,591,1,7
1,8,401,473,0,1,644,-3,1,737,-3,4,665,0,2,594,-3,2,489,-1,7,649,1,5,588,1,7
5,8,409,471,0,1,645,-3,1,666,0,2,594,-3,2,484,-1,7,648,1,5,585,1,7,788,-1,2
1,8,417,470,0,1,647,-3,1,667,0,2,595,-3,2,479,-1,7,646,1,5,582,1,7,790,-1,2
1,8,425,469,0,1,648,-3,1,669,0,2,595,-3,2,473,-1,7,645,1,5,580,1,7,793,-1,2
1,8,433,468,0,1,650,-3,1,670,0,2,596,-3,2,469,-1,7,644,1,5,796,-1,2,676,-2,5
1,8,441,467,0,1,653,-3,1,672,0,2,597,-3,2,464,-1,7,643,1,5,799,-1,2,673,-2,5
5,8,449,467,0,1,655,-3,1,674,0,2,598,-3,2,460,-1,7,642,1,5,802,-1,2,671,-2,5
1,8,455,466,0,1,657,-3,1,675,0,2,599,-3,2,455,-1,7,640,1,5,804,-1,2,668,-2,5
0,8,455,465,0,1,657,-3,1,673,0,2,598,-3,2,448,-1,7,635,1,5,664,-2,5,664,-2,1
4,-8,447,464,0,1,654,-3,1,668,0,2,595,-3,2,440,-1,7,627,1,5,657,-2,5,663,-2,1
0,-8,439,462,0,1,652,-3,1,662,0,2,591,-3,2,431,-1,7,618,1,5,651,-2,5,662,-2,1
0,-8,431,461,0,1,649,-3,1,657,0,2,588,-3,2,422,-1,7,609,1,5,645,-2,5,661,-2,1
0,-8,423,460,0,1,647,-3,1,652,0,2,584,-3,2,414,-1,7,638,-2,5,659,-2,1,693,2,4
0,-8,415,459,0,1,644,-3,1,646,0,2,581,-3,2,405,-1,7,632,-2,5,658,-2,1,686,2,4
4,-8,407,458,0,1,642,-3,1,641,0,2,578,-3,2,397,-1,7,626,-2,5,657,-2,1,680,2,4
0,-8,399,458,0,1,640,-3,1,636,0,2,574,-3,2,388,-1,7,620,-2,5,656,-2,1,673,2,4
0,-8,391,457,0,1,637,-3,1,631,0,2,571,-3,2,614,-2,5,655,-2,1,667,2,4,698,0,6
0,-8,383,457,0,1,635,-3,1,626,0,2,568,-3,2,607,-2,5,654,-2,1,661,2,4,690,0,6
4,-8,375,457,0,1,633,-3,1,621,0,2,565,-3,2,601,-2,5,653,-2,1,655,2,4,682,0,6
0,-8,367,457,0,1,630,-3,1,617,0,2,562,-3,2,595,-2,5,652,-2,1,649,2,4,674,0,6
0,-8,359,457,0,1,628,-3,1,612,0,2,559,-3,2,589,-2,5,652,-2,1,643,2,4,666,0,6
0,-8,351,457,0,1,626,-3,1,607,0,2,583,-2,5,651,-2,1,638,2,4,659,0,6,688,-3,6
0,-8,343,457,0,1,624,-3,1,603,0,2,577,-2,5,650,-2,1,632,2,4,651,0,6,682,-3,6
4,-8,335,458,0,1,598,0,2,572,-2,5,650,-2,1,627,2,4,643,0,6,676,-3,6,647,2,2
0,-8,327,458,0,1,594,0,2,566,-2,5,649,-2,1,622,2,4,636,0,6,671,-3,6,645,2,2
0,-8,319,459,0,1,589,0,2,560,-2,5,649,-2,1,617,2,4,628,0,6,665,-3,6,643,2,2
4,-8,311,460,0,1,585,0,2,554,-2,5,648,-2,1,612,2,4,621,0,6,659,-3,6,641,2,2
0,-8,303,461,0,1,581,0,2,648,-2,1,607,2,4,613,0,6,654,-3,6,640,2,2,681,-2,7
0,-8,295,462,0,1,577,0,2,647,-2,1,603,2,4,606,0,6,648,-3,6,638,2,2,673,-2,7
4,-8,287,464,0,1,573,0,2,647,-2,1,598,2,4,599,0,6,643,-3,6,637,2,2,665,-2,7
0,-8,279,465,0,1,569,0,2,647,-2,1,594,2,4,592,0,6,638,-3,6,636,2,2,656,-2,7
0,-8,271,467,0,1,565,0,2,647,-2,1,590,2,4,585,0,6,632,-3,6,635,2,2,648,-2,7
0,-8,263,469,0,1,561,0,2,647,-2,1,586,2,4,578,0,6,627,-3,6,634,2,2,640,-2,7
4,-8,255,470,0,1,558,0,2,647,-2,1,571,0,6,622,-3,6,634,2,2,632,-2,7,684,-1,4
0,-8,247,472,0,1,554,0,2,647,-2,1,564,0,6,617,-3,6,633,2,2,623,-2,7,679,-1,4
0,-8,239,475,0,1,551,0,2,647,-2,1,558,0,6,611,-3,6,633,2,2,615,-2,7,673,-1,4
0,-8,231,547,0,2,647,-2,1,551,0,6,606,-3,6,633,2,2,607,-2,7,668,-1,4,668,-3,5
4,-8,223,544,0,2,647,-2,1,545,0,6,601,-3,6,633,2,2,599,-2,7,663,-1,4,663,-3,5
0,-8,215,541,0,2,647,-2,1,538,0,6,596,-3,6,633,2,2,591,-2,7,658,-1,4,659,-3,5
0,-8,207,538,0,2,648,-2,1,532,0,6,592,-3,6,634,2,2,583,-2,7,653,-1,4,655,-3,5
0,-8,199,535,0,2,648,-2,1,526,0,6,587,-3,6,634,2,2,575,-2,7,649,-1,4,651,-3,5
0,-8,191,532,0,2,649,-2,1,520,0,6,582,-3,6,635,2,2,567,-2,7,644,-1,4,646,-3,5
4,-8,183,530,0,2,649,-2,1,514,0,6,577,-3,6,636,2,2,559,-2,7,639,-1,4,642,-3,5
0,-8,175,527,0,2,650,-2,1,508,0,6,573,-3,6,637,2,2,551,-2,7,634,-1,4,638,-3,5
0,-8,167,525,0,2,650,-2,1,503,0,6,568,-3,6,638,2,2,544,-2,7,630,-1,4,634,-3,5
0,-8,159,522,0,2,651,-2,1,497,0,6,564,-3,6,536,-2,7,625,-1,4,630,-3,5,678,-2,1
4,-8,151,520,0,2,652,-2,1,492,0,6,559,-3,6,528,-2,7,621,-1,4,626,-3,5,677,-2,1
0,-8,143,518,0,2,652,-2,1,487,0,6,555,-3,6,520,-2,7,617,-1,4,622,-3,5,677,-2,1
0,-8,135,516,0,2,653,-2,1,482,0,6,551,-3,6,513,-2,7,612,-1,4,618,-3,5,677,-2,1
0,-8,127,514,0,2,654,-2,1,477,0,6,546,-3,6,505,-2,7,608,-1,4,614,-3,5,677,-2,1
4,-8,119,513,0,2,655,-2,1,472,0,6,542,-3,6,498,-2,7,604,-1,4,611,-3,5,677,-2,1
0,-8,111,511,0,2,656,-2,1,468,0,6,538,-3,6,490,-2,7,600,-1,4,607,-3,5,678,-2,1
0,-8,103,509,0,2,657,-2,1,463,0,6,534,-3,6,483,-2,7,596,-1,4,603,-3,5,678,-2,1
0,-8,95,508,0,2,658,-2,1,459,0,6,531,-3,6,476,-2,7,592,-1,4,600,-3,5,678,-2,1
4,-8,87,507,0,2,659,-2,1,455,0,6,527,-3,6,468,-2,7,588,-1,4,596,-3,5,678,-2,1
0,-8,79,506,0,2,660,-2,1,451,0,6,523,-3,6,461,-2,7,585,-1,4,593,-3,5,679,-2,1
0,-8,71,505,0,2,662,-2,1,448,0,6,520,-3,6,454,-2,7,581,-1,4,590,-3,5,679,-2,1
0,-8,63,504,0,2,663,-2,1,444,0,6,516,-3,6,447,-2,7,578,-1,4,586,-3,5,680,-2,1
4,-8,55,504,0,2,664,-2,1,441,0,6,513,-3,6,440,-2,7,574,-1,4,583,-3,5,680,-2,1
0,-8,47,503,0,2,666,-2,1,438,0,6,509,-3,6,433,-2,7,571,-1,4,580,-3,5,681,-2,1
0,-8,39,503,0,2,667,-2,1,435,0,6,426,-2,7,568,-1,4,577,-3,5,681,-2,1,650,2,7
0,-8,31,502,0,2,669,-2,1,433,0,6,420,-2,7,564,-1,4,574,-3,5,682,-2,1,644,2,7
0,-8,25,502,0,2,669,-2,1,413,-2,7,561,-1,4,570,-3,5,682,-2,1,637,2,7,683,-2,4
5,8,33,498,0,2,664,-2,1,405,-2,7,556,-1,4,562,-3,5,678,-2,1,630,2,7,679,-2,4
1,8,41,494,0,2,660,-2,1,398,-2,7,551,-1,4,553,-3,5,675,-2,1,623,2,7,674,-2,4
1,8,49,491,0,2,655,-2,1,391,-2,7,546,-1,4,545,-3,5,671,-2,1,615,2,7,670,-2,4
1,8,57,487,0,2,650,-2,1,384,-2,7,541,-1,4,537,-3,5,668,-2,1,608,2,7,665,-2,4
5,8,65,484,0,2,646,-2,1,378,-2,7,537,-1,4,529,-3,5,665,-2,1,601,2,7,661,-2,4
1,8,73,481,0,2,641,-2,1,371,-2,7,532,-1,4,522,-3,5,662,-2,1,594,2,7,657,-2,4
1,8,81,478,0,2,637,-2,1,365,-2,7,528,-1,4,514,-3,5,659,-2,1,587,2,7,653,-2,4
1,8,89,475,0,2,633,-2,1,360,-2,7,524,-1,4,507,-3,5,656,-2,1,580,2,7,649,-2,4
5,8,97,472,0,2,629,-2,1,354,-2,7,520,-1,4,499,-3,5,653,-2,1,573,2,7,646,-2,4
1,8,105,469,0,2,349,-2,7,516,-1,4,492,-3,5,651,-2,1,566,2,7,642,-2,4,683,1,3
1,8,113,467,0,2,345,-2,7,513,-1,4,485,-3,5,648,-2,1,560,2,7,639,-2,4,678,1,3
5,8,121,464,0,2,341,-2,7,509,-1,4,479,-3,5,646,-2,1,553,2,7,636,-2,4,673,1,3
1,8,129,462,0,2,337,-2,7,506,-1,4,644,-2,1,546,2,7,633,-2,4,669,1,3,658,0,3
1,8,137,460,0,2,503,-1,4,642,-2,1,540,2,7,630,-2,4,656,0,3,739,2,1,679,0,3
1,8,145,458,0,2,500,-1,4,641,-2,1,533,2,7,628,-2,4,655,0,3,736,2,1,676,0,3
5,8,153,497,-1,4,639,-2,1,527,2,7,625,-2,4,654,0,3,732,2,1,673,0,3,701,-3,6
1,8,161,494,-1,4,637,-2,1,521,2,7,623,-2,4,652,0,3,729,2,1,669,0,3,692,-3,6
1,8,169,492,-1,4,636,-2,1,514,2,7,621,-2,4,651,0,3,726,2,1,666,0,3,682,-3,6
1,8,177,490,-1,4,635,-2,1,508,2,7,619,-2,4,651,0,3,723,2,1,663,0,3,673,-3,6
1,8,185,487,-1,4,634,-2,1,502,2,7,618,-2,4,650,0,3,720,2,1,660,0,3,664,-3,6
5,8,193,633,-2,1,496,2,7,616,-2,4,649,0,3,717,2,1,657,0,3,655,-3,6,698,-2,2
1,8,201,633,-2,1,491,2,7,615,-2,4,648,0,3,713,2,1,654,0,3,646,-3,6,693,-2,2
1,8,209,632,-2,1,485,2,7,614,-2,4,648,0,3,710,2,1,652,0,3,637,-3,6,688,-2,2
1,8,217,632,-2,1,479,2,7,613,-2,4,648,0,3,708,2,1,649,0,3,628,-3,6,683,-2,2
1,8,225,631,-2,1,474,2,7,612,-2,4,647,0,3,705,2,1,647,0,3,620,-3,6,678,-2,2
5,8,233,631,-2,1,468,2,7,611,-2,4,647,0,3,702,2,1,644,0,3,612,-3,6,673,-2,2
1,8,241,632,-2,1,463,2,7,611,-2,4,647,0,3,673,2,3,642,0,3,603,-3,6,669,-2,2
1,8,249,632,-2,1,458,2,7,611,-2,4,647,0,3,671,2,3,640,0,3,595,-3,6,664,-2,2
1,8,257,632,-2,1,453,2,7,611,-2,4,648,0,3,669,2,3,638,0,3,587,-3,6,660,-2,2
5,8,265,633,-2,1,448,2,7,611,-2,4,648,0,3,667,2,3,636,0,3,580,-3,6,656,-2,2
1,8,273,634,-2,1,443,2,7,611,-2,4,648,0,3,666,2,3,634,0,3,572,-3,6,652,-2,2
1,8,281,635,-2,1,439,2,7,612,-2,4,649,0,3,664,2,3,632,0,3,564,-3,6,648,-2,2
1,8,289,636,-2,1,434,2,7,613,-2,4,650,0,3,663,2,3,630,0,3,557,-3,6,644,-2,2
1,8,297,637,-2,1,430,2,7,614,-2,4,650,0,3,661,2,3,629,0,3,550,-3,6,641,-2,2
5,8,305,638,-2,1,426,2,7,615,-2,4,651,0,3,660,2,3,628,0,3,543,-3,6,637,-2,2
1,8,313,640,-2,1,422,2,7,616,-2,4,652,0,3,659,2,3,626,0,3,537,-3,6,634,-2,2
1,8,321,642,-2,1,418,2,7,618,-2,4,653,0,3,657,2,3,625,0,3,530,-3,6,631,-2,2
1,8,329,643,-2,1,415,2,7,619,-2,4,654,0,3,656,2,3,624,0,3,524,-3,6,628,-2,2
5,8,337,645,-2,1,621,-2,4,656,0,3,655,2,3,623,0,3,518,-3,6,625,-2,2,674,2,7
1,8,345,648,-2,1,657,0,3,654,2,3,622,0,3,512,-3,6,622,-2,2,668,2,7,730,-2,2
1,8,353,650,-2,1,659,0,3,653,2,3,622,0,3,507,-3,6,620,-2,2,662,2,7,733,-2,2
1,8,361,652,-2,1,660,0,3,652,2,3,621,0,3,502,-3,6,617,-2,2,656,2,7,736,-2,2
5,8,369,655,-2,1,662,0,3,651,2,3,620,0,3,497,-3,6,615,-2,2,651,2,7,739,-2,2
1,8,377,658,-2,1,664,0,3,651,2,3,620,0,3,492,-3,6,613,-2,2,645,2,7,743,-2,2
1,8,385,661,-2,1,666,0,3,650,2,3,620,0,3,487,-3,6,611,-2,2,640,2,7,746,-2,2
1,8,393,664,-2,1,649,2,3,620,0,3,483,-3,6,609,-2,2,634,2,7,750,-2,2,685,-2,4
5,8,401,667,-2,1,649,2,3,620,0,3,479,-3,6,608,-2,2,629,2,7,753,-2,2,681,-2,4
1,8,409,670,-2,1,648,2,3,620,0,3,476,-3,6,606,-2,2,624,2,7,757,-2,2,678,-2,4
1,8,417,674,-2,1,648,2,3,620,0,3,472,-3,6,605,-2,2,619,2,7,761,-2,2,674,-2,4
1,8,425,677,-2,1,647,2,3,620,0,3,470,-3,6,604,-2,2,614,2,7,765,-2,2,671,-2,4
5,8,433,681,-2,1,647,2,3,621,0,3,467,-3,6,603,-2,2,609,2,7,769,-2,2,667,-2,4
1,8,441,685,-2,1,647,2,3,621,0,3,465,-3,6,602,-2,2,604,2,7,774,-2,2,664,-2,4
1,8,449,689,-2,1,647,2,3,622,0,3,463,-3,6,602,-2,2,599,2,7,778,-2,2,661,-2,4
0,-8,441,685,-2,1,640,2,3,616,0,3,455,-3,6,599,-2,2,589,2,7,773,-2,2,657,-2,4
0,-8,433,681,-2,1,633,2,3,610,0,3,448,-3,6,596,-2,2,580,2,7,768,-2,2,652,-2,4
0,-8,425,677,-2,1,626,2,3,604,0,3,441,-3,6,594,-2,2,570,2,7,683,-2,3,648,-2,4
0,-8,417,674,-2,1,619,2,3,598,0,3,433,-3,6,591,-2,2,560,2,7,680,-2,3,643,-2,4
4,-8,409,613,2,3,592,0,3,426,-3,6,588,-2,2,551,2,7,677,-2,3,639,-2,4,700,-3,2
0,-8,401,606,2,3,586,0,3,419,-3,6,586,-2,2,542,2,7,674,-2,3,634,-2,4,697,-3,2
0,-8,393,600,2,3,580,0,3,583,-2,2,532,2,7,671,-2,3,630,-2,4,694,-3,2,703,2,3
0,-8,385,594,2,3,581,-2,2,523,2,7,668,-2,3,626,-2,4,691,-3,2,697,2,3,751,2,3
0,-8,377,588,2,3,578,-2,2,514,2,7,665,-2,3,621,-2,4,688,-3,2,690,2,3,691,1,3
4,-8,369,582,2,3,576,-2,2,505,2,7,662,-2,3,617,-2,4,686,-3,2,684,2,3,685,1,3
0,-8,361,576,2,3,574,-2,2,497,2,7,660,-2,3,613,-2,4,683,-3,2,677,2,3,679,1,3
0,-8,353,570,2,3,571,-2,2,488,2,7,657,-2,3,609,-2,4,680,-3,2,671,2,3,673,1,3
0,-8,345,569,-2,2,480,2,7,654,-2,3,605,-2,4,677,-3,2,665,2,3,667,1,3,685,-2,6
4,-8,337,567,-2,2,471,2,7,652,-2,3,601,-2,4,674,-3,2,659,2,3,661,1,3,679,-2,6
0,-8,329,565,-2,2,463,2,7,649,-2,3,597,-2,4,672,-3,2,653,2,3,655,1,3,673,-2,6
0,-8,321,563,-2,2,456,2,7,647,-2,3,593,-2,4,669,-3,2,647,2,3,649,1,3,667,-2,6
0,-8,313,561,-2,2,644,-2,3,590,-2,4,666,-3,2,641,2,3,643,1,3,661,-2,6,636,-2,1
4,-8,305,559,-2,2,642,-2,3,586,-2,4,664,-3,2,636,2,3,638,1,3,655,-2,6,635,-2,1
0,-8,297,557,-2,2,640,-2,3,582,-2,4,661,-3,2,630,2,3,632,1,3,649,-2,6,634,-2,1
0,-8,289,556,-2,2,638,-2,3,579,-2,4,659,-3,2,625,2,3,627,1,3,643,-2,6,633,-2,1
0,-8,281,554,-2,2,636,-2,3,575,-2,4,656,-3,2,620,2,3,621,1,3,637,-2,6,632,-2,1
0,-8,273,553,-2,2,633,-2,3,572,-2,4,654,-3,2,614,2,3,616,1,3,632,-2,6,631,-2,1
4,-8,265,551,-2,2,631,-2,3,568,-2,4,651,-3,2,610,2,3,611,1,3,626,-2,6,630,-2,1
0,-8,257,550,-2,2,630,-2,3,565,-2,4,649,-3,2,605,2,3,606,1,3,620,-2,6,629,-2,1
0,-8,249,548,-2,2,628,-2,3,562,-2,4,647,-3,2,600,2,3,601,1,3,615,-2,6,629,-2,1
0,-8,241,547,-2,2,626,-2,3,559,-2,4,644,-3,2,596,2,3,596,1,3,609,-2,6,628,-2,1
4,-8,233,546,-2,2,624,-2,3,556,-2,4,642,-3,2,591,2,3,591,1,3,604,-2,6,627,-2,1
0,-8,225,544,-2,2,622,-2,3,553,-2,4,640,-3,2,587,2,3,586,1,3,599,-2,6,627,-2,1
0,-8,217,543,-2,2,621,-2,3,550,-2,4,637,-3,2,583,2,3,582,1,3,593,-2,6,626,-2,1
0,-8,209,542,-2,2,619,-2,3,547,-2,4,635,-3,2,579,2,3,578,1,3,588,-2,6,626,-2,1
4,-8,201,541,-2,2,618,-2,3,544,-2,4,633,-3,2,575,2,3,573,1,3,583,-2,6,625,-2,1
0,-8,193,541,-2,2,616,-2,3,541,-2,4,631,-3,2,572,2,3,569,1,3,578,-2,6,625,-2,1
0,-8,185,540,-2,2,615,-2,3,539,-2,4,629,-3,2,568,2,3,565,1,3,573,-2,6,625,-2,1
0,-8,177,539,-2,2,614,-2,3,536,-2,4,627,-3,2,565,2,3,561,1,3,568,-2,6,624,-2,1
4,-8,169,538,-2,2,534,-2,4,625,-3,2,562,2,3,558,1,3,563,-2,6,624,-2,1,650,2,1
0,-8,161,538,-2,2,531,-2,4,623,-3,2,559,2,3,554,1,3,559,-2,6,624,-2,1,651,2,1
0,-8,153,537,-2,2,529,-2,4,621,-3,2,556,2,3,551,1,3,554,-2,6,624,-2,1,652,2,1
0,-8,145,537,-2,2,527,-2,4,619,-3,2,554,2,3,547,1,3,549,-2,6,624,-2,1,653,2,1
4,-8,137,536,-2,2,525,-2,4,618,-3,2,552,2,3,544,1,3,545,-2,6,624,-2,1,654,2,1
0,-8,129,536,-2,2,523,-2,4,616,-3,2,549,2,3,541,1,3,541,-2,6,624,-2,1,655,2,1
0,-8,121,536,-2,2,521,-2,4,614,-3,2,548,2,3,538,1,3,536,-2,6,624,-2,1,657,2,1
4,-8,113,536,-2,2,519,-2,4,612,-3,2,546,2,3,535,1,3,532,-2,6,624,-2,1,659,2,1
0,-8,105,536,-2,2,518,-2,4,611,-3,2,544,2,3,533,1,3,528,-2,6,625,-2,1,660,2,1
0,-8,97,536,-2,2,516,-2,4,609,-3,2,543,2,3,530,1,3,524,-2,6,625,-2,1,662,2,1
0,-8,89,536,-2,2,515,-2,4,607,-3,2,542,2,3,528,1,3,521,-2,6,626,-2,1,664,2,1
0,-8,81,536,-2,2,513,-2,4,606,-3,2,541,2,3,526,1,3,517,-2,6,626,-2,1,667,2,1
4,-8,73,536,-2,2,512,-2,4,605,-3,2,540,2,3,524,1,3,513,-2,6,627,-2,1,669,2,1
0,-8,65,536,-2,2,511,-2,4,603,-3,2,539,2,3,522,1,3,510,-2,6,627,-2,1,672,2,1
0,-8,57,537,-2,2,510,-2,4,602,-3,2,539,2,3,521,1,3,506,-2,6,628,-2,1,674,2,1
0,-8,49,537,-2,2,600,-3,2,539,2,3,519,1,3,503,-2,6,628,-2,1,677,2,1,653,-1,6
4,-8,41,538,-2,2,599,-3,2,539,2,3,518,1,3,500,-2,6,629,-2,1,680,2,1,649,-1,6
0,-8,33,538,-2,2,598,-3,2,539,2,3,517,1,3,497,-2,6,630,-2,1,683,2,1,645,-1,6
1,8,41,533,-2,2,594,-3,2,534,2,3,513,1,3,487,-2,6,626,-2,1,680,2,1,637,-1,6
1,8,49,527,-2,2,591,-3,2,530,2,3,508,1,3,622,-2,1,676,2,1,629,-1,6,638,-3,4
1,8,57,521,-2,2,588,-3,2,525,2,3,504,1,3,619,-2,1,673,2,1,621,-1,6,634,-3,4
5,8,65,516,-2,2,585,-3,2,520,2,3,500,1,3,615,-2,1,670,2,1,614,-1,6,631,-3,4
1,8,73,510,-2,2,582,-3,2,516,2,3,496,1,3,612,-2,1,667,2,1,606,-1,6,627,-3,4
1,8,81,505,-2,2,579,-3,2,511,2,3,492,1,3,609,-2,1,664,2,1,599,-1,6,624,-3,4
1,8,89,500,-2,2,577,-3,2,507,2,3,488,1,3,606,-2,1,661,2,1,592,-1,6,621,-3,4
5,8,97,495,-2,2,575,-3,2,503,2,3,484,1,3,603,-2,1,658,2,1,585,-1,6,618,-3,4
1,8,105,573,-3,2,498,2,3,480,1,3,600,-2,1,578,-1,6,616,-3,4,665,1,2,644,0,1
1,8,113,571,-3,2,494,2,3,477,1,3,598,-2,1,571,-1,6,613,-3,4,661,1,2,643,0,1
1,8,121,570,-3,2,490,2,3,473,1,3,595,-2,1,564,-1,6,611,-3,4,658,1,2,642,0,1
5,8,129,569,-3,2,485,2,3,470,1,3,593,-2,1,557,-1,6,609,-3,4,654,1,2,641,0,1
1,8,137,567,-3,2,481,2,3,466,1,3,591,-2,1,551,-1,6,607,-3,4,651,1,2,640,0,1
1,8,145,567,-3,2,477,2,3,463,1,3,589,-2,1,544,-1,6,606,-3,4,647,1,2,639,0,1
1,8,153,566,-3,2,473,2,3,587,-2,1,538,-1,6,605,-3,4,644,1,2,639,0,1,695,0,2
1,8,161,566,-3,2,469,2,3,586,-2,1,532,-1,6,604,-3,4,641,1,2,638,0,1,695,0,2
1,8,169,565,-3,2,465,2,3,584,-2,1,526,-1,6,603,-3,4,637,1,2,638,0,1,695,0,2
1,8,177,565,-3,2,461,2,3,583,-2,1,520,-1,6,602,-3,4,634,1,2,637,0,1,694,0,2
1,8,185,566,-3,2,458,2,3,582,-2,1,515,-1,6,602,-3,4,631,1,2,637,0,1,694,0,2
5,8,193,566,-3,2,454,2,3,581,-2,1,509,-1,6,602,-3,4,628,1,2,637,0,1,694,0,2
1,8,201,567,-3,2,450,2,3,580,-2,1,504,-1,6,602,-3,4,625,1,2,637,0,1,694,0,2
1,8,209,568,-3,2,447,2,3,580,-2,1,499,-1,6,602,-3,4,622,1,2,637,0,1,694,0,2
1,8,217,569,-3,2,443,2,3,494,-1,6,603,-3,4,620,1,2,637,0,1,695,0,2,645,-2,5
5,8,225,570,-3,2,440,2,3,489,-1,6,603,-3,4,617,1,2,638,0,1,695,0,2,640,-2,5
1,8,233,572,-3,2,437,2,3,485,-1,6,685,-3,7,614,1,2,638,0,1,695,0,2,635,-2,5
1,8,241,574,-3,2,433,2,3,480,-1,6,681,-3,7,612,1,2,638,0,1,696,0,2,630,-2,5
1,8,249,576,-3,2,430,2,3,677,-3,7,609,1,2,639,0,1,697,0,2,625,-2,5,687,1,5
5,8,257,578,-3,2,427,2,3,674,-3,7,607,1,2,640,0,1,697,0,2,621,-2,5,681,1,5
1,8,265,580,-3,2,424,2,3,671,-3,7,605,1,2,640,0,1,698,0,2,616,-2,5,675,1,5
1,8,273,583,-3,2,421,2,3,668,-3,7,602,1,2,641,0,1,699,0,2,612,-2,5,669,1,5
1,8,281,586,-3,2,418,2,3,665,-3,7,600,1,2,642,0,1,700,0,2,608,-2,5,663,1,5
5,8,289,589,-3,2,415,2,3,663,-3,7,598,1,2,643,0,1,701,0,2,604,-2,5,658,1,5
1,8,297,592,-3,2,413,2,3,661,-3,7,596,1,2,644,0,1,703,0,2,600,-2,5,652,1,5
1,8,305,595,-3,2,410,2,3,659,-3,7,594,1,2,646,0,1,704,0,2,596,-2,5,646,1,5
1,8,313,599,-3,2,408,2,3,657,-3,7,592,1,2,647,0,1,705,0,2,593,-2,5,640,1,5
5,8,321,602,-3,2,405,2,3,656,-3,7,590,1,2,649,0,1,707,0,2,590,-2,5,635,1,5
1,8,329,403,2,3,655,-3,7,589,1,2,650,0,1,708,0,2,587,-2,5,629,1,5,682,0,2
1,8,337,401,2,3,654,-3,7,587,1,2,710,0,2,584,-2,5,624,1,5,679,0,2,678,-3,7
1,8,345,399,2,3,654,-3,7,586,1,2,712,0,2,581,-2,5,619,1,5,677,0,2,669,-3,7
1,8,353,397,2,3,653,-3,7,584,1,2,714,0,2,579,-2,5,613,1,5,674,0,2,661,-3,7
5,8,361,395,2,3,653,-3,7,583,1,2,716,0,2,577,-2,5,608,1,5,672,0,2,653,-3,7
1,8,369,393,2,3,653,-3,7,582,1,2,718,0,2,575,-2,5,603,1,5,670,0,2,645,-3,7
1,8,377,392,2,3,654,-3,7,581,1,2,720,0,2,573,-2,5,598,1,5,668,0,2,637,-3,7
1,8,385,390,2,3,655,-3,7,580,1,2,722,0,2,571,-2,5,593,1,5,666,0,2,630,-3,7
5,8,393,389,2,3,656,-3,7,579,1,2,725,0,2,570,-2,5,588,1,5,664,0,2,622,-3,7
1,8,401,387,2,3,657,-3,7,578,1,2,727,0,2,569,-2,5,583,1,5,662,0,2,615,-3,7
1,8,409,386,2,3,658,-3,7,577,1,2,729,0,2,568,-2,5,579,1,5,661,0,2,608,-3,7
1,8,417,385,2,3,660,-3,7,576,1,2,732,0,2,567,-2,5,574,1,5,659,0,2,601,-3,7
5,8,425,384,2,3,662,-3,7,576,1,2,735,0,2,566,-2,5,570,1,5,658,0,2,595,-3,7
1,8,433,383,2,3,664,-3,7,575,1,2,737,0,2,566,-2,5,565,1,5,656,0,2,588,-3,7
0,8,441,382,2,3,667,-3,7,575,1,2,566,-2,5,561,1,5,655,0,2,582,-3,7,692,0,1
0,-8,433,376,2,3,688,-3,4,571,1,2,559,-2,5,555,1,5,652,0,2,575,-3,7,688,0,1
4,-8,425,370,2,3,682,-3,4,567,1,2,552,-2,5,549,1,5,650,0,2,567,-3,7,684,0,1
0,-8,417,364,2,3,677,-3,4,563,1,2,545,-2,5,544,1,5,647,0,2,560,-3,7,680,0,1
0,-8,409,359,2,3,672,-3,4,560,1,2,538,1,5,645,0,2,553,-3,7,677,0,1,683,0,2
0,-8,401,667,-3,4,556,1,2,533,1,5,642,0,2,545,-3,7,673,0,1,680,0,2,758,-3,6
0,-8,393,661,-3,4,553,1,2,528,1,5,640,0,2,538,-3,7,669,0,1,676,0,2,750,-3,6
4,-8,385,656,-3,4,550,1,2,523,1,5,638,0,2,531,-3,7,666,0,1,673,0,2,743,-3,6
0,-8,377,651,-3,4,547,1,2,518,1,5,636,0,2,524,-3,7,663,0,1,669,0,2,735,-3,6
0,-8,369,646,-3,4,544,1,2,514,1,5,634,0,2,517,-3,7,659,0,1,666,0,2,727,-3,6
0,-8,361,641,-3,4,541,1,2,509,1,5,632,0,2,510,-3,7,656,0,1,663,0,2,720,-3,6
0,-8,353,636,-3,4,539,1,2,505,1,5,630,0,2,503,-3,7,653,0,1,660,0,2,712,-3,6
4,-8,345,631,-3,4,536,1,2,501,1,5,629,0,2,496,-3,7,650,0,1,657,0,2,704,-3,6
0,-8,337,626,-3,4,534,1,2,497,1,5,627,0,2,489,-3,7,647,0,1,654,0,2,696,-3,6
0,-8,329,621,-3,4,532,1,2,493,1,5,626,0,2,483,-3,7,644,0,1,651,0,2,689,-3,6
0,-8,321,616,-3,4,530,1,2,489,1,5,624,0,2,476,-3,7,641,0,1,648,0,2,681,-3,6
4,-8,313,611,-3,4,528,1,2,486,1,5,623,0,2,469,-3,7,638,0,1,645,0,2,673,-3,6
0,-8,305,606,-3,4,527,1,2,483,1,5,622,0,2,463,-3,7,636,0,1,643,0,2,666,-3,6
0,-8,297,525,1,2,480,1,5,621,0,2,456,-3,7,633,0,1,640,0,2,658,-3,6,741,-2,2
0,-8,289,524,1,2,477,1,5,620,0,2,450,-3,7,631,0,1,638,0,2,705,-3,6,737,-2,2
4,-8,281,522,1,2,474,1,5,619,0,2,628,0,1,635,0,2,699,-3,6,733,-2,2,703,2,3
0,-8,273,521,1,2,472,1,5,619,0,2,626,0,1,633,0,2,692,-3,6,729,-2,2,696,2,3
0,-8,265,521,1,2,470,1,5,618,0,2,624,0,1,631,0,2,685,-3,6,725,-2,2,690,2,3
0,-8,257,520,1,2,468,1,5,618,0,2,622,0,1,629,0,2,678,-3,6,721,-2,2,684,2,3
0,-8,249,519,1,2,466,1,5,617,0,2,620,0,1,627,0,2,671,-3,6,717,-2,2,678,2,3
4,-8,241,519,1,2,465,1,5,617,0,2,618,0,1,625,0,2,664,-3,6,714,-2,2,673,2,3
0,-8,233,519,1,2,464,1,5,617,0,2,616,0,1,624,0,2,658,-3,6,710,-2,2,667,2,3
0,-8,225,519,1,2,617,0,2,615,0,1,622,0,2,651,-3,6,706,-2,2,661,2,3,665,0,1
0,-8,217,519,1,2,617,0,2,613,0,1,620,0,2,644,-3,6,702,-2,2,656,2,3,665,0,1
4,-8,209,519,1,2,617,0,2,612,0,1,637,-3,6,698,-2,2,651,2,3,665,0,1,668,0,3
0,-8,201,617,0,2,610,0,1,631,-3,6,695,-2,2,646,2,3,665,0,1,667,0,3,643,0,1
0,-8,193,618,0,2,609,0,1,624,-3,6,691,-2,2,641,2,3,666,0,1,667,0,3,641,0,1
0,-8,185,618,0,2,608,0,1,617,-3,6,687,-2,2,636,2,3,666,0,1,666,0,3,639,0,1
0,-8,177,619,0,2,607,0,1,611,-3,6,684,-2,2,631,2,3,667,0,1,666,0,3,637,0,1
4,-8,169,620,0,2,606,0,1,604,-3,6,680,-2,2,626,2,3,667,0,1,665,0,3,636,0,1
0,-8,161,620,0,2,605,0,1,598,-3,6,677,-2,2,622,2,3,668,0,1,665,0,3,634,0,1
0,-8,153,621,0,2,605,0,1,591,-3,6,673,-2,2,617,2,3,669,0,1,665,0,3,633,0,1
0,-8,145,622,0,2,604,0,1,585,-3,6,670,-2,2,613,2,3,670,0,1,665,0,3,631,0,1
4,-8,137,624,0,2,603,0,1,578,-3,6,666,-2,2,609,2,3,671,0,1,665,0,3,630,0,1
0,-8,129,625,0,2,603,0,1,572,-3,6,663,-2,2,605,2,3,672,0,1,665,0,3,629,0,1
0,-8,121,626,0,2,603,0,1,566,-3,6,671,-2,4,601,2,3,673,0,1,665,0,3,628,0,1
0,-8,113,628,0,2,603,0,1,559,-3,6,668,-2,4,598,2,3,675,0,1,666,0,3,627,0,1
4,-8,105,629,0,2,602,0,1,553,-3,6,665,-2,4,594,2,3,676,0,1,666,0,3,626,0,1
0,-8,97,631,0,2,602,0,1,547,-3,6,663,-2,4,591,2,3,677,0,1,667,0,3,625,0,1
0,-8,89,633,0,2,603,0,1,540,-3,6,660,-2,4,588,2,3,679,0,1,668,0,3,625,0,1
0,-8,81,635,0,2,603,0,1,534,-3,6,658,-2,4,585,2,3,681,0,1,669,0,3,624,0,1
0,-8,73,637,0,2,603,0,1,528,-3,6,655,-2,4,582,2,3,682,0,1,670,0,3,624,0,1
4,-8,65,639,0,2,604,0,1,522,-3,6,653,-2,4,580,2,3,684,0,1,671,0,3,624,0,1
0,-8,57,641,0,2,604,0,1,516,-3,6,651,-2,4,577,2,3,686,0,1,672,0,3,623,0,1
0,-8,49,605,0,1,510,-3,6,648,-2,4,575,2,3,688,0,1,673,0,3,623,0,1,675,-1,1
0,8,57,602,0,1,504,-3,6,642,-2,4,572,2,3,684,0,1,666,0,3,621,0,1,671,-1,1
1,8,65,600,0,1,498,-3,6,635,-2,4,568,2,3,680,0,1,660,0,3,620,0,1,668,-1,1
5,8,73,597,0,1,493,-3,6,629,-2,4,565,2,3,677,0,1,654,0,3,618,0,1,664,-1,1
1,8,81,595,0,1,488,-3,6,623,-2,4,562,2,3,673,0,1,647,0,3,616,0,1,660,-1,1
1,8,89,593,0,1,483,-3,6,617,-2,4,558,2,3,669,0,1,641,0,3,615,0,1,657,-1,1
1,8,97,591,0,1,478,-3,6,611,-2,4,555,2,3,666,0,1,635,0,3,613,0,1,653,-1,1
5,8,105,589,0,1,474,-3,6,605,-2,4,552,2,3,663,0,1,628,0,3,612,0,1,650,-1,1
1,8,113,587,0,1,470,-3,6,599,-2,4,549,2,3,659,0,1,622,0,3,611,0,1,647,-1,1
1,8,121,585,0,1,466,-3,6,593,-2,4,546,2,3,656,0,1,616,0,3,610,0,1,643,-1,1
1,8,129,583,0,1,463,-3,6,588,-2,4,543,2,3,653,0,1,610,0,3,609,0,1,640,-1,1
1,8,137,581,0,1,459,-3,6,583,-2,4,540,2,3,650,0,1,604,0,3,608,0,1,638,-1,1
5,8,145,580,0,1,457,-3,6,577,-2,4,537,2,3,598,0,3,607,0,1,635,-1,1,692,1,6
1,8,153,579,0,1,454,-3,6,572,-2,4,535,2,3,592,0,3,607,0,1,632,-1,1,684,1,6
1,8,161,577,0,1,452,-3,6,568,-2,4,532,2,3,586,0,3,606,0,1,630,-1,1,675,1,6
1,8,169,576,0,1,450,-3,6,563,-2,4,530,2,3,581,0,3,606,0,1,627,-1,1,667,1,6
5,8,177,575,0,1,449,-3,6,558,-2,4,527,2,3,575,0,3,606,0,1,625,-1,1,659,1,6
1,8,185,574,0,1,448,-3,6,554,-2,4,525,2,3,569,0,3,605,0,1,623,-1,1,651,1,6
1,8,193,573,0,1,447,-3,6,550,-2,4,522,2,3,564,0,3,605,0,1,621,-1,1,644,1,6
1,8,201,572,0,1,446,-3,6,546,-2,4,520,2,3,558,0,3,605,0,1,636,1,6,648,0,3
1,8,209,572,0,1,446,-3,6,518,2,3,553,0,3,605,0,1,628,1,6,678,-3,3,637,-3,1
5,8,217,571,0,1,447,-3,6,516,2,3,548,0,3,606,0,1,620,1,6,677,-3,3,636,-3,1
1,8,225,571,0,1,447,-3,6,543,0,3,606,0,1,612,1,6,676,-3,3,635,-3,1,667,-3,1
1,8,233,571,0,1,448,-3,6,537,0,3,606,0,1,604,1,6,676,-3,3,634,-3,1,667,-3,1
1,8,241,570,0,1,450,-3,6,532,0,3,607,0,1,597,1,6,676,-3,3,634,-3,1,667,-3,1
5,8,249,570,0,1,451,-3,6,528,0,3,608,0,1,589,1,6,676,-3,3,666,-3,1,660,2,3
1,8,257,570,0,1,675,-3,6,523,0,3,608,0,1,581,1,6,676,-3,3,666,-3,1,657,2,3
1,8,265,571,0,1,673,-3,6,518,0,3,609,0,1,574,1,6,676,-3,3,667,-3,1,653,2,3
1,8,273,571,0,1,671,-3,6,513,0,3,610,0,1,566,1,6,677,-3,3,667,-3,1,649,2,3
5,8,281,571,0,1,669,-3,6,509,0,3,611,0,1,559,1,6,677,-3,3,668,-3,1,646,2,3
1,8,289,572,0,1,667,-3,6,504,0,3,612,0,1,551,1,6,678,-3,3,668,-3,1,642,2,3
1,8,297,573,0,1,666,-3,6,500,0,3,614,0,1,544,1,6,679,-3,3,669,-3,1,638,2,3
1,8,305,573,0,1,665,-3,6,496,0,3,615,0,1,537,1,6,681,-3,3,671,-3,1,635,2,3
1,8,313,574,0,1,664,-3,6,492,0,3,617,0,1,530,1,6,682,-3,3,672,-3,1,632,2,3
5,8,321,575,0,1,663,-3,6,488,0,3,522,1,6,684,-3,3,673,-3,1,628,2,3,684,0,3
1,8,329,576,0,1,662,-3,6,484,0,3,515,1,6,686,-3,3,675,-3,1,625,2,3,681,0,3
1,8,337,577,0,1,662,-3,6,480,0,3,508,1,6,688,-3,3,677,-3,1,622,2,3,677,0,3
1,8,345,579,0,1,662,-3,6,476,0,3,501,1,6,690,-3,3,679,-3,1,618,2,3,674,0,3
1,8,353,580,0,1,662,-3,6,473,0,3,494,1,6,692,-3,3,681,-3,1,615,2,3,671,0,3
5,8,361,582,0,1,663,-3,6,469,0,3,487,1,6,695,-3,3,683,-3,1,612,2,3,668,0,3
1,8,369,583,0,1,663,-3,6,466,0,3,481,1,6,698,-3,3,686,-3,1,609,2,3,665,0,3
1,8,377,585,0,1,664,-3,6,463,0,3,474,1,6,701,-3,3,689,-3,1,606,2,3,662,0,3
1,8,385,587,0,1,665,-3,6,460,0,3,467,1,6,704,-3,3,691,-3,1,603,2,3,660,0,3
5,8,393,589,0,1,667,-3,6,457,0,3,461,1,6,707,-3,3,695,-3,1,600,2,3,657,0,3
1,8,401,591,0,1,668,-3,6,454,0,3,455,1,6,711,-3,3,698,-3,1,597,2,3,654,0,3
1,8,409,593,0,1,670,-3,6,452,0,3,448,1,6,714,-3,3,701,-3,1,595,2,3,652,0,3
1,8,417,595,0,1,672,-3,6,450,0,3,442,1,6,718,-3,3,705,-3,1,592,2,3,650,0,3
0,8,425,597,0,1,675,-3,6,447,0,3,436,1,6,722,-3,3,708,-3,1,589,2,3,647,0,3
4,-8,417,593,0,1,667,-3,6,444,0,3,430,1,6,717,-3,3,705,-3,1,586,2,3,644,0,3
0,-8,409,589,0,1,659,-3,6,440,0,3,424,1,6,711,-3,3,702,-3,1,582,2,3,640,0,3
0,-8,401,585,0,1,651,-3,6,437,0,3,419,1,6,706,-3,3,699,-3,1,579,2,3,636,0,3
0,-8,393,581,0,1,643,-3,6,433,0,3,414,1,6,701,-3,3,696,-3,1,576,2,3,633,0,3
0,-8,385,577,0,1,636,-3,6,430,0,3,409,1,6,695,-3,3,693,-3,1,573,2,3,630,0,3
4,-8,377,574,0,1,628,-3,6,427,0,3,404,1,6,690,-3,3,691,-3,1,570,2,3,626,0,3
0,-8,369,570,0,1,695,-3,3,424,0,3,399,1,6,685,-3,3,688,-3,1,568,2,3,623,0,3
0,-8,361,566,0,1,691,-3,3,421,0,3,395,1,6,679,-3,3,685,-3,1,565,2,3,620,0,3
0,-8,353,563,0,1,688,-3,3,419,0,3,391,1,6,674,-3,3,563,2,3,617,0,3,670,-3,6
4,-8,345,560,0,1,684,-3,3,416,0,3,387,1,6,561,2,3,614,0,3,664,-3,6,740,-2,3
0,-8,337,556,0,1,681,-3,3,414,0,3,384,1,6,559,2,3,611,0,3,658,-3,6,735,-2,3
0,-8,329,553,0,1,677,-3,3,412,0,3,380,1,6,558,2,3,609,0,3,652,-3,6,730,-2,3
0,-8,321,674,-3,3,410,0,3,377,1,6,556,2,3,606,0,3,647,-3,6,725,-2,3,655,1,3
4,-8,313,671,-3,3,409,0,3,375,1,6,555,2,3,604,0,3,641,-3,6,720,-2,3,653,1,3
0,-8,305,667,-3,3,407,0,3,372,1,6,554,2,3,601,0,3,635,-3,6,715,-2,3,650,1,3
0,-8,297,664,-3,3,406,0,3,370,1,6,553,2,3,599,0,3,630,-3,6,711,-2,3,648,1,3
0,-8,289,661,-3,3,404,0,3,368,1,6,553,2,3,597,0,3,624,-3,6,706,-2,3,646,1,3
0,-8,281,658,-3,3,403,0,3,367,1,6,552,2,3,595,0,3,618,-3,6,701,-2,3,643,1,3
0,-8,273,654,-3,3,402,0,3,366,1,6,552,2,3,593,0,3,613,-3,6,696,-2,3,642,1,3
4,-8,265,651,-3,3,402,0,3,365,1,6,552,2,3,591,0,3,607,-3,6,691,-2,3,640,1,3
0,-8,257,648,-3,3,364,1,6,552,2,3,590,0,3,602,-3,6,687,-2,3,638,1,3,674,-1,6
0,-8,249,645,-3,3,364,1,6,552,2,3,588,0,3,597,-3,6,682,-2,3,636,1,3,668,-1,6
0,-8,241,642,-3,3,364,1,6,553,2,3,587,0,3,591,-3,6,677,-2,3,635,1,3,662,-1,6
0,-8,233,639,-3,3,364,1,6,553,2,3,585,0,3,586,-3,6,673,-2,3,634,1,3,656,-1,6
4,-8,225,636,-3,3,365,1,6,554,2,3,584,0,3,581,-3,6,668,-2,3,633,1,3,650,-1,6
0,-8,217,633,-3,3,366,1,6,555,2,3,583,0,3,576,-3,6,663,-2,3,631,1,3,645,-1,6
0,-8,209,368,1,6,557,2,3,582,0,3,571,-3,6,659,-2,3,631,1,3,639,-1,6,677,1,2
0,-8,201,369,1,6,558,2,3,582,0,3,566,-3,6,654,-2,3,630,1,3,633,-1,6,677,1,2
4,-8,193,371,1,6,560,2,3,581,0,3,650,-2,3,629,1,3,628,-1,6,677,1,2,708,0,5
0,-8,185,374,1,6,562,2,3,580,0,3,645,-2,3,629,1,3,677,1,2,706,0,5,689,1,2
0,-8,177,670,1,2,564,2,3,580,0,3,641,-2,3,629,1,3,677,1,2,704,0,5,689,1,2
0,-8,169,668,1,2,566,2,3,580,0,3,637,-2,3,628,1,3,677,1,2,703,0,5,688,1,2
0,-8,161,667,1,2,569,2,3,632,-2,3,628,1,3,678,1,2,701,0,5,688,1,2,698,-3,2
0,-8,153,666,1,2,571,2,3,628,-2,3,628,1,3,678,1,2,700,0,5,688,1,2,697,-3,2
4,-8,145,665,1,2,574,2,3,624,-2,3,629,1,3,679,1,2,699,0,5,688,1,2,696,-3,2
0,-8,137,664,1,2,577,2,3,620,-2,3,629,1,3,680,1,2,697,0,5,688,1,2,695,-3,2
0,-8,129,664,1,2,689,2,4,616,-2,3,630,1,3,681,1,2,696,0,5,688,1,2,694,-3,2
0,-8,121,663,1,2,686,2,4,612,-2,3,630,1,3,682,1,2,695,0,5,689,1,2,694,-3,2
4,-8,113,663,1,2,682,2,4,607,-2,3,631,1,3,683,1,2,695,0,5,689,1,2,693,-3,2
0,-8,105,662,1,2,679,2,4,604,-2,3,632,1,3,684,1,2,694,0,5,690,1,2,692,-3,2
0,-8,97,662,1,2,677,2,4,600,-2,3,633,1,3,685,1,2,694,0,5,690,1,2,692,-3,2
0,-8,89,662,1,2,674,2,4,596,-2,3,635,1,3,687,1,2,693,0,5,691,1,2,691,-3,2
0,-8,81,662,1,2,671,2,4,592,-2,3,636,1,3,688,1,2,693,0,5,692,1,2,691,-3,2
2,0,81,661,1,2,668,2,4,589,-2,3,634,1,3,687,1,2,689,0,5,691,1,2,688,-3,2
3,0,81,659,1,2,664,2,4,586,-2,3,632,1,3,685,1,2,684,0,5,689,1,2,685,-3,2
3,0,81,657,1,2,660,2,4,584,-2,3,629,1,3,684,1,2,680,0,5,688,1,2,682,-3,2
2,0,81,656,1,2,657,2,4,581,-2,3,683,1,2,676,0,5,686,1,2,680,-3,2,661,0,5
2,0,81,654,1,2,653,2,4,579,-2,3,681,1,2,672,0,5,684,1,2,677,-3,2,656,0,5
3,0,81,652,1,2,649,2,4,576,-2,3,680,1,2,667,0,5,683,1,2,674,-3,2,651,0,5
3,0,81,650,1,2,646,2,4,573,-2,3,678,1,2,663,0,5,681,1,2,671,-3,2,646,0,5
3,0,81,649,1,2,642,2,4,571,-2,3,677,1,2,659,0,5,680,1,2,669,-3,2,641,0,5
3,0,81,647,1,2,639,2,4,568,-2,3,675,1,2,655,0,5,678,1,2,666,-3,2,636,0,5
3,0,81,645,1,2,635,2,4,565,-2,3,674,1,2,650,0,5,677,1,2,663,-3,2,631,0,5
3,0,81,644,1,2,632,2,4,563,-2,3,673,1,2,646,0,5,675,1,2,661,-3,2,626,0,5
3,0,81,642,1,2,628,2,4,722,-2,5,671,1,2,642,0,5,674,1,2,658,-3,2,621,0,5
3,0,81,640,1,2,624,2,4,717,-2,5,670,1,2,638,0,5,672,1,2,655,-3,2,616,0,5
3,0,81,639,1,2,621,2,4,711,-2,5,668,1,2,634,0,5,671,1,2,653,-3,2,611,0,5
3,0,81,637,1,2,617,2,4,706,-2,5,667,1,2,630,0,5,669,1,2,650,-3,2,606,0,5
3,0,81,635,1,2,614,2,4,701,-2,5,666,1,2,625,0,5,647,-3,2,601,0,5,672,-3,4
3,0,81,634,1,2,610,2,4,695,-2,5,664,1,2,621,0,5,645,-3,2,596,0,5,667,-3,4
3,0,81,632,1,2,607,2,4,690,-2,5,663,1,2,617,0,5,642,-3,2,591,0,5,663,-3,4
3,0,81,630,1,2,604,2,4,684,-2,5,662,1,2,613,0,5,640,-3,2,586,0,5,658,-3,4
3,0,81,629,1,2,600,2,4,679,-2,5,660,1,2,609,0,5,637,-3,2,581,0,5,654,-3,4
3,0,81,627,1,2,597,2,4,674,-2,5,659,1,2,605,0,5,634,-3,2,576,0,5,650,-3,4
3,0,81,626,1,2,593,2,4,668,-2,5,657,1,2,601,0,5,632,-3,2,571,0,5,645,-3,4
3,0,81,590,2,4,663,-2,5,656,1,2,597,0,5,629,-3,2,566,0,5,641,-3,4,686,-2,4
3,0,81,586,2,4,658,-2,5,655,1,2,593,0,5,627,-3,2,561,0,5,636,-3,4,682,-2,4
3,0,81,652,-2,5,653,1,2,589,0,5,624,-3,2,556,0,5,632,-3,4,678,-2,4,682,-2,3
3,0,81,647,-2,5,652,1,2,585,0,5,622,-3,2,551,0,5,628,-3,4,675,-2,4,679,-2,3
3,0,81,641,-2,5,651,1,2,581,0,5,619,-3,2,623,-3,4,671,-2,4,676,-2,3,737,-1,7
3,0,81,636,-2,5,649,1,2,577,0,5,617,-3,2,619,-3,4,667,-2,4,673,-2,3,730,-1,7
3,0,81,631,-2,5,648,1,2,573,0,5,614,-3,2,615,-3,4,663,-2,4,670,-2,3,723,-1,7
3,0,81,625,-2,5,647,1,2,569,0,5,612,-3,2,610,-3,4,660,-2,4,667,-2,3,716,-1,7
3,0,81,620,-2,5,645,1,2,565,0,5,609,-3,2,606,-3,4,656,-2,4,664,-2,3,710,-1,7
3,0,81,615,-2,5,644,1,2,561,0,5,607,-3,2,602,-3,4,652,-2,4,662,-2,3,703,-1,7
3,0,81,609,-2,5,643,1,2,558,0,5,604,-3,2,597,-3,4,648,-2,4,659,-2,3,696,-1,7
3,0,81,604,-2,5,642,1,2,554,0,5,602,-3,2,593,-3,4,644,-2,4,656,-2,3,690,-1,7
3,0,81,598,-2,5,640,1,2,550,0,5,599,-3,2,589,-3,4,641,-2,4,653,-2,3,683,-1,7
3,0,81,593,-2,5,639,1,2,546,0,5,597,-3,2,637,-2,4,650,-2,3,676,-1,7,674,0,2
